asset_id,date,open,high,low,close,volume
hti,2021-09-10,6.579999923706055,6.690000057220459,6.574999809265137,6.679999828338623,20105372
hti,2021-09-13,6.675000190734863,6.675000190734863,6.445000171661377,6.545000076293945,30291716
hti,2021-09-14,6.550000190734863,6.570000171661377,6.389999866485596,6.454999923706055,19702663
hti,2021-09-15,6.400000095367432,6.400000095367432,6.224999904632568,6.255000114440918,25678540
hti,2021-09-16,6.260000228881836,6.289999961853027,6.105000019073486,6.190000057220459,32628533
hti,2021-09-17,6.164999961853027,6.409999847412109,6.15500020980835,6.389999866485596,35718738
hti,2021-09-20,6.369999885559082,6.369999885559082,6.099999904632568,6.230000019073486,37912867
hti,2021-09-21,6.079999923706055,6.21999979019165,6.079999923706055,6.190000057220459,27100295
hti,2021-09-23,6.28000020980835,6.385000228881836,6.190000057220459,6.25,23033338
hti,2021-09-24,6.244999885559082,6.264999866485596,6.059999942779541,6.105000019073486,23838618
hti,2021-09-27,6.105000019073486,6.179999828338623,6.025000095367432,6.039999961853027,25018394
hti,2021-09-28,6.039999961853027,6.215000152587891,6.039999961853027,6.15500020980835,26800939
hti,2021-09-29,6.070000171661377,6.110000133514404,5.965000152587891,6.110000133514404,31081174
hti,2021-09-30,6.0,6.085000038146973,5.96999979019165,6.03000020980835,21561858
hti,2021-10-04,6.019999980926514,6.019999980926514,5.880000114440918,5.90500020980835,16173493
hti,2021-10-05,5.829999923706055,5.920000076293945,5.775000095367432,5.914999961853027,19443997
hti,2021-10-06,5.960000038146973,5.960000038146973,5.804999828338623,5.824999809265137,23541203
hti,2021-10-07,5.900000095367432,6.135000228881836,5.900000095367432,6.125,40096857
hti,2021-10-08,6.230000019073486,6.235000133514404,6.070000171661377,6.139999866485596,35989012
hti,2021-10-11,6.159999847412109,6.380000114440918,6.159999847412109,6.340000152587891,49388975
hti,2021-10-12,6.25,6.255000114440918,6.130000114440918,6.139999866485596,34516104
hti,2021-10-15,6.199999809265137,6.25,6.159999847412109,6.25,24518406
hti,2021-10-18,6.264999866485596,6.264999866485596,6.150000095367432,6.255000114440918,18840973
hti,2021-10-19,6.264999866485596,6.460000038146973,6.264999866485596,6.440000057220459,52505730
hti,2021-10-20,6.534999847412109,6.675000190734863,6.534999847412109,6.625,48279521
hti,2021-10-21,6.644999980926514,6.65500020980835,6.494999885559082,6.574999809265137,33291729
hti,2021-10-22,6.605000019073486,6.724999904632568,6.605000019073486,6.690000057220459,23994195
hti,2021-10-25,6.670000076293945,6.670000076293945,6.670000076293945,6.670000076293945,15774507
hti,2021-10-26,6.670000076293945,6.710000038146973,6.550000190734863,6.579999923706055,28499509
hti,2021-10-27,6.5,6.5,6.335000038146973,6.380000114440918,33072997
hti,2021-10-28,6.389999866485596,6.474999904632568,6.34499979019165,6.375,16755961
hti,2021-10-29,6.375,6.380000114440918,6.304999828338623,6.324999809265137,30750643
hti,2021-11-01,6.295000076293945,6.295000076293945,6.184999942779541,6.210000038146973,33867418
hti,2021-11-02,6.335000038146973,6.465000152587891,6.230000019073486,6.244999885559082,23203717
hti,2021-11-03,6.244999885559082,6.28000020980835,6.135000228881836,6.199999809265137,14960588
hti,2021-11-04,6.235000133514404,6.320000171661377,6.235000133514404,6.300000190734863,16933092
hti,2021-11-05,6.21999979019165,6.295000076293945,6.184999942779541,6.204999923706055,27270634
hti,2021-11-08,6.170000076293945,6.175000190734863,6.110000133514404,6.139999866485596,34191918
hti,2021-11-09,6.190000057220459,6.199999809265137,6.090000152587891,6.15500020980835,8468810
hti,2021-11-10,6.135000228881836,6.28000020980835,6.090000152587891,6.28000020980835,30295386
hti,2021-11-11,6.21999979019165,6.440000057220459,6.210000038146973,6.40500020980835,21647553
hti,2021-11-12,6.510000228881836,6.539999961853027,6.434999942779541,6.489999771118164,17558512
hti,2021-11-15,6.514999866485596,6.574999809265137,6.5,6.510000228881836,15780818
hti,2021-11-16,6.539999961853027,6.650000095367432,6.525000095367432,6.614999771118164,19202185
hti,2021-11-17,6.610000133514404,6.610000133514404,6.525000095367432,6.590000152587891,16986200
hti,2021-11-18,6.449999809265137,6.474999904632568,6.380000114440918,6.385000228881836,24854200
hti,2021-11-19,6.28000020980835,6.375,6.264999866485596,6.364999771118164,32508788
hti,2021-11-22,6.364999771118164,6.389999866485596,6.315000057220459,6.335000038146973,21064509
hti,2021-11-23,6.244999885559082,6.275000095367432,6.215000152587891,6.239999771118164,17020140
hti,2021-11-24,6.230000019073486,6.295000076293945,6.210000038146973,6.264999866485596,13694716
hti,2021-11-25,6.260000228881836,6.304999828338623,6.204999923706055,6.289999961853027,23595291
hti,2021-11-26,6.25,6.25,6.085000038146973,6.085000038146973,30278603
hti,2021-11-29,6.079999923706055,6.164999961853027,6.010000228881836,6.025000095367432,71522800
hti,2021-11-30,6.025000095367432,6.054999828338623,5.860000133514404,5.974999904632568,56348058
hti,2021-12-01,5.96999979019165,6.050000190734863,5.949999809265137,5.994999885559082,37090913
hti,2021-12-02,5.940000057220459,5.985000133514404,5.900000095367432,5.940000057220459,25604010
hti,2021-12-03,5.934999942779541,5.934999942779541,5.800000190734863,5.849999904632568,37050672
hti,2021-12-06,5.704999923706055,5.769999980926514,5.644999980926514,5.679999828338623,63932459
hti,2021-12-07,5.769999980926514,5.909999847412109,5.730000019073486,5.909999847412109,60356080
hti,2021-12-08,5.925000190734863,5.954999923706055,5.889999866485596,5.894999980926514,21822055
hti,2021-12-09,5.954999923706055,6.054999828338623,5.954999923706055,6.019999980926514,20191694
hti,2021-12-10,5.989999771118164,6.050000190734863,5.940000057220459,5.960000038146973,17798548
hti,2021-12-13,6.0,6.09499979019165,5.954999923706055,6.0,14401907
hti,2021-12-14,5.949999809265137,5.949999809265137,5.795000076293945,5.804999828338623,41309430
hti,2021-12-15,5.804999828338623,5.84499979019165,5.690000057220459,5.71999979019165,26810527
hti,2021-12-16,5.71999979019165,5.775000095367432,5.625,5.760000228881836,45414241
hti,2021-12-17,5.75,5.75,5.605000019073486,5.614999771118164,62605236
hti,2021-12-20,5.610000133514404,5.625,5.409999847412109,5.429999828338623,42385749
hti,2021-12-21,5.420000076293945,5.590000152587891,5.400000095367432,5.550000190734863,42268162
hti,2021-12-22,5.650000095367432,5.679999828338623,5.570000171661377,5.610000133514404,36944659
hti,2021-12-23,5.614999771118164,5.644999980926514,5.525000095367432,5.570000171661377,29015230
hti,2021-12-24,5.599999904632568,5.630000114440918,5.554999828338623,5.554999828338623,8967312
hti,2021-12-28,5.574999809265137,5.599999904632568,5.46999979019165,5.489999771118164,35632109
hti,2021-12-29,5.485000133514404,5.485000133514404,5.400000095367432,5.400000095367432,22099870
hti,2021-12-30,5.400000095367432,5.46999979019165,5.360000133514404,5.414999961853027,39475437
hti,2021-12-31,5.635000228881836,5.650000095367432,5.59499979019165,5.610000133514404,33024380
hti,2022-01-03,5.614999771118164,5.679999828338623,5.545000076293945,5.574999809265137,19805202
hti,2022-01-04,5.579999923706055,5.619999885559082,5.489999771118164,5.514999866485596,28554806
hti,2022-01-05,5.46999979019165,5.46999979019165,5.244999885559082,5.255000114440918,89933676
hti,2022-01-06,5.300000190734863,5.335000038146973,5.175000190734863,5.335000038146973,103368254
hti,2022-01-07,5.400000095367432,5.445000171661377,5.335000038146973,5.429999828338623,67661360
hti,2022-01-10,5.434999942779541,5.570000171661377,5.394999980926514,5.554999828338623,63652020
hti,2022-01-11,5.554999828338623,5.59499979019165,5.489999771118164,5.545000076293945,34976026
hti,2022-01-12,5.679999828338623,5.829999923706055,5.679999828338623,5.820000171661377,61945792
hti,2022-01-13,5.829999923706055,5.860000133514404,5.684999942779541,5.715000152587891,48179442
hti,2022-01-14,5.559999942779541,5.695000171661377,5.539999961853027,5.690000057220459,44761167
hti,2022-01-17,5.664999961853027,5.710000038146973,5.610000133514404,5.65500020980835,26710439
hti,2022-01-18,5.670000076293945,5.769999980926514,5.610000133514404,5.619999885559082,33628112
hti,2022-01-19,5.639999866485596,5.679999828338623,5.545000076293945,5.565000057220459,40192027
hti,2022-01-20,5.570000171661377,5.829999923706055,5.570000171661377,5.820000171661377,70747800
hti,2022-01-21,5.789999961853027,5.840000152587891,5.724999904632568,5.784999847412109,66669807
hti,2022-01-24,5.699999809265137,5.699999809265137,5.619999885559082,5.630000114440918,54175080
hti,2022-01-25,5.53000020980835,5.574999809265137,5.425000190734863,5.474999904632568,56095615
hti,2022-01-26,5.5,5.59499979019165,5.460000038146973,5.53000020980835,34991190
hti,2022-01-27,5.480000019073486,5.480000019073486,5.264999866485596,5.315000057220459,79839584
hti,2022-01-28,5.315000057220459,5.315000057220459,5.170000076293945,5.230000019073486,77567042
hti,2022-01-31,5.355000019073486,5.355000019073486,5.355000019073486,5.355000019073486,0
hti,2022-02-04,5.400000095367432,5.519999980926514,5.394999980926514,5.510000228881836,70461334
hti,2022-02-07,5.510000228881836,5.510000228881836,5.375,5.449999809265137,49006130
hti,2022-02-08,5.449999809265137,5.449999809265137,5.315000057220459,5.360000133514404,55123376
hti,2022-02-09,5.429999828338623,5.579999923706055,5.429999828338623,5.565000057220459,82753061
hti,2022-02-10,5.644999980926514,5.65500020980835,5.514999866485596,5.585000038146973,64935909
hti,2022-02-11,5.53000020980835,5.585000038146973,5.46999979019165,5.525000095367432,63513397
hti,2022-02-14,5.434999942779541,5.465000152587891,5.385000228881836,5.429999828338623,45443403
hti,2022-02-15,5.425000190734863,5.474999904632568,5.389999866485596,5.429999828338623,34633405
hti,2022-02-16,5.525000095367432,5.565000057220459,5.5,5.565000057220459,47746317
hti,2022-02-17,5.539999961853027,5.59499979019165,5.5,5.579999923706055,48087351
hti,2022-02-18,5.550000190734863,5.590000152587891,5.385000228881836,5.40500020980835,55595074
hti,2022-02-21,5.380000114440918,5.385000228881836,5.239999771118164,5.264999866485596,64389666
hti,2022-02-22,5.195000171661377,5.204999923706055,5.099999904632568,5.139999866485596,95767806
hti,2022-02-23,5.105000019073486,5.260000228881836,5.105000019073486,5.224999904632568,61944168
hti,2022-02-24,5.150000095367432,5.150000095367432,4.952000141143799,4.992000102996826,109129908
hti,2022-02-25,5.099999904632568,5.139999866485596,5.034999847412109,5.059999942779541,54318945
hti,2022-02-28,5.059999942779541,5.070000171661377,4.964000225067139,5.039999961853027,63549929
hti,2022-03-01,5.039999961853027,5.119999885559082,5.034999847412109,5.110000133514404,72798376
hti,2022-03-02,5.054999828338623,5.090000152587891,4.941999912261963,4.943999767303467,75740240
hti,2022-03-03,4.943999767303467,4.986000061035156,4.869999885559082,4.883999824523926,79012810
hti,2022-03-04,4.699999809265137,4.75,4.6539998054504395,4.6539998054504395,97383929
hti,2022-03-07,4.5,4.553999900817871,4.4019999504089355,4.438000202178955,128572037
hti,2022-03-08,4.443999767303467,4.515999794006348,4.296000003814697,4.308000087738037,150949130
hti,2022-03-09,4.3480000495910645,4.414000034332275,4.170000076293945,4.323999881744385,136302433
hti,2022-03-10,4.489999771118164,4.50600004196167,4.326000213623047,4.369999885559082,114775386
hti,2022-03-11,4.210000038146973,4.263999938964844,3.990000009536743,4.197999954223633,251862047
hti,2022-03-14,3.9800000190734863,4.0,3.694000005722046,3.7100000381469727,326161513
hti,2022-03-15,3.5,3.7960000038146973,3.4079999923706055,3.4079999923706055,416098618
hti,2022-03-16,3.5820000171661377,4.196000099182129,3.562000036239624,4.177999973297119,448235264
hti,2022-03-17,4.630000114440918,4.748000144958496,4.340000152587891,4.480000019073486,307020234
hti,2022-03-18,4.349999904632568,4.489999771118164,4.236000061035156,4.443999767303467,215608096
hti,2022-03-21,4.573999881744385,4.573999881744385,4.309999942779541,4.349999904632568,199270959
hti,2022-03-22,4.309999942779541,4.599999904632568,4.309999942779541,4.581999778747559,190432839
hti,2022-03-23,4.644000053405762,4.817999839782715,4.639999866485596,4.679999828338623,175193914
hti,2022-03-24,4.650000095367432,4.682000160217285,4.51200008392334,4.5320000648498535,188012253
hti,2022-03-25,4.478000164031982,4.565999984741211,4.27400016784668,4.328000068664551,188256990
hti,2022-03-28,4.328000068664551,4.492000102996826,4.23799991607666,4.432000160217285,171963254
hti,2022-03-29,4.4679999351501465,4.544000148773193,4.460000038146973,4.541999816894531,91700370
hti,2022-03-30,4.6020002365112305,4.6479997634887695,4.515999794006348,4.5980000495910645,104588656
hti,2022-03-31,4.553999900817871,4.570000171661377,4.449999809265137,4.480000019073486,65374636
hti,2022-04-01,4.388000011444092,4.5,4.320000171661377,4.5,130451596
hti,2022-04-04,4.570000171661377,4.730000019073486,4.546000003814697,4.730000019073486,112225030
hti,2022-04-06,4.599999904632568,4.599999904632568,4.501999855041504,4.51800012588501,124400280
hti,2022-04-07,4.498000144958496,4.585999965667725,4.4079999923706055,4.421999931335449,107484008
hti,2022-04-08,4.380000114440918,4.388000011444092,4.28000020980835,4.360000133514404,90963067
hti,2022-04-11,4.329999923706055,4.329999923706055,4.104000091552734,4.119999885559082,144159629
hti,2022-04-12,4.150000095367432,4.260000228881836,4.061999797821045,4.199999809265137,161105018
hti,2022-04-13,4.159999847412109,4.25600004196167,4.130000114440918,4.21999979019165,73649869
hti,2022-04-14,4.24399995803833,4.2820000648498535,4.2179999351501465,4.25600004196167,83794597
hti,2022-04-19,4.216000080108643,4.216000080108643,4.073999881744385,4.0960001945495605,72772329
hti,2022-04-20,4.0980000495910645,4.164000034332275,4.061999797821045,4.0920000076293945,57548676
hti,2022-04-21,4.0,4.0279998779296875,3.890000104904175,3.930000066757202,588348646
hti,2022-04-22,3.799999952316284,3.9719998836517334,3.7899999618530273,3.941999912261963,415633011
hti,2022-04-25,3.8499999046325684,3.874000072479248,3.7239999771118164,3.753999948501587,461774231
hti,2022-04-26,3.8399999141693115,3.9700000286102295,3.8340001106262207,3.8359999656677246,482560747
hti,2022-04-27,3.799999952316284,3.9539999961853027,3.799999952316284,3.930000066757202,550813806
hti,2022-04-28,3.990000009536743,4.019999980926514,3.9059998989105225,4.0,517948166
hti,2022-04-29,4.0,4.449999809265137,3.9739999771118164,4.406000137329102,949711924
hti,2022-05-03,4.331999778747559,4.427999973297119,4.205999851226807,4.3420000076293945,246512041
hti,2022-05-04,4.380000114440918,4.380000114440918,4.176000118255615,4.203999996185303,159520155
hti,2022-05-05,4.320000171661377,4.322000026702881,4.184000015258789,4.248000144958496,173436058
hti,2022-05-06,4.013999938964844,4.053999900817871,3.9600000381469727,3.9800000190734863,423117424
hti,2022-05-10,3.74399995803833,3.890000104904175,3.7019999027252197,3.8440001010894775,509040284
hti,2022-05-11,3.8399999141693115,4.081999778747559,3.809999942779541,3.946000099182129,412404383
hti,2022-05-12,3.8540000915527344,3.936000108718872,3.802000045776367,3.812000036239624,465389951
hti,2022-05-13,3.8380000591278076,3.990000009536743,3.8380000591278076,3.9839999675750732,282841589
hti,2022-05-16,4.0960001945495605,4.1020002365112305,3.944000005722046,3.9719998836517334,369246938
hti,2022-05-17,4.079999923706055,4.230000019073486,4.059999942779541,4.210000038146973,331428556
hti,2022-05-18,4.210000038146973,4.228000164031982,4.116000175476074,4.197999954223633,332118053
hti,2022-05-19,4.03000020980835,4.0920000076293945,3.992000102996826,4.033999919891357,343050080
hti,2022-05-20,4.176000118255615,4.251999855041504,4.1479997634887695,4.223999977111816,303985257
hti,2022-05-23,4.265999794006348,4.265999794006348,4.085999965667725,4.125999927520752,374106957
hti,2022-05-24,4.199999809265137,4.199999809265137,3.950000047683716,3.9739999771118164,416816250
hti,2022-05-25,3.950000047683716,4.041999816894531,3.944000005722046,3.996000051498413,367967106
hti,2022-05-26,4.0,4.010000228881836,3.9100000858306885,3.9760000705718994,257972526
hti,2022-05-27,4.1519999504089355,4.177999973297119,4.090000152587891,4.119999885559082,302190080
hti,2022-05-30,4.168000221252441,4.300000190734863,4.168000221252441,4.291999816894531,360598126
hti,2022-05-31,4.291999816894531,4.453999996185303,4.27400016784668,4.406000137329102,430726811
hti,2022-06-01,4.4039998054504395,4.434000015258789,4.315999984741211,4.388000011444092,292105274
hti,2022-06-02,4.300000190734863,4.368000030517578,4.27400016784668,4.3379998207092285,243776612
hti,2022-06-06,4.368000030517578,4.565999984741211,4.366000175476074,4.538000106811523,339448092
hti,2022-06-07,4.53000020980835,4.618000030517578,4.473999977111816,4.547999858856201,587075440
hti,2022-06-08,4.599999904632568,4.776000022888184,4.599999904632568,4.760000228881836,654086489
hti,2022-06-09,4.829999923706055,4.849999904632568,4.625999927520752,4.699999809265137,613684024
hti,2022-06-10,4.561999797821045,4.785999774932861,4.546000003814697,4.75,668924604
hti,2022-06-13,4.5879998207092285,4.6620001792907715,4.51800012588501,4.5279998779296875,718849608
hti,2022-06-14,4.489999771118164,4.5960001945495605,4.414000034332275,4.535999774932861,927902623
hti,2022-06-15,4.599999904632568,4.688000202178955,4.599999904632568,4.650000095367432,856753044
hti,2022-06-16,4.710000038146973,4.7179999351501465,4.443999767303467,4.47599983215332,872566758
hti,2022-06-17,4.421999931335449,4.618000030517578,4.421999931335449,4.5960001945495605,435736389
hti,2022-06-20,4.585999965667725,4.618000030517578,4.48199987411499,4.5920000076293945,793988903
hti,2022-06-21,4.5920000076293945,4.708000183105469,4.573999881744385,4.703999996185303,526753001
hti,2022-06-22,4.699999809265137,4.699999809265137,4.5,4.50600004196167,599994317
hti,2022-06-23,4.539999961853027,4.636000156402588,4.495999813079834,4.610000133514404,419145413
hti,2022-06-24,4.670000076293945,4.806000232696533,4.6620001792907715,4.785999774932861,415335885
hti,2022-06-27,4.8520002365112305,5.070000171661377,4.8520002365112305,5.005000114440918,519375005
hti,2022-06-28,4.958000183105469,5.074999809265137,4.861999988555908,5.03000020980835,294980009
hti,2022-06-29,4.961999893188477,5.005000114440918,4.815999984741211,4.866000175476074,471631604
hti,2022-06-30,4.869999885559082,4.900000095367432,4.745999813079834,4.806000232696533,271136830
hti,2022-07-04,4.817999839782715,4.8379998207092285,4.728000164031982,4.817999839782715,267470778
hti,2022-07-05,4.889999866485596,4.929999828338623,4.78000020980835,4.789999961853027,310367015
hti,2022-07-06,4.797999858856201,4.8379998207092285,4.642000198364258,4.73199987411499,361626989
hti,2022-07-07,4.71999979019165,4.734000205993652,4.579999923706055,4.699999809265137,439834289
hti,2022-07-08,4.800000190734863,4.811999797821045,4.714000225067139,4.734000205993652,256470486
hti,2022-07-11,4.699999809265137,4.699999809265137,4.53000020980835,4.539999961853027,407303189
hti,2022-07-12,4.489999771118164,4.541999816894531,4.441999912261963,4.46999979019165,398069082
hti,2022-07-13,4.507999897003174,4.573999881744385,4.47599983215332,4.5,376211141
hti,2022-07-14,4.495999813079834,4.579999923706055,4.473999977111816,4.513999938964844,344083214
hti,2022-07-15,4.46999979019165,4.504000186920166,4.366000175476074,4.383999824523926,450154378
hti,2022-07-18,4.392000198364258,4.5320000648498535,4.335999965667725,4.519999980926514,485489109
hti,2022-07-19,4.5,4.510000228881836,4.421999931335449,4.460000038146973,410716505
hti,2022-07-20,4.556000232696533,4.576000213623047,4.519999980926514,4.52400016784668,111852948
hti,2022-07-21,4.498000144958496,4.576000213623047,4.480000019073486,4.5279998779296875,348443493
hti,2022-07-22,4.579999923706055,4.607999801635742,4.510000228881836,4.5320000648498535,331779228
hti,2022-07-25,4.489999771118164,4.507999897003174,4.423999786376953,4.4720001220703125,284105469
hti,2022-07-26,4.519999980926514,4.556000232696533,4.4720001220703125,4.544000148773193,418183217
hti,2022-07-27,4.5,4.51200008392334,4.455999851226807,4.480000019073486,505567737
hti,2022-07-28,4.519999980926514,4.539999961853027,4.484000205993652,4.48799991607666,332244134
hti,2022-07-29,4.48799991607666,4.5,4.23799991607666,4.28000020980835,582370662
hti,2022-08-01,4.211999893188477,4.309999942779541,4.197999954223633,4.26800012588501,388339530
hti,2022-08-02,4.173999786376953,4.173999786376953,4.073999881744385,4.142000198364258,468191073
hti,2022-08-03,4.188000202178955,4.263999938964844,4.168000221252441,4.188000202178955,542240160
hti,2022-08-04,4.296000003814697,4.335999965667725,4.263999938964844,4.329999923706055,240518230
hti,2022-08-05,4.317999839782715,4.375999927520752,4.315999984741211,4.360000133514404,443036510
hti,2022-08-08,4.320000171661377,4.335999965667725,4.26200008392334,4.288000106811523,382370606
hti,2022-08-09,4.276000022888184,4.320000171661377,4.214000225067139,4.257999897003174,244637730
hti,2022-08-10,4.25,4.25,4.081999778747559,4.130000114440918,317562095
hti,2022-08-11,4.211999893188477,4.271999835968018,4.184000015258789,4.269999980926514,224304352
hti,2022-08-12,4.300000190734863,4.314000129699707,4.251999855041504,4.294000148773193,236148741
hti,2022-08-15,4.263999938964844,4.343999862670898,4.248000144958496,4.26200008392334,332842536
hti,2022-08-16,4.294000148773193,4.296000003814697,4.111999988555908,4.176000118255615,493400053
hti,2022-08-17,4.190000057220459,4.230000019073486,4.136000156402588,4.197999954223633,379710120
hti,2022-08-18,4.199999809265137,4.199999809265137,4.118000030517578,4.1479997634887695,217232100
hti,2022-08-19,4.119999885559082,4.191999912261963,4.107999801635742,4.150000095367432,174235581
hti,2022-08-22,4.119999885559082,4.145999908447266,4.078000068664551,4.104000091552734,272113899
hti,2022-08-23,4.104000091552734,4.131999969482422,4.052000045776367,4.0980000495910645,159505839
hti,2022-08-24,4.0980000495910645,4.0980000495910645,3.9660000801086426,3.9820001125335693,343409574
hti,2022-08-25,4.0,4.23199987411499,4.0,4.21999979019165,226261532
hti,2022-08-26,4.306000232696533,4.306000232696533,4.2220001220703125,4.245999813079834,296635280
hti,2022-08-29,4.199999809265137,4.22599983215332,4.1620001792907715,4.199999809265137,145374415
hti,2022-08-30,4.208000183105469,4.208000183105469,4.067999839782715,4.168000221252441,418300909
hti,2022-08-31,4.070000171661377,4.303999900817871,4.067999839782715,4.2179999351501465,283526003
hti,2022-09-01,4.236000061035156,4.236000061035156,4.133999824523926,4.1479997634887695,336267026
hti,2022-09-02,4.176000118255615,4.179999828338623,4.070000171661377,4.0920000076293945,483839814
hti,2022-09-05,4.085999965667725,4.085999965667725,3.9800000190734863,4.015999794006348,154473152
hti,2022-09-06,4.03000020980835,4.047999858856201,3.9739999771118164,4.013999938964844,280126778
hti,2022-09-07,3.931999921798706,3.9820001125335693,3.9100000858306885,3.9560000896453857,291965605
hti,2022-09-08,3.9820001125335693,4.007999897003174,3.9119999408721924,3.9179999828338623,106554024
hti,2022-09-09,3.946000099182129,4.044000148773193,3.9200000762939453,4.019999980926514,314972928
hti,2022-09-13,4.021999835968018,4.064000129699707,4.01200008392334,4.013999938964844,278956566
hti,2022-09-14,3.9100000858306885,3.936000108718872,3.888000011444092,3.9040000438690186,96195349
hti,2022-09-15,3.9059998989105225,3.930000066757202,3.888000011444092,3.9159998893737793,204065794
hti,2022-09-16,3.9000000953674316,3.9000000953674316,3.805999994277954,3.805999994277954,179467179
hti,2022-09-19,3.7799999713897705,3.7799999713897705,3.7160000801086426,3.7260000705718994,196746278
hti,2022-09-20,3.950000047683716,3.950000047683716,3.7839999198913574,3.809999942779541,136217255
hti,2022-09-21,3.76200008392334,3.76200008392334,3.686000108718872,3.690000057220459,179475409
hti,2022-09-22,3.5999999046325684,3.638000011444092,3.563999891281128,3.625999927520752,187266380
hti,2022-09-23,3.5999999046325684,3.621999979019165,3.5420000553131104,3.5420000553131104,210995757
hti,2022-09-26,3.507999897003174,3.6540000438690186,3.507999897003174,3.618000030517578,184118406
hti,2022-09-27,3.615999937057495,3.628000020980835,3.5380001068115234,3.621999979019165,212962125
hti,2022-09-28,3.563999891281128,3.565999984741211,3.4639999866485596,3.4739999771118164,144397805
hti,2022-09-29,3.558000087738037,3.5759999752044678,3.3940000534057617,3.434000015258789,248605661
hti,2022-09-30,3.431999921798706,3.4700000286102295,3.3459999561309814,3.4000000953674316,292351287
hti,2022-10-03,3.369999885559082,3.4560000896453857,3.3499999046325684,3.380000114440918,267643586
hti,2022-10-05,3.5460000038146973,3.6659998893737793,3.5399999618530273,3.630000114440918,408060801
hti,2022-10-06,3.635999917984009,3.6519999504089355,3.5920000076293945,3.614000082015991,276642896
hti,2022-10-07,3.558000087738037,3.558000087738037,3.492000102996826,3.497999906539917,252021102
hti,2022-10-10,3.3959999084472656,3.4040000438690186,3.3420000076293945,3.3519999980926514,750562283
hti,2022-10-11,3.3480000495910645,3.3480000495910645,3.2219998836517334,3.2300000190734863,478268753
hti,2022-10-12,3.2300000190734863,3.3359999656677246,3.119999885559082,3.2300000190734863,412046921
hti,2022-10-13,3.2079999446868896,3.23799991607666,3.114000082015991,3.115999937057495,234817799
hti,2022-10-14,3.1679999828338623,3.2760000228881836,3.1440000534057617,3.1600000858306885,309382863
hti,2022-10-17,3.109999895095825,3.2060000896453857,3.049999952316284,3.1700000762939453,434929027
hti,2022-10-18,3.25,3.2980000972747803,3.1760001182556152,3.2980000972747803,460261313
hti,2022-10-19,3.2899999618530273,3.2899999618530273,3.1480000019073486,3.1519999504089355,286337624
hti,2022-10-20,3.052000045776367,3.1440000534057617,3.00600004196167,3.072000026702881,446986940
hti,2022-10-21,3.072000026702881,3.121999979019165,3.052000045776367,3.059999942779541,856967951
hti,2022-10-24,3.0199999809265137,3.0260000228881836,2.7320001125335693,2.759999990463257,617628633
hti,2022-10-25,2.759999990463257,2.941999912261963,2.686000108718872,2.8420000076293945,696678732
hti,2022-10-26,2.8420000076293945,2.9839999675750732,2.805999994277954,2.9019999504089355,1203122054
hti,2022-10-27,3.0399999618530273,3.052000045776367,2.940000057220459,2.940000057220459,538870222
hti,2022-10-28,2.940000057220459,2.940000057220459,2.76200008392334,2.7739999294281006,958680288
hti,2022-10-31,2.7960000038146973,2.9159998893737793,2.753999948501587,2.809999942779541,1268552920
hti,2022-11-01,2.8340001106262207,3.078000068664551,2.8340001106262207,3.0480000972747803,976800016
hti,2022-11-02,3.0239999294281006,3.134000062942505,2.9739999771118164,3.111999988555908,592534600
hti,2022-11-03,3.0199999809265137,3.078000068664551,2.9820001125335693,2.9860000610351562,689920588
hti,2022-11-04,3.0339999198913574,3.3259999752044678,3.0339999198913574,3.200000047683716,1577594650
hti,2022-11-07,3.1480000019073486,3.4119999408721924,3.140000104904175,3.3480000495910645,967607006
hti,2022-11-08,3.3440001010894775,3.375999927520752,3.2699999809265137,3.302000045776367,579327803
hti,2022-11-09,3.2880001068115234,3.3519999980926514,3.196000099182129,3.2260000705718994,514801537
hti,2022-11-10,3.1540000438690186,3.1619999408721924,3.111999988555908,3.124000072479248,250912669
hti,2022-11-11,3.450000047683716,3.4619998931884766,3.318000078201294,3.444000005722046,429633612
hti,2022-11-14,3.5399999618530273,3.619999885559082,3.4679999351501465,3.507999897003174,691045082
hti,2022-11-15,3.509999990463257,3.7760000228881836,3.4619998931884766,3.757999897003174,702620821
hti,2022-11-16,3.747999906539917,3.812000036239624,3.6579999923706055,3.759999990463257,906925356
hti,2022-11-17,3.680000066757202,3.7119998931884766,3.5439999103546143,3.6740000247955322,268415667
hti,2022-11-18,3.7699999809265137,3.8320000171661377,3.6600000858306885,3.680000066757202,549257077
hti,2022-11-21,3.5999999046325684,3.614000082015991,3.5,3.5759999752044678,548458084
hti,2022-11-22,3.569999933242798,3.5940001010894775,3.434000015258789,3.4719998836517334,557659170
hti,2022-11-23,3.5,3.5460000038146973,3.437999963760376,3.507999897003174,497745253
hti,2022-11-24,3.5460000038146973,3.572000026702881,3.490000009536743,3.5360000133514404,334225607
hti,2022-11-25,3.5199999809265137,3.5199999809265137,3.440000057220459,3.4619998931884766,232201673
hti,2022-11-28,3.309999942779541,3.4040000438690186,3.242000102996826,3.388000011444092,363105159
hti,2022-11-29,3.450000047683716,3.6619999408721924,3.446000099182129,3.6619999408721924,365069518
hti,2022-11-30,3.640000104904175,3.7660000324249268,3.5940001010894775,3.746000051498413,386784865
hti,2022-12-01,3.890000104904175,3.9639999866485596,3.7780001163482666,3.7820000648498535,584753545
hti,2022-12-02,3.802000045776367,3.878000020980835,3.7639999389648438,3.8239998817443848,442196200
hti,2022-12-05,4.007999897003174,4.185999870300293,3.950000047683716,4.184000015258789,837749473
hti,2022-12-06,4.050000190734863,4.2179999351501465,4.050000190734863,4.0960001945495605,739272690
hti,2022-12-07,4.093999862670898,4.25600004196167,3.931999921798706,3.9600000381469727,678811626
hti,2022-12-08,3.9639999866485596,4.230000019073486,3.9639999866485596,4.210000038146973,361550039
hti,2022-12-09,4.210000038146973,4.329999923706055,4.164000034332275,4.309999942779541,777386850
hti,2022-12-12,4.184000015258789,4.248000144958496,4.0980000495910645,4.118000030517578,767492101
hti,2022-12-13,4.179999828338623,4.2179999351501465,4.099999904632568,4.1620001792907715,559196690
hti,2022-12-14,4.210000038146973,4.23199987411499,4.099999904632568,4.184000015258789,613401304
hti,2022-12-15,4.179999828338623,4.179999828338623,4.058000087738037,4.070000171661377,387053253
hti,2022-12-16,4.047999858856201,4.1539998054504395,3.990000009536743,4.093999862670898,734694092
hti,2022-12-19,4.124000072479248,4.2220001220703125,4.041999816894531,4.056000232696533,379365870
hti,2022-12-20,4.050000190734863,4.050000190734863,3.885999917984009,3.930000066757202,805518783
hti,2022-12-21,3.9779999256134033,3.9860000610351562,3.9240000247955322,3.9619998931884766,327098001
hti,2022-12-22,4.035999774932861,4.176000118255615,4.035999774932861,4.1479997634887695,299384884
hti,2022-12-23,4.085999965667725,4.139999866485596,4.047999858856201,4.072000026702881,625400580
hti,2022-12-28,4.133999824523926,4.202000141143799,4.116000175476074,4.139999866485596,685547561
hti,2022-12-29,4.104000091552734,4.104000091552734,4.01800012588501,4.035999774932861,478978672
hti,2022-12-30,4.1020002365112305,4.150000095367432,4.065999984741211,4.073999881744385,132429702
hti,2023-01-03,4.072000026702881,4.182000160217285,3.9639999866485596,4.171999931335449,343743365
hti,2023-01-04,4.199999809265137,4.363999843597412,4.196000099182129,4.361999988555908,275743623
hti,2023-01-05,4.480000019073486,4.535999774932861,4.395999908447266,4.440000057220459,865670815
hti,2023-01-06,4.441999912261963,4.484000205993652,4.326000213623047,4.374000072479248,318014614
hti,2023-01-09,4.449999809265137,4.515999794006348,4.4019999504089355,4.495999813079834,325891811
hti,2023-01-10,4.489999771118164,4.50600004196167,4.426000118255615,4.50600004196167,572171919
hti,2023-01-11,4.519999980926514,4.573999881744385,4.449999809265137,4.47599983215332,756636195
hti,2023-01-12,4.501999855041504,4.5279998779296875,4.354000091552734,4.418000221252441,560626052
hti,2023-01-13,4.420000076293945,4.498000144958496,4.377999782562256,4.489999771118164,455881777
hti,2023-01-16,4.5,4.521999835968018,4.386000156402588,4.432000160217285,435117523
hti,2023-01-17,4.429999828338623,4.49399995803833,4.375999927520752,4.420000076293945,503776658
hti,2023-01-18,4.400000095367432,4.464000225067139,4.363999843597412,4.464000225067139,603045900
hti,2023-01-19,4.438000202178955,4.438000202178955,4.343999862670898,4.375999927520752,875875532
hti,2023-01-20,4.400000095367432,4.507999897003174,4.400000095367432,4.501999855041504,166872530
hti,2023-01-26,4.550000190734863,4.685999870300293,4.550000190734863,4.677999973297119,317905464
hti,2023-01-27,4.699999809265137,4.751999855041504,4.684000015258789,4.734000205993652,384530492
hti,2023-01-30,4.7220001220703125,4.7220001220703125,4.480000019073486,4.50600004196167,328813766
hti,2023-01-31,4.50600004196167,4.572000026702881,4.4039998054504395,4.47599983215332,787094697
hti,2023-02-01,4.50600004196167,4.622000217437744,4.460000038146973,4.616000175476074,456942937
hti,2023-02-02,4.696000099182129,4.73199987411499,4.613999843597412,4.613999843597412,493554526
hti,2023-02-03,4.585999965667725,4.618000030517578,4.510000228881836,4.565999984741211,519967610
hti,2023-02-06,4.473999977111816,4.473999977111816,4.366000175476074,4.394000053405762,448453682
hti,2023-02-07,4.427999973297119,4.50600004196167,4.406000137329102,4.452000141143799,366300420
hti,2023-02-08,4.449999809265137,4.458000183105469,4.340000152587891,4.368000030517578,681880152
hti,2023-02-09,4.320000171661377,4.50600004196167,4.311999797821045,4.48199987411499,845565539
hti,2023-02-10,4.449999809265137,4.460000038146973,4.283999919891357,4.291999816894531,417162246
hti,2023-02-13,4.271999835968018,4.328000068664551,4.197999954223633,4.314000129699707,454820903
hti,2023-02-14,4.349999904632568,4.349999904632568,4.257999897003174,4.26200008392334,84269600
hti,2023-02-15,4.265999794006348,4.3520002365112305,4.179999828338623,4.3520002365112305,279347870
hti,2023-02-16,4.265999794006348,4.4019999504089355,4.251999855041504,4.291999816894531,239357438
hti,2023-02-17,4.289999961853027,4.335999965667725,4.188000202178955,4.199999809265137,263409405
hti,2023-02-20,4.203999996185303,4.271999835968018,4.156000137329102,4.239999771118164,394907520
hti,2023-02-21,4.23799991607666,4.24399995803833,4.084000110626221,4.085999965667725,191252081
hti,2023-02-22,4.038000106811523,4.093999862670898,4.010000228881836,4.03000020980835,651957060
hti,2023-02-23,4.03000020980835,4.131999969482422,4.0279998779296875,4.090000152587891,103152726
hti,2023-02-24,4.0920000076293945,4.0920000076293945,3.944000005722046,3.946000099182129,280876658
hti,2023-02-27,3.9200000762939453,3.9800000190734863,3.888000011444092,3.9100000858306885,930866713
hti,2023-02-28,3.9600000381469727,3.9700000286102295,3.8459999561309814,3.859999895095825,718086227
hti,2023-03-01,3.875999927520752,4.142000198364258,3.875999927520752,4.122000217437744,756789660
hti,2023-03-02,4.059999942779541,4.085999965667725,4.0320000648498535,4.065999984741211,1084007127
hti,2023-03-03,4.159999847412109,4.188000202178955,4.090000152587891,4.150000095367432,509987196
hti,2023-03-06,4.127999782562256,4.168000221252441,4.076000213623047,4.107999801635742,407499805
hti,2023-03-07,4.107999801635742,4.185999870300293,4.01200008392334,4.050000190734863,261100082
hti,2023-03-08,3.990000009536743,3.990000009536743,3.890000104904175,3.9240000247955322,501793542
hti,2023-03-09,3.9200000762939453,3.941999912261963,3.864000082015991,3.864000082015991,294010315
hti,2023-03-10,3.757999897003174,3.7799999713897705,3.691999912261963,3.7100000381469727,579165499
hti,2023-03-13,3.7799999713897705,3.8940000534057617,3.7639999389648438,3.8320000171661377,1115831268
hti,2023-03-14,3.799999952316284,3.8519999980926514,3.700000047683716,3.7219998836517334,897620435
hti,2023-03-15,3.819999933242798,3.871999979019165,3.7780001163482666,3.809999942779541,728317333
hti,2023-03-16,3.740000009536743,3.8299999237060547,3.7219998836517334,3.75600004196167,329261120
hti,2023-03-17,3.809999942779541,3.9260001182556152,3.809999942779541,3.9159998893737793,425114106
hti,2023-03-20,3.8959999084472656,3.9140000343322754,3.75600004196167,3.808000087738037,640311633
hti,2023-03-21,3.8440001010894775,3.9140000343322754,3.803999900817871,3.890000104904175,524279220
hti,2023-03-22,3.950000047683716,4.004000186920166,3.927999973297119,3.944000005722046,436033495
hti,2023-03-23,3.9200000762939453,4.133999824523926,3.9200000762939453,4.119999885559082,686315433
hti,2023-03-24,4.0960001945495605,4.21999979019165,4.0960001945495605,4.150000095367432,576202578
hti,2023-03-27,4.150000095367432,4.150000095367432,4.010000228881836,4.035999774932861,621732425
hti,2023-03-28,4.046000003814697,4.107999801635742,4.021999835968018,4.076000213623047,466367403
hti,2023-03-29,4.24399995803833,4.288000106811523,4.159999847412109,4.165999889373779,695435289
hti,2023-03-30,4.199999809265137,4.234000205993652,4.130000114440918,4.193999767303467,499158706
hti,2023-03-31,4.28000020980835,4.285999774932861,4.202000141143799,4.223999977111816,334089834
hti,2023-04-03,4.21999979019165,4.236000061035156,4.1620001792907715,4.22599983215332,723012336
hti,2023-04-04,4.202000141143799,4.202000141143799,4.119999885559082,4.156000137329102,630441018
hti,2023-04-06,4.093999862670898,4.168000221252441,4.0879998207092285,4.165999889373779,379799360
hti,2023-04-11,4.170000076293945,4.239999771118164,4.110000133514404,4.165999889373779,669694318
hti,2023-04-12,4.150000095367432,4.176000118255615,4.073999881744385,4.0920000076293945,154140421
hti,2023-04-13,4.007999897003174,4.090000152587891,3.9860000610351562,4.090000152587891,177303559
hti,2023-04-14,4.104000091552734,4.125999927520752,4.041999816894531,4.093999862670898,381862642
hti,2023-04-17,4.046000003814697,4.210000038146973,4.038000106811523,4.177999973297119,657584504
hti,2023-04-18,4.168000221252441,4.171999931335449,4.111999988555908,4.125999927520752,244487426
hti,2023-04-19,4.105999946594238,4.122000217437744,4.013999938964844,4.0320000648498535,244881865
hti,2023-04-20,4.03000020980835,4.050000190734863,4.01200008392334,4.02400016784668,318810853
hti,2023-04-21,4.0,4.013999938964844,3.875999927520752,3.9079999923706055,288553766
hti,2023-04-24,3.8959999084472656,3.940000057220459,3.8340001106262207,3.8959999084472656,1021113487
hti,2023-04-25,3.8940000534057617,3.8940000534057617,3.7200000286102295,3.76200008392334,484928255
hti,2023-04-26,3.7300000190734863,3.8540000915527344,3.7300000190734863,3.808000087738037,493714955
hti,2023-04-27,3.808000087738037,3.808000087738037,3.752000093460083,3.7880001068115234,402882807
hti,2023-04-28,3.8320000171661377,3.888000011444092,3.818000078201294,3.8440001010894775,366002580
hti,2023-05-02,3.9000000953674316,3.946000099182129,3.7960000038146973,3.8239998817443848,531937624
hti,2023-05-03,3.76200008392334,3.7839999198913574,3.7219998836517334,3.7720000743865967,238274355
hti,2023-05-04,3.7780001163482666,3.8299999237060547,3.7639999389648438,3.7880001068115234,314790157
hti,2023-05-05,3.7920000553131104,3.878000020980835,3.7920000553131104,3.828000068664551,188232100
hti,2023-05-08,3.8420000076293945,3.875999927520752,3.822000026702881,3.8499999046325684,252565837
hti,2023-05-09,3.8499999046325684,3.880000114440918,3.7260000705718994,3.7279999256134033,235281136
hti,2023-05-10,3.7699999809265137,3.7699999809265137,3.696000099182129,3.747999906539917,525569332
hti,2023-05-11,3.7960000038146973,3.819999933242798,3.73799991607666,3.799999952316284,728318866
hti,2023-05-12,3.859999895095825,3.865999937057495,3.7960000038146973,3.809999942779541,575745525
hti,2023-05-15,3.799999952316284,3.885999917984009,3.7660000324249268,3.859999895095825,458773931
hti,2023-05-16,3.9200000762939453,3.921999931335449,3.865999937057495,3.888000011444092,436375645
hti,2023-05-17,3.9100000858306885,3.9100000858306885,3.7880001068115234,3.802000045776367,518892800
hti,2023-05-18,3.8499999046325684,3.890000104904175,3.8299999237060547,3.8420000076293945,468670818
hti,2023-05-19,3.799999952316284,3.805999994277954,3.746000051498413,3.7699999809265137,552257600
hti,2023-05-22,3.7799999713897705,3.875999927520752,3.759999990463257,3.8380000591278076,469924709
hti,2023-05-23,3.861999988555908,3.880000114440918,3.7760000228881836,3.7799999713897705,319142748
hti,2023-05-24,3.757999897003174,3.76200008392334,3.696000099182129,3.7019999027252197,702958202
hti,2023-05-25,3.7019999027252197,3.7019999027252197,3.5899999141693115,3.635999917984009,692710895
hti,2023-05-29,3.6659998893737793,3.686000108718872,3.578000068664551,3.5880000591278076,536281590
hti,2023-05-30,3.5880000591278076,3.6519999504089355,3.565999984741211,3.6519999504089355,420984895
hti,2023-05-31,3.5999999046325684,3.5999999046325684,3.503999948501587,3.552000045776367,338398037
hti,2023-06-01,3.552000045776367,3.6579999923706055,3.5480000972747803,3.565999984741211,969670939
hti,2023-06-02,3.6659998893737793,3.7820000648498535,3.6579999923706055,3.759999990463257,568853234
hti,2023-06-05,3.76200008392334,3.7880001068115234,3.7219998836517334,3.7760000228881836,735799246
hti,2023-06-06,3.7760000228881836,3.8420000076293945,3.74399995803833,3.757999897003174,686938888
hti,2023-06-07,3.8559999465942383,3.875999927520752,3.8239998817443848,3.8580000400543213,250138914
hti,2023-06-08,3.8399999141693115,3.8480000495910645,3.7839999198913574,3.8239998817443848,469855620
hti,2023-06-09,3.8320000171661377,3.880000114440918,3.7980000972747803,3.864000082015991,337045754
hti,2023-06-12,3.868000030517578,3.890000104904175,3.8299999237060547,3.880000114440918,297410030
hti,2023-06-13,3.878000020980835,3.99399995803833,3.869999885559082,3.9519999027252197,588878123
hti,2023-06-14,3.9739999771118164,4.047999858856201,3.9619998931884766,3.9779999256134033,438369930
hti,2023-06-15,4.058000087738037,4.127999782562256,4.033999919891357,4.127999782562256,580941345
hti,2023-06-16,4.145999908447266,4.199999809265137,4.111999988555908,4.1519999504089355,693677107
hti,2023-06-19,4.150000095367432,4.150000095367432,4.038000106811523,4.107999801635742,750354080
hti,2023-06-20,4.099999904632568,4.1020002365112305,3.9800000190734863,4.02400016784668,517873748
hti,2023-06-21,3.9679999351501465,3.9679999351501465,3.880000114440918,3.8959999084472656,409917033
hti,2023-06-23,3.8959999084472656,3.8959999084472656,3.7780001163482666,3.818000078201294,313069526
hti,2023-06-26,3.7799999713897705,3.8559999465942383,3.7799999713897705,3.819999933242798,385443707
hti,2023-06-27,3.809999942779541,3.9240000247955322,3.809999942779541,3.9000000953674316,516290383
hti,2023-06-28,3.9019999504089355,3.946000099182129,3.8499999046325684,3.931999921798706,589179693
hti,2023-06-29,3.931999921798706,3.940000057220459,3.8320000171661377,3.8559999465942383,419811794
hti,2023-06-30,3.8559999465942383,3.878000020980835,3.815999984741211,3.8420000076293945,464474331
hti,2023-07-03,3.859999895095825,4.004000186920166,3.859999895095825,3.9800000190734863,510385806
hti,2023-07-04,3.9800000190734863,4.026000022888184,3.944000005722046,4.004000186920166,305860474
hti,2023-07-05,4.0,4.013999938964844,3.927999973297119,3.944000005722046,623570119
hti,2023-07-06,3.940000057220459,3.9779999256134033,3.8380000591278076,3.875999927520752,346099673
hti,2023-07-07,3.864000082015991,3.880000114440918,3.7839999198913574,3.828000068664551,668658858
hti,2023-07-10,3.934000015258789,3.9539999961853027,3.8499999046325684,3.869999885559082,275708221
hti,2023-07-11,3.9200000762939453,3.9739999771118164,3.9040000438690186,3.9260001182556152,569347637
hti,2023-07-12,3.9700000286102295,4.039999961853027,3.9619998931884766,4.00600004196167,624137211
hti,2023-07-13,4.105999946594238,4.164000034332275,4.099999904632568,4.159999847412109,552038334
hti,2023-07-14,4.205999851226807,4.205999851226807,4.125999927520752,4.1479997634887695,365499566
hti,2023-07-18,4.130000114440918,4.130000114440918,4.044000148773193,4.050000190734863,206043996
hti,2023-07-19,3.990000009536743,4.058000087738037,3.9519999027252197,4.039999961853027,786878442
hti,2023-07-20,4.059999942779541,4.1020002365112305,3.9779999256134033,3.992000102996826,773245758
hti,2023-07-21,4.0,4.067999839782715,3.9760000705718994,4.038000106811523,408674132
hti,2023-07-24,4.00600004196167,4.015999794006348,3.9200000762939453,3.947999954223633,600749715
hti,2023-07-25,4.099999904632568,4.188000202178955,4.093999862670898,4.184000015258789,837201943
hti,2023-07-26,4.1539998054504395,4.159999847412109,4.111999988555908,4.150000095367432,572740606
hti,2023-07-27,4.223999977111816,4.288000106811523,4.216000080108643,4.265999794006348,614924882
hti,2023-07-28,4.205999851226807,4.4079999923706055,4.205999851226807,4.395999908447266,794256387
hti,2023-07-31,4.519999980926514,4.611999988555908,4.455999851226807,4.480000019073486,856729464
hti,2023-08-01,4.519999980926514,4.5879998207092285,4.429999828338623,4.4679999351501465,1010578881
hti,2023-08-02,4.426000118255615,4.466000080108643,4.294000148773193,4.320000171661377,727532064
hti,2023-08-03,4.320000171661377,4.386000156402588,4.294000148773193,4.331999778747559,746159266
hti,2023-08-04,4.429999828338623,4.480000019073486,4.369999885559082,4.4079999923706055,862340418
hti,2023-08-07,4.375999927520752,4.432000160217285,4.3379998207092285,4.427999973297119,357495570
hti,2023-08-08,4.349999904632568,4.366000175476074,4.288000106811523,4.309999942779541,703658350
hti,2023-08-09,4.269999980926514,4.311999797821045,4.230000019073486,4.300000190734863,564035090
hti,2023-08-10,4.25600004196167,4.320000171661377,4.223999977111816,4.303999900817871,207976117
hti,2023-08-11,4.322000026702881,4.322000026702881,4.191999912261963,4.210000038146973,426170223
hti,2023-08-14,4.079999923706055,4.142000198364258,4.053999900817871,4.131999969482422,519809600
hti,2023-08-15,4.119999885559082,4.1579999923706055,4.085999965667725,4.110000133514404,418047296
hti,2023-08-16,4.050000190734863,4.110000133514404,4.046000003814697,4.050000190734863,535153319
hti,2023-08-17,4.0,4.124000072479248,3.9579999446868896,4.0960001945495605,650158191
hti,2023-08-18,4.044000148773193,4.072000026702881,3.931999921798706,3.934000015258789,824333806
hti,2023-08-21,3.9000000953674316,3.946000099182129,3.8459999561309814,3.8559999465942383,643035129
hti,2023-08-22,3.875999927520752,3.9820001125335693,3.8440001010894775,3.937999963760376,676344040
hti,2023-08-23,3.937999963760376,3.9820001125335693,3.888000011444092,3.946000099182129,408118541
hti,2023-08-24,3.98799991607666,4.104000091552734,3.9739999771118164,4.079999923706055,277764457
hti,2023-08-25,4.019999980926514,4.041999816894531,3.9860000610351562,3.996000051498413,585728901
hti,2023-08-28,4.199999809265137,4.199999809265137,4.052000045776367,4.058000087738037,486065390
hti,2023-08-29,4.099999904632568,4.182000160217285,4.084000110626221,4.1579999923706055,768710522
hti,2023-08-30,4.214000225067139,4.239999771118164,4.105999946594238,4.124000072479248,295496320
hti,2023-08-31,4.159999847412109,4.193999767303467,4.084000110626221,4.105999946594238,270147667
hti,2023-09-04,4.199999809265137,4.236000061035156,4.1620001792907715,4.223999977111816,476001944
hti,2023-09-05,4.210000038146973,4.210000038146973,4.110000133514404,4.113999843597412,627392511
hti,2023-09-06,4.099999904632568,4.113999843597412,4.046000003814697,4.104000091552734,239288141
hti,2023-09-07,4.107999801635742,4.107999801635742,4.01200008392334,4.02400016784668,429355456
hti,2023-09-11,3.936000108718872,4.035999774932861,3.9159998893737793,4.00600004196167,926210534
hti,2023-09-12,4.0,4.039999961853027,3.9579999446868896,3.992000102996826,321083521
hti,2023-09-13,4.007999897003174,4.03000020980835,3.950000047683716,3.9679999351501465,308097448
hti,2023-09-14,3.9700000286102295,4.015999794006348,3.9560000896453857,3.996000051498413,215771142
hti,2023-09-15,4.0,4.058000087738037,3.9600000381469727,4.007999897003174,454373012
hti,2023-09-18,3.9719998836517334,3.990000009536743,3.9179999828338623,3.9179999828338623,403385731
hti,2023-09-19,3.9119999408721924,3.930000066757202,3.871999979019165,3.9100000858306885,266223570
hti,2023-09-20,3.881999969482422,3.8940000534057617,3.8380000591278076,3.8559999465942383,278734205
hti,2023-09-21,3.8299999237060547,3.8299999237060547,3.759999990463257,3.7839999198913574,250866920
hti,2023-09-22,3.75,3.9260001182556152,3.747999906539917,3.921999931335449,525659485
hti,2023-09-25,3.8480000495910645,3.921999931335449,3.808000087738037,3.815999984741211,405692630
hti,2023-09-26,3.799999952316284,3.809999942779541,3.7239999771118164,3.747999906539917,451220894
hti,2023-09-27,3.75,3.813999891281128,3.747999906539917,3.76200008392334,374377046
hti,2023-09-28,3.75600004196167,3.7739999294281006,3.694000005722046,3.7100000381469727,292584453
hti,2023-09-29,3.7300000190734863,3.884000062942505,3.7300000190734863,3.8480000495910645,320027926
hti,2023-10-03,3.819999933242798,3.819999933242798,3.7200000286102295,3.746000051498413,132655337
hti,2023-10-04,3.7320001125335693,3.7320001125335693,3.6640000343322754,3.680000066757202,182105994
hti,2023-10-05,3.7019999027252197,3.7360000610351562,3.681999921798706,3.687999963760376,175579600
hti,2023-10-06,3.7100000381469727,3.7760000228881836,3.7100000381469727,3.747999906539917,91594206
hti,2023-10-09,3.75,3.7899999618530273,3.7300000190734863,3.753999948501587,147999041
hti,2023-10-10,3.7939999103546143,3.864000082015991,3.7939999103546143,3.803999900817871,313442067
hti,2023-10-11,3.881999969482422,3.9119999408721924,3.865999937057495,3.884000062942505,313735465
hti,2023-10-12,3.9519999027252197,3.9660000801086426,3.934000015258789,3.946000099182129,511097300
hti,2023-10-13,3.8399999141693115,3.868000030517578,3.799999952316284,3.808000087738037,524814185
hti,2023-10-16,3.802000045776367,3.8380000591278076,3.7260000705718994,3.7360000610351562,328665534
hti,2023-10-17,3.7880001068115234,3.7920000553131104,3.740000009536743,3.7639999389648438,245375083
hti,2023-10-18,3.75,3.752000093460083,3.700000047683716,3.7100000381469727,607236282
hti,2023-10-19,3.6500000953674316,3.6619999408721924,3.619999885559082,3.630000114440918,473656121
hti,2023-10-20,3.609999895095825,3.6419999599456787,3.5920000076293945,3.5959999561309814,564856850
hti,2023-10-24,3.5820000171661377,3.6059999465942383,3.5220000743865967,3.558000087738037,426769393
hti,2023-10-25,3.7019999027252197,3.7300000190734863,3.6040000915527344,3.638000011444092,539470903
hti,2023-10-26,3.5999999046325684,3.671999931335449,3.5999999046325684,3.6419999599456787,201366198
hti,2023-10-27,3.6679999828338623,3.759999990463257,3.6540000438690186,3.7339999675750732,337523796
hti,2023-10-30,3.700000047683716,3.7839999198913574,3.694000005722046,3.7839999198913574,257707126
hti,2023-10-31,3.759999990463257,3.759999990463257,3.677999973297119,3.694000005722046,401470700
hti,2023-11-01,3.700000047683716,3.7119998931884766,3.6419999599456787,3.681999921798706,259437863
hti,2023-11-02,3.7339999675750732,3.803999900817871,3.7239999771118164,3.740000009536743,323356950
hti,2023-11-03,3.7960000038146973,3.874000072479248,3.7699999809265137,3.8580000400543213,526669044
hti,2023-11-06,3.9579999446868896,4.03000020980835,3.950000047683716,4.01200008392334,482662574
hti,2023-11-07,3.9679999351501465,4.01800012588501,3.9579999446868896,3.9779999256134033,602043646
hti,2023-11-08,3.9719998836517334,4.015999794006348,3.930000066757202,3.944000005722046,699632618
hti,2023-11-09,3.9560000896453857,3.996000051498413,3.930000066757202,3.9579999446868896,430608234
hti,2023-11-10,3.888000011444092,3.888000011444092,3.813999891281128,3.813999891281128,464667559
hti,2023-11-13,3.8580000400543213,3.9159998893737793,3.819999933242798,3.9079999923706055,591623909
hti,2023-11-14,3.930000066757202,3.936000108718872,3.861999988555908,3.874000072479248,241978653
hti,2023-11-15,4.01800012588501,4.050000190734863,3.9600000381469727,4.050000190734863,689895646
hti,2023-11-16,4.085999965667725,4.085999965667725,3.936000108718872,3.9739999771118164,822427171
hti,2023-11-17,3.890000104904175,3.936000108718872,3.878000020980835,3.9040000438690186,198733750
hti,2023-11-20,3.9119999408721924,4.001999855041504,3.9119999408721924,4.0,754673389
hti,2023-11-21,4.059999942779541,4.073999881744385,3.946000099182129,3.9539999961853027,710864801
hti,2023-11-22,3.9539999961853027,3.990000009536743,3.930000066757202,3.950000047683716,635279340
hti,2023-11-23,3.950000047683716,4.041999816894531,3.944000005722046,4.035999774932861,756436006
hti,2023-11-24,4.007999897003174,4.007999897003174,3.941999912261963,3.946000099182129,634815850
hti,2023-11-27,3.9679999351501465,3.9760000705718994,3.8959999084472656,3.9560000896453857,467499637
hti,2023-11-28,3.940000057220459,3.9679999351501465,3.9040000438690186,3.9260001182556152,300168327
hti,2023-11-29,3.921999931335449,3.930000066757202,3.805999994277954,3.8399999141693115,705152113
hti,2023-11-30,3.828000068664551,3.8399999141693115,3.7780001163482666,3.828000068664551,373951327
hti,2023-12-01,3.799999952316284,3.805999994277954,3.747999906539917,3.753999948501587,725668113
hti,2023-12-04,3.757999897003174,3.7679998874664307,3.6740000247955322,3.697999954223633,566615499
hti,2023-12-05,3.700000047683716,3.700000047683716,3.578000068664551,3.611999988555908,491539267
hti,2023-12-06,3.635999917984009,3.7060000896453857,3.5999999046325684,3.681999921798706,871233100
hti,2023-12-07,3.6700000762939453,3.6700000762939453,3.6019999980926514,3.6500000953674316,451623137
hti,2023-12-08,3.6600000858306885,3.677999973297119,3.6059999465942383,3.638000011444092,500673819
hti,2023-12-11,3.6080000400543213,3.618000030517578,3.5360000133514404,3.5980000495910645,751986286
hti,2023-12-12,3.619999885559082,3.6740000247955322,3.5940001010894775,3.6600000858306885,863880167
hti,2023-12-13,3.6600000858306885,3.6600000858306885,3.5880000591278076,3.618000030517578,582368429
hti,2023-12-14,3.6519999504089355,3.697999954223633,3.6019999980926514,3.630000114440918,776220693
hti,2023-12-15,3.680000066757202,3.7639999389648438,3.6760001182556152,3.7079999446868896,709801367
hti,2023-12-18,3.677999973297119,3.690000057220459,3.640000104904175,3.6600000858306885,1035759221
hti,2023-12-19,3.640000104904175,3.6579999923706055,3.6059999465942383,3.638000011444092,521598199
hti,2023-12-20,3.6740000247955322,3.697999954223633,3.6419999599456787,3.6519999504089355,1057115405
hti,2023-12-21,3.6040000915527344,3.6559998989105225,3.5959999561309814,3.6459999084472656,715113458
hti,2023-12-22,3.684000015258789,3.7019999027252197,3.4619998931884766,3.4820001125335693,668411429
hti,2023-12-27,3.559999942779541,3.5840001106262207,3.5280001163482666,3.572000026702881,658806823
hti,2023-12-28,3.6080000400543213,3.7300000190734863,3.5739998817443848,3.687999963760376,637652983
hti,2023-12-29,3.687999963760376,3.7179999351501465,3.6579999923706055,3.694000005722046,94845168
hti,2024-01-02,3.7200000286102295,3.7339999675750732,3.628000020980835,3.6559998989105225,414041311
hti,2024-01-03,3.5940001010894775,3.5940001010894775,3.555999994277954,3.5820000171661377,551976467
hti,2024-01-04,3.5940001010894775,3.5999999046325684,3.5480000972747803,3.5840001106262207,282079355
hti,2024-01-05,3.568000078201294,3.5920000076293945,3.50600004196167,3.5320000648498535,279392078
hti,2024-01-08,3.5299999713897705,3.5299999713897705,3.4000000953674316,3.4140000343322754,618819390
hti,2024-01-09,3.4159998893737793,3.4700000286102295,3.384000062942505,3.3919999599456787,294325028
hti,2024-01-10,3.4000000953674316,3.4100000858306885,3.3420000076293945,3.359999895095825,410659802
hti,2024-01-11,3.369999885559082,3.4719998836517334,3.359999895095825,3.437999963760376,594443896
hti,2024-01-12,3.4100000858306885,3.4639999866485596,3.388000011444092,3.4019999504089355,346853677
hti,2024-01-15,3.3980000019073486,3.3980000019073486,3.3980000019073486,3.3980000019073486,0
hti,2024-01-16,3.319999933242798,3.3499999046325684,3.246000051498413,3.257999897003174,358380843
hti,2024-01-17,3.25,3.25,3.068000078201294,3.0940001010894775,485765766
hti,2024-01-18,3.1019999980926514,3.135999917984009,3.062000036239624,3.109999895095825,636298157
hti,2024-01-19,3.109999895095825,3.1480000019073486,3.0399999618530273,3.068000078201294,522141076
hti,2024-01-22,3.0799999237060547,3.0899999141693115,2.931999921798706,2.9739999771118164,954956521
hti,2024-01-23,2.992000102996826,3.134000062942505,2.9860000610351562,3.0820000171661377,1461192967
hti,2024-01-24,3.1640000343322754,3.242000102996826,3.0859999656677246,3.2219998836517334,1018400490
hti,2024-01-25,3.2219998836517334,3.26200008392334,3.1540000438690186,3.242000102996826,884125778
hti,2024-01-26,3.2019999027252197,3.2239999771118164,3.111999988555908,3.119999885559082,621648020
hti,2024-01-29,3.1500000953674316,3.194000005722046,3.118000030517578,3.1480000019073486,533118061
hti,2024-01-30,3.0980000495910645,3.0980000495910645,3.0239999294281006,3.0260000228881836,409469499
hti,2024-01-31,3.0260000228881836,3.0480000972747803,2.9260001182556152,2.940000057220459,348642723
hti,2024-02-01,2.9579999446868896,3.065999984741211,2.950000047683716,3.00600004196167,457722305
hti,2024-02-02,3.0380001068115234,3.1059999465942383,2.9560000896453857,2.9839999675750732,346243208
hti,2024-02-05,2.9839999675750732,3.0360000133514404,2.930000066757202,2.9760000705718994,512516279
hti,2024-02-06,3.0,3.191999912261963,2.997999906539917,3.186000108718872,441868755
hti,2024-02-07,3.2219998836517334,3.257999897003174,3.1080000400543213,3.121999979019165,248504948
hti,2024-02-08,3.109999895095825,3.1600000858306885,3.0840001106262207,3.1040000915527344,328890019
hti,2024-02-09,3.065999984741211,3.065999984741211,3.065999984741211,3.065999984741211,0
hti,2024-02-14,3.063999891281128,3.1440000534057617,2.992000102996826,3.1419999599456787,293675770
hti,2024-02-15,3.1419999599456787,3.177999973297119,3.0920000076293945,3.1579999923706055,282188115
hti,2024-02-16,3.177999973297119,3.2920000553131104,3.140000104904175,3.2799999713897705,182943187
hti,2024-02-19,3.257999897003174,3.257999897003174,3.171999931335449,3.190000057220459,169457833
hti,2024-02-20,3.2100000381469727,3.2219998836517334,3.135999917984009,3.191999912261963,263514334
hti,2024-02-21,3.1600000858306885,3.3540000915527344,3.1600000858306885,3.2799999713897705,713330512
hti,2024-02-22,3.2699999809265137,3.3380000591278076,3.246000051498413,3.3359999656677246,433854241
hti,2024-02-23,3.3340001106262207,3.374000072479248,3.2960000038146973,3.3359999656677246,795165107
hti,2024-02-26,3.302000045776367,3.3559999465942383,3.302000045776367,3.319999933242798,344513034
hti,2024-02-27,3.3559999465942383,3.441999912261963,3.299999952316284,3.430000066757202,365939654
hti,2024-02-28,3.440000057220459,3.4760000705718994,3.3519999980926514,3.3540000915527344,305098581
hti,2024-02-29,3.3320000171661377,3.3980000019073486,3.3259999752044678,3.364000082015991,400925506
hti,2024-03-01,3.3399999141693115,3.421999931335449,3.305999994277954,3.4119999408721924,420171325
hti,2024-03-04,3.4119999408721924,3.431999921798706,3.361999988555908,3.4000000953674316,963804503
hti,2024-03-05,3.3299999237060547,3.3320000171661377,3.246000051498413,3.259999990463257,660691077
hti,2024-03-06,3.259999990463257,3.381999969482422,3.252000093460083,3.3380000591278076,491876878
hti,2024-03-07,3.3499999046325684,3.378000020980835,3.25600004196167,3.2899999618530273,351982460
hti,2024-03-08,3.299999952316284,3.3540000915527344,3.2860000133514404,3.312000036239624,433989806
hti,2024-03-11,3.328000068664551,3.4119999408721924,3.328000068664551,3.4059998989105225,192293364
hti,2024-03-12,3.440000057220459,3.5840001106262207,3.427999973297119,3.568000078201294,775041891
hti,2024-03-13,3.569999933242798,3.634000062942505,3.568000078201294,3.5759999752044678,815087568
hti,2024-03-14,3.5959999561309814,3.618000030517578,3.502000093460083,3.5320000648498535,239412643
hti,2024-03-15,3.4639999866485596,3.4800000190734863,3.4179999828338623,3.4800000190734863,376663264
hti,2024-03-18,3.4700000286102295,3.5360000133514404,3.4519999027252197,3.51200008392334,190819111
hti,2024-03-19,3.4820001125335693,3.5,3.444000005722046,3.4619998931884766,295887812
hti,2024-03-20,3.4600000381469727,3.5,3.4260001182556152,3.4760000705718994,502480181
hti,2024-03-21,3.5299999713897705,3.572000026702881,3.5,3.503999948501587,550798882
hti,2024-03-22,3.4519999027252197,3.4619998931884766,3.3519999980926514,3.388000011444092,664237196
hti,2024-03-25,3.388000011444092,3.4140000343322754,3.3480000495910645,3.368000030517578,873995200
hti,2024-03-26,3.381999969482422,3.4260001182556152,3.3580000400543213,3.3980000019073486,617764096
hti,2024-03-27,3.371999979019165,3.371999979019165,3.312000036239624,3.328000068664551,273174385
hti,2024-03-28,3.3480000495910645,3.4679999351501465,3.3480000495910645,3.4019999504089355,339945600
hti,2024-04-02,3.4760000705718994,3.5139999389648438,3.4519999027252197,3.4660000801086426,943818522
hti,2024-04-03,3.4800000190734863,3.4800000190734863,3.385999917984009,3.4000000953674316,236550671
hti,2024-04-05,3.3980000019073486,3.4119999408721924,3.318000078201294,3.3940000534057617,633166194
hti,2024-04-08,3.390000104904175,3.427999973297119,3.3519999980926514,3.380000114440918,568758503
hti,2024-04-09,3.385999917984009,3.444000005722046,3.385999917984009,3.4179999828338623,328956942
hti,2024-04-10,3.4179999828338623,3.5199999809265137,3.4179999828338623,3.48799991607666,352520233
hti,2024-04-11,3.431999921798706,3.48799991607666,3.4179999828338623,3.4779999256134033,1147681642
hti,2024-04-12,3.4579999446868896,3.4839999675750732,3.4100000858306885,3.4159998893737793,182561595
hti,2024-04-15,3.365999937057495,3.4000000953674316,3.3299999237060547,3.4000000953674316,358377208
hti,2024-04-16,3.364000082015991,3.364000082015991,3.257999897003174,3.2699999809265137,607784365
hti,2024-04-17,3.2699999809265137,3.309999942779541,3.246000051498413,3.2799999713897705,259719621
hti,2024-04-18,3.299999952316284,3.3299999237060547,3.242000102996826,3.2960000038146973,186302011
hti,2024-04-19,3.2780001163482666,3.2780001163482666,3.171999931335449,3.2179999351501465,759548300
hti,2024-04-22,3.25,3.308000087738037,3.2300000190734863,3.2720000743865967,521763208
hti,2024-04-23,3.319999933242798,3.388000011444092,3.315999984741211,3.378000020980835,302913005
hti,2024-04-24,3.4200000762939453,3.502000093460083,3.4059998989105225,3.5,321560381
hti,2024-04-25,3.4700000286102295,3.5460000038146973,3.4560000896453857,3.4860000610351562,930756023
hti,2024-04-26,3.4860000610351562,3.6700000762939453,3.4860000610351562,3.640000104904175,776328319
hti,2024-04-29,3.640000104904175,3.7320001125335693,3.635999917984009,3.6440000534057617,1011554148
hti,2024-04-30,3.6619999408721924,3.686000108718872,3.6080000400543213,3.628000020980835,1013566418
hti,2024-05-02,3.624000072479248,3.7980000972747803,3.611999988555908,3.7939999103546143,735003023
hti,2024-05-03,3.9200000762939453,3.947999954223633,3.8459999561309814,3.8959999084472656,539592000
hti,2024-05-06,3.9140000343322754,3.946000099182129,3.878000020980835,3.930000066757202,833794610
hti,2024-05-07,3.9040000438690186,3.9240000247955322,3.8320000171661377,3.8499999046325684,524018163
hti,2024-05-08,3.8399999141693115,3.885999917984009,3.7839999198913574,3.7920000553131104,880288804
hti,2024-05-09,3.799999952316284,3.880000114440918,3.7939999103546143,3.874000072479248,365863341
hti,2024-05-10,3.9059998989105225,3.927999973297119,3.8239998817443848,3.885999917984009,503832457
hti,2024-05-13,3.869999885559082,3.9519999027252197,3.828000068664551,3.941999912261963,296685350
hti,2024-05-14,3.9679999351501465,4.03000020980835,3.9579999446868896,3.9579999446868896,632432663
hti,2024-05-16,4.00600004196167,4.02400016784668,3.944000005722046,3.98799991607666,870340888
hti,2024-05-17,4.039999961853027,4.081999778747559,3.99399995803833,4.039999961853027,1009054983
hti,2024-05-20,4.053999900817871,4.073999881744385,4.033999919891357,4.059999942779541,753138674
hti,2024-05-21,4.0,4.007999897003174,3.885999917984009,3.8940000534057617,573705306
hti,2024-05-22,3.8940000534057617,3.9579999446868896,3.881999969482422,3.9159998893737793,723852199
hti,2024-05-23,3.8959999084472656,3.8959999084472656,3.799999952316284,3.819999933242798,591963922
hti,2024-05-24,3.7799999713897705,3.822000026702881,3.7060000896453857,3.7300000190734863,612648678
hti,2024-05-27,3.7300000190734863,3.802000045776367,3.681999921798706,3.7939999103546143,650179308
hti,2024-05-28,3.7980000972747803,3.8480000495910645,3.7639999389648438,3.7799999713897705,320828601
hti,2024-05-29,3.7799999713897705,3.7799999713897705,3.6740000247955322,3.697999954223633,187899162
hti,2024-05-30,3.687999963760376,3.73799991607666,3.6619999408721924,3.684000015258789,488823546
hti,2024-05-31,3.742000102996826,3.7760000228881836,3.6080000400543213,3.6080000400543213,497183634
hti,2024-06-03,3.671999931335449,3.742000102996826,3.6700000762939453,3.7339999675750732,714500417
hti,2024-06-04,3.694000005722046,3.740000009536743,3.690000057220459,3.7300000190734863,535440384
hti,2024-06-05,3.7320001125335693,3.7939999103546143,3.7219998836517334,3.73799991607666,630924452
hti,2024-06-06,3.7880001068115234,3.812000036239624,3.740000009536743,3.7639999389648438,301030329
hti,2024-06-07,3.7799999713897705,3.7820000648498535,3.684000015258789,3.7019999027252197,510203490
hti,2024-06-11,3.6600000858306885,3.7039999961853027,3.628000020980835,3.690000057220459,300751302
hti,2024-06-12,3.6600000858306885,3.681999921798706,3.619999885559082,3.640000104904175,640228575
hti,2024-06-13,3.6740000247955322,3.690000057220459,3.634000062942505,3.6700000762939453,275123266
hti,2024-06-14,3.6579999923706055,3.6700000762939453,3.634000062942505,3.6500000953674316,330031087
hti,2024-06-17,3.615999937057495,3.6740000247955322,3.5959999561309814,3.6440000534057617,164633432
hti,2024-06-18,3.6500000953674316,3.686000108718872,3.618000030517578,3.635999917984009,296085418
hti,2024-06-19,3.6740000247955322,3.7679998874664307,3.6600000858306885,3.7679998874664307,324521538
hti,2024-06-20,3.7679998874664307,3.7699999809265137,3.690000057220459,3.696000099182129,532833206
hti,2024-06-21,3.6600000858306885,3.6679999828338623,3.6080000400543213,3.638000011444092,767290040
hti,2024-06-24,3.609999895095825,3.619999885559082,3.559999942779541,3.619999885559082,463448785
hti,2024-06-25,3.630000114440918,3.635999917984009,3.559999942779541,3.5799999237060547,461703678
hti,2024-06-26,3.558000087738037,3.6419999599456787,3.558000087738037,3.624000072479248,571689137
hti,2024-06-27,3.5899999141693115,3.6040000915527344,3.5179998874664307,3.5280001163482666,142837152
hti,2024-06-28,3.5,3.555999994277954,3.48799991607666,3.497999906539917,329142050
hti,2024-07-02,3.4800000190734863,3.5339999198913574,3.4600000381469727,3.4719998836517334,611403600
hti,2024-07-03,3.492000102996826,3.5759999752044678,3.492000102996826,3.568000078201294,705456134
hti,2024-07-04,3.619999885559082,3.6459999084472656,3.569999933242798,3.5880000591278076,194299354
hti,2024-07-05,3.5759999752044678,3.5959999561309814,3.5139999389648438,3.5360000133514404,215769048
hti,2024-07-08,3.5299999713897705,3.553999900817871,3.4860000610351562,3.503999948501587,177588169
hti,2024-07-09,3.497999906539917,3.563999891281128,3.4779999256134033,3.5299999713897705,357975800
hti,2024-07-10,3.563999891281128,3.618000030517578,3.5339999198913574,3.5360000133514404,503384664
hti,2024-07-11,3.555999994277954,3.640000104904175,3.555999994277954,3.634000062942505,687974765
hti,2024-07-12,3.6619999408721924,3.7200000286102295,3.6619999408721924,3.7100000381469727,512747173
hti,2024-07-15,3.671999931335449,3.684000015258789,3.5999999046325684,3.611999988555908,527045288
hti,2024-07-16,3.572000026702881,3.5820000171661377,3.5420000553131104,3.562000036239624,294445961
hti,2024-07-17,3.5820000171661377,3.619999885559082,3.558000087738037,3.5840001106262207,245706021
hti,2024-07-18,3.5480000972747803,3.5820000171661377,3.5139999389648438,3.559999942779541,787070473
hti,2024-07-19,3.5239999294281006,3.5239999294281006,3.4660000801086426,3.4800000190734863,274936616
hti,2024-07-22,3.4820001125335693,3.563999891281128,3.4739999771118164,3.5480000972747803,762105861
hti,2024-07-23,3.568000078201294,3.5739998817443848,3.4779999256134033,3.4860000610351562,390909662
hti,2024-07-24,3.4860000610351562,3.5,3.4079999923706055,3.431999921798706,329109501
hti,2024-07-25,3.4000000953674316,3.4079999923706055,3.3480000495910645,3.365999937057495,631147947
hti,2024-07-26,3.368000030517578,3.4179999828338623,3.3540000915527344,3.384000062942505,990802747
hti,2024-07-29,3.4200000762939453,3.4539999961853027,3.3959999084472656,3.4100000858306885,391786404
hti,2024-07-30,3.3980000019073486,3.4000000953674316,3.3420000076293945,3.365999937057495,219783127
hti,2024-07-31,3.368000030517578,3.4779999256134033,3.359999895095825,3.4539999961853027,928903245
hti,2024-08-01,3.4539999961853027,3.4639999866485596,3.4079999923706055,3.4240000247955322,852111018
hti,2024-08-02,3.361999988555908,3.384000062942505,3.302000045776367,3.322000026702881,542641959
hti,2024-08-05,3.2920000553131104,3.371999979019165,3.2200000286102295,3.2860000133514404,1346419748
hti,2024-08-06,3.3420000076293945,3.3580000400543213,3.2699999809265137,3.2860000133514404,465205895
hti,2024-08-07,3.318000078201294,3.368000030517578,3.2920000553131104,3.3239998817443848,476342174
hti,2024-08-08,3.2980000972747803,3.369999885559082,3.2660000324249268,3.308000087738037,627724886
hti,2024-08-09,3.371999979019165,3.430000066757202,3.371999979019165,3.385999917984009,775527048
hti,2024-08-12,3.388000011444092,3.3980000019073486,3.3380000591278076,3.374000072479248,438422872
hti,2024-08-13,3.380000114440918,3.3980000019073486,3.3459999561309814,3.371999979019165,550418444
hti,2024-08-14,3.381999969482422,3.4019999504089355,3.3299999237060547,3.3420000076293945,452233802
hti,2024-08-15,3.318000078201294,3.381999969482422,3.2939999103546143,3.3359999656677246,554827309
hti,2024-08-16,3.388000011444092,3.4159998893737793,3.361999988555908,3.4000000953674316,321810176
hti,2024-08-19,3.436000108718872,3.50600004196167,3.436000108718872,3.450000047683716,1005724784
hti,2024-08-20,3.4800000190734863,3.492000102996826,3.4260001182556152,3.436000108718872,252805930
hti,2024-08-21,3.359999895095825,3.384000062942505,3.328000068664551,3.381999969482422,606574395
hti,2024-08-22,3.421999931335449,3.4579999446868896,3.380000114440918,3.440000057220459,474198588
hti,2024-08-23,3.3919999599456787,3.4179999828338623,3.380000114440918,3.4140000343322754,432864996
hti,2024-08-26,3.450000047683716,3.4639999866485596,3.421999931335449,3.437999963760376,365041986
hti,2024-08-27,3.385999917984009,3.444000005722046,3.384000062942505,3.441999912261963,376091427
hti,2024-08-28,3.4200000762939453,3.430000066757202,3.369999885559082,3.3919999599456787,878122399
hti,2024-08-29,3.371999979019165,3.4100000858306885,3.315999984741211,3.4000000953674316,455186481
hti,2024-08-30,3.4000000953674316,3.555999994277954,3.4000000953674316,3.497999906539917,828286777
hti,2024-09-02,3.4719998836517334,3.4779999256134033,3.421999931335449,3.444000005722046,962130680
hti,2024-09-03,3.444000005722046,3.4779999256134033,3.4140000343322754,3.434000015258789,500578738
hti,2024-09-04,3.4000000953674316,3.440000057220459,3.381999969482422,3.4260001182556152,489930846
hti,2024-09-05,3.430000066757202,3.447999954223633,3.4019999504089355,3.4240000247955322,426302518
hti,2024-09-09,3.381999969482422,3.3980000019073486,3.3559999465942383,3.380000114440918,573570892
hti,2024-09-10,3.3959999084472656,3.4140000343322754,3.3459999561309814,3.3940000534057617,499007058
hti,2024-09-11,3.378000020980835,3.4000000953674316,3.359999895095825,3.390000104904175,374644399
hti,2024-09-12,3.4200000762939453,3.450000047683716,3.4159998893737793,3.4159998893737793,212178223
hti,2024-09-13,3.4260001182556152,3.4679999351501465,3.4140000343322754,3.4140000343322754,368305285
hti,2024-09-16,3.4019999504089355,3.437999963760376,3.364000082015991,3.431999921798706,231690346
hti,2024-09-17,3.431999921798706,3.4860000610351562,3.4140000343322754,3.4779999256134033,95968598
hti,2024-09-19,3.4800000190734863,3.609999895095825,3.4679999351501465,3.5899999141693115,427200506
hti,2024-09-20,3.5899999141693115,3.681999921798706,3.569999933242798,3.640000104904175,429207566
hti,2024-09-23,3.619999885559082,3.697999954223633,3.619999885559082,3.635999917984009,471610602
hti,2024-09-24,3.7160000801086426,3.8540000915527344,3.691999912261963,3.8480000495910645,1377030686
hti,2024-09-25,3.9679999351501465,3.992000102996826,3.8440001010894775,3.864000082015991,980229870
hti,2024-09-26,3.9200000762939453,4.1539998054504395,3.8980000019073486,4.131999969482422,1224836036
hti,2024-09-27,4.28000020980835,4.441999912261963,4.234000205993652,4.392000198364258,2415351611
hti,2024-09-30,4.579999923706055,4.76200008392334,4.453999996185303,4.684000015258789,2503109600
hti,2024-10-02,4.760000228881836,5.164999961853027,4.760000228881836,5.079999923706055,1953070525
hti,2024-10-03,5.065000057220459,5.065000057220459,4.690000057220459,4.9079999923706055,2313078450
hti,2024-10-04,4.860000133514404,5.150000095367432,4.800000190734863,5.139999866485596,474183530
hti,2024-10-07,5.21999979019165,5.364999771118164,5.144999980926514,5.309999942779541,634910413
hti,2024-10-08,5.224999904632568,5.224999904632568,4.546000003814697,4.613999843597412,2936194562
hti,2024-10-09,4.734000205993652,4.822000026702881,4.423999786376953,4.539999961853027,1229276008
hti,2024-10-10,4.690000057220459,4.7779998779296875,4.5920000076293945,4.659999847412109,1891247806
hti,2024-10-14,4.659999847412109,4.659999847412109,4.432000160217285,4.5879998207092285,2488047403
hti,2024-10-15,4.585999965667725,4.599999904632568,4.323999881744385,4.369999885559082,1091752344
hti,2024-10-16,4.311999797821045,4.4039998054504395,4.289999961853027,4.322000026702881,1719957910
hti,2024-10-17,4.381999969482422,4.4679999351501465,4.239999771118164,4.26800012588501,1499709978
hti,2024-10-18,4.260000228881836,4.581999778747559,4.25,4.519999980926514,1005755200
hti,2024-10-21,4.510000228881836,4.556000232696533,4.4019999504089355,4.418000221252441,1271420866
hti,2024-10-22,4.4120001792907715,4.486000061035156,4.400000095367432,4.434000015258789,1434899118
hti,2024-10-23,4.446000099182129,4.585999965667725,4.427999973297119,4.53000020980835,1119752152
hti,2024-10-24,4.480000019073486,4.48799991607666,4.392000198364258,4.406000137329102,968760066
hti,2024-10-25,4.400000095367432,4.51200008392334,4.400000095367432,4.460000038146973,1359025454
hti,2024-10-28,4.464000225067139,4.519999980926514,4.438000202178955,4.504000186920166,252102547
hti,2024-10-29,4.559999942779541,4.616000175476074,4.513999938964844,4.533999919891357,298709068
hti,2024-10-30,4.533999919891357,4.533999919891357,4.4079999923706055,4.429999828338623,1500377296
hti,2024-10-31,4.443999767303467,4.495999813079834,4.409999847412109,4.409999847412109,813304023
hti,2024-11-01,4.429999828338623,4.48199987411499,4.375999927520752,4.400000095367432,771477066
hti,2024-11-04,4.429999828338623,4.4720001220703125,4.418000221252441,4.447999954223633,620974364
hti,2024-11-05,4.4079999923706055,4.610000133514404,4.4079999923706055,4.610000133514404,568090441
hti,2024-11-06,4.559999942779541,4.581999778747559,4.441999912261963,4.49399995803833,760063313
hti,2024-11-07,4.46999979019165,4.605999946594238,4.429999828338623,4.5960001945495605,1499811701
hti,2024-11-08,4.699999809265137,4.74399995803833,4.570000171661377,4.585999965667725,1178259630
hti,2024-11-11,4.449999809265137,4.581999778747559,4.446000099182129,4.564000129699707,1333423310
hti,2024-11-12,4.559999942779541,4.5960001945495605,4.360000133514404,4.368000030517578,1126246991
hti,2024-11-13,4.309999942779541,4.375999927520752,4.2820000648498535,4.374000072479248,1256879201
hti,2024-11-14,4.300000190734863,4.377999782562256,4.214000225067139,4.234000205993652,863054273
hti,2024-11-15,4.236000061035156,4.311999797821045,4.211999893188477,4.242000102996826,1396717520
hti,2024-11-18,4.297999858856201,4.323999881744385,4.23799991607666,4.265999794006348,830251881
hti,2024-11-19,4.297999858856201,4.331999778747559,4.260000228881836,4.315999984741211,836464392
hti,2024-11-20,4.302000045776367,4.354000091552734,4.28000020980835,4.334000110626221,1033907136
hti,2024-11-21,4.300000190734863,4.331999778747559,4.26800012588501,4.28000020980835,761496647
hti,2024-11-22,4.300000190734863,4.315999984741211,4.145999908447266,4.159999847412109,470595918
hti,2024-11-25,4.190000057220459,4.205999851226807,4.113999843597412,4.1519999504089355,1020823204
hti,2024-11-26,4.1519999504089355,4.184000015258789,4.130000114440918,4.145999908447266,990212560
hti,2024-11-27,4.130000114440918,4.314000129699707,4.116000175476074,4.291999816894531,660284109
hti,2024-11-28,4.291999816894531,4.291999816894531,4.21999979019165,4.2220001220703125,1258559225
hti,2024-11-29,4.23799991607666,4.349999904632568,4.228000164031982,4.269999980926514,1001334441
hti,2024-12-02,4.269999980926514,4.3460001945495605,4.260000228881836,4.331999778747559,412296544
hti,2024-12-03,4.328000068664551,4.354000091552734,4.26200008392334,4.331999778747559,133917683
hti,2024-12-04,4.331999778747559,4.363999843597412,4.303999900817871,4.322000026702881,288573963
hti,2024-12-05,4.289999961853027,4.303999900817871,4.263999938964844,4.283999919891357,93563880
hti,2024-12-06,4.314000129699707,4.388000011444092,4.27400016784668,4.377999782562256,588654885
hti,2024-12-09,4.349999904632568,4.585999965667725,4.335999965667725,4.576000213623047,1414984979
hti,2024-12-10,4.78000020980835,4.78000020980835,4.5,4.510000228881836,1054498435
hti,2024-12-11,4.510000228881836,4.558000087738037,4.426000118255615,4.429999828338623,1025491144
hti,2024-12-12,4.464000225067139,4.572000026702881,4.435999870300293,4.515999794006348,679409866
hti,2024-12-13,4.4679999351501465,4.48199987411499,4.372000217437744,4.377999782562256,874821588
hti,2024-12-16,4.388000011444092,4.421999931335449,4.309999942779541,4.334000110626221,1008192543
hti,2024-12-17,4.306000232696533,4.392000198364258,4.2779998779296875,4.311999797821045,1293133274
hti,2024-12-18,4.392000198364258,4.4039998054504395,4.3480000495910645,4.372000217437744,249299463
hti,2024-12-19,4.320000171661377,4.388000011444092,4.303999900817871,4.354000091552734,834079119
hti,2024-12-20,4.354000091552734,4.4019999504089355,4.3480000495910645,4.355999946594238,604473139
hti,2024-12-23,4.388000011444092,4.409999847412109,4.3520002365112305,4.372000217437744,501554958
hti,2024-12-24,4.423999786376953,4.423999786376953,4.423999786376953,4.423999786376953,0
hti,2024-12-27,4.458000183105469,4.48799991607666,4.429999828338623,4.453999996185303,778632689
hti,2024-12-30,4.434000015258789,4.46999979019165,4.3979997634887695,4.415999889373779,753563381
hti,2024-12-31,4.392000198364258,4.392000198364258,4.392000198364258,4.392000198364258,0
hti,2025-01-02,4.389999866485596,4.389999866485596,4.26200008392334,4.265999794006348,1103878291
hti,2025-01-03,4.296000003814697,4.366000175476074,4.254000186920166,4.317999839782715,1265917236
hti,2025-01-06,4.340000152587891,4.363999843597412,4.294000148773193,4.309999942779541,611395488
hti,2025-01-07,4.27400016784668,4.315999984741211,4.191999912261963,4.27400016784668,791259618
hti,2025-01-08,4.26800012588501,4.285999774932861,4.168000221252441,4.21999979019165,500147725
hti,2025-01-09,4.21999979019165,4.2820000648498535,4.211999893188477,4.21999979019165,455367180
hti,2025-01-10,4.24399995803833,4.271999835968018,4.168000221252441,4.177999973297119,923335057
hti,2025-01-13,4.139999866485596,4.1579999923706055,4.085999965667725,4.136000156402588,1139680574
hti,2025-01-14,4.136000156402588,4.294000148773193,4.136000156402588,4.263999938964844,664025983
hti,2025-01-15,4.260000228881836,4.300000190734863,4.230000019073486,4.2820000648498535,784772015
hti,2025-01-16,4.320000171661377,4.400000095367432,4.276000022888184,4.329999923706055,600970458
hti,2025-01-17,4.320000171661377,4.4039998054504395,4.303999900817871,4.377999782562256,845785480
hti,2025-01-20,4.446000099182129,4.547999858856201,4.443999767303467,4.49399995803833,1318496820
hti,2025-01-21,4.570000171661377,4.630000114440918,4.515999794006348,4.5980000495910645,1397556294
hti,2025-01-22,4.550000190734863,4.576000213623047,4.46999979019165,4.48799991607666,674751644
hti,2025-01-23,4.52400016784668,4.567999839782715,4.406000137329102,4.415999889373779,1149805220
hti,2025-01-24,4.420000076293945,4.581999778747559,4.420000076293945,4.561999797821045,683816229
hti,2025-01-27,4.5879998207092285,4.6539998054504395,4.573999881744385,4.593999862670898,488196514
hti,2025-01-28,4.627999782562256,4.627999782562256,4.627999782562256,4.627999782562256,0
hti,2025-02-03,4.561999797821045,4.650000095367432,4.47599983215332,4.650000095367432,759529115
hti,2025-02-04,4.71999979019165,4.886000156402588,4.71999979019165,4.869999885559082,451838546
hti,2025-02-05,4.880000114440918,4.880000114440918,4.748000144958496,4.815999984741211,1121767251
hti,2025-02-06,4.820000171661377,4.949999809265137,4.808000087738037,4.949999809265137,595459304
hti,2025-02-07,4.952000141143799,5.105000019073486,4.932000160217285,5.039999961853027,816303548
hti,2025-02-10,5.090000152587891,5.195000171661377,5.065000057220459,5.184999942779541,684836330
hti,2025-02-11,5.199999809265137,5.199999809265137,5.03000020980835,5.034999847412109,674116728
hti,2025-02-12,5.099999904632568,5.179999828338623,5.050000190734863,5.170000076293945,1154377654
hti,2025-02-13,5.199999809265137,5.394999980926514,5.09499979019165,5.110000133514404,2171165555
hti,2025-02-14,5.195000171661377,5.409999847412109,5.195000171661377,5.409999847412109,1763187445
hti,2025-02-17,5.46999979019165,5.539999961853027,5.284999847412109,5.389999866485596,2538858416
hti,2025-02-18,5.414999961853027,5.579999923706055,5.380000114440918,5.519999980926514,1711368704
hti,2025-02-19,5.474999904632568,5.559999942779541,5.400000095367432,5.550000190734863,1088539328
hti,2025-02-20,5.514999866485596,5.534999847412109,5.349999904632568,5.369999885559082,1424114796
hti,2025-02-21,5.53000020980835,5.739999771118164,5.489999771118164,5.735000133514404,1755470852
hti,2025-02-24,5.730000019073486,5.78000020980835,5.614999771118164,5.664999961853027,1734231262
hti,2025-02-25,5.460000038146973,5.684999942779541,5.425000190734863,5.565000057220459,1712678424
hti,2025-02-26,5.659999847412109,5.900000095367432,5.639999866485596,5.829999923706055,1698479417
hti,2025-02-27,5.84499979019165,5.960000038146973,5.650000095367432,5.75,2631415300
hti,2025-02-28,5.75,5.75,5.389999866485596,5.425000190734863,2372846676
hti,2025-03-03,5.510000228881836,5.579999923706055,5.340000152587891,5.40500020980835,1646152102
hti,2025-03-04,5.300000190734863,5.474999904632568,5.239999771118164,5.409999847412109,1464720807
hti,2025-03-05,5.494999885559082,5.65500020980835,5.449999809265137,5.650000095367432,1153596360
hti,2025-03-06,5.78000020980835,5.965000152587891,5.78000020980835,5.929999828338623,1137166516
hti,2025-03-07,5.875,6.070000171661377,5.829999923706055,5.900000095367432,2365619908
hti,2025-03-10,5.889999866485596,5.954999923706055,5.695000171661377,5.764999866485596,1601717684
hti,2025-03-11,5.599999904632568,5.869999885559082,5.599999904632568,5.84499979019165,1165694756
hti,2025-03-12,5.900000095367432,5.940000057220459,5.635000228881836,5.724999904632568,1201645196
hti,2025-03-13,5.739999771118164,5.764999866485596,5.525000095367432,5.614999771118164,1355475317
hti,2025-03-14,5.704999923706055,5.795000076293945,5.599999904632568,5.764999866485596,1011685558
hti,2025-03-17,5.820000171661377,5.820000171661377,5.699999809265137,5.755000114440918,889741456
hti,2025-03-18,5.909999847412109,5.974999904632568,5.855000019073486,5.974999904632568,964801694
hti,2025-03-19,5.900000095367432,5.96999979019165,5.849999904632568,5.914999961853027,948244585
hti,2025-03-20,5.900000095367432,5.900000095367432,5.695000171661377,5.715000152587891,1108825558
hti,2025-03-21,5.690000057220459,5.730000019073486,5.489999771118164,5.510000228881836,1167179380
hti,2025-03-24,5.534999847412109,5.644999980926514,5.474999904632568,5.605000019073486,1327313465
hti,2025-03-25,5.505000114440918,5.554999828338623,5.385000228881836,5.409999847412109,975588071
hti,2025-03-26,5.420000076293945,5.489999771118164,5.400000095367432,5.449999809265137,896786433
hti,2025-03-27,5.449999809265137,5.590000152587891,5.380000114440918,5.460000038146973,931923925
hti,2025-03-28,5.510000228881836,5.53000020980835,5.335000038146973,5.400000095367432,592398010
hti,2025-03-31,5.349999904632568,5.360000133514404,5.21999979019165,5.28000020980835,897438213
hti,2025-04-01,5.324999809265137,5.400000095367432,5.275000095367432,5.284999847412109,1254553808
hti,2025-04-02,5.269999980926514,5.389999866485596,5.244999885559082,5.309999942779541,972945579
hti,2025-04-03,5.170000076293945,5.260000228881836,5.139999866485596,5.199999809265137,1445251353
hti,2025-04-07,4.650000095367432,4.739999771118164,4.271999835968018,4.296000003814697,4647170479
hti,2025-04-08,4.443999767303467,4.584000110626221,4.326000213623047,4.4720001220703125,5394711322
hti,2025-04-09,4.251999855041504,4.659999847412109,4.211999893188477,4.593999862670898,3052989464
hti,2025-04-10,4.800000190734863,4.9079999923706055,4.665999889373779,4.739999771118164,3841493317
hti,2025-04-11,4.688000202178955,4.892000198364258,4.642000198364258,4.800000190734863,1296747832
hti,2025-04-14,4.961999893188477,4.980000019073486,4.881999969482422,4.920000076293945,1455973035
hti,2025-04-15,4.998000144958496,4.998000144958496,4.822000026702881,4.8979997634887695,628917982
hti,2025-04-16,4.806000232696533,4.822000026702881,4.639999866485596,4.682000160217285,1832949435
hti,2025-04-17,4.682000160217285,4.817999839782715,4.677999973297119,4.776000022888184,1535023312
hti,2025-04-22,4.776000022888184,4.826000213623047,4.696000099182129,4.806000232696533,1678873009
hti,2025-04-23,4.980000019073486,4.980000019073486,4.881999969482422,4.946000099182129,685833176
hti,2025-04-24,4.947999954223633,4.964000225067139,4.823999881744385,4.869999885559082,1464152483
hti,2025-04-25,4.947999954223633,4.984000205993652,4.866000175476074,4.886000156402588,1421986239
hti,2025-04-28,4.9079999923706055,4.918000221252441,4.855999946594238,4.892000198364258,1224909127
hti,2025-04-29,4.914000034332275,4.98799991607666,4.881999969482422,4.920000076293945,915680794
hti,2025-04-30,4.926000118255615,4.989999771118164,4.8979997634887695,4.98799991607666,1174686109
hti,2025-05-02,5.019999980926514,5.159999847412109,4.97599983215332,5.139999866485596,735699696
hti,2025-05-06,5.139999866485596,5.164999961853027,5.074999809265137,5.139999866485596,951692668
hti,2025-05-07,5.284999847412109,5.300000190734863,5.090000152587891,5.090000152587891,731647161
hti,2025-05-08,5.110000133514404,5.190000057220459,5.074999809265137,5.119999885559082,422821444
hti,2025-05-09,5.130000114440918,5.130000114440918,5.014999866485596,5.079999923706055,649735515
hti,2025-05-12,5.199999809265137,5.394999980926514,5.114999771118164,5.340000152587891,1690552715
hti,2025-05-13,5.320000171661377,5.320000171661377,5.150000095367432,5.175000190734863,1357067776
hti,2025-05-14,5.25,5.289999961853027,5.215000152587891,5.269999980926514,1165921039
hti,2025-05-15,5.264999866485596,5.289999961853027,5.164999961853027,5.184999942779541,893376504
hti,2025-05-16,5.144999980926514,5.195000171661377,5.135000228881836,5.170000076293945,807139765
hti,2025-05-19,5.114999771118164,5.179999828338623,5.059999942779541,5.150000095367432,664743140
hti,2025-05-20,5.164999961853027,5.235000133514404,5.139999866485596,5.210000038146973,904796667
hti,2025-05-21,5.224999904632568,5.269999980926514,5.210000038146973,5.235000133514404,962933229
hti,2025-05-22,5.21999979019165,5.235000133514404,5.119999885559082,5.170000076293945,902123385
hti,2025-05-23,5.184999942779541,5.199999809265137,5.110000133514404,5.135000228881836,954681836
hti,2025-05-26,5.135000228881836,5.135000228881836,5.034999847412109,5.050000190734863,1160466482
hti,2025-05-27,5.025000095367432,5.09499979019165,5.0,5.09499979019165,1000427971
hti,2025-05-28,5.09499979019165,5.114999771118164,5.039999961853027,5.065000057220459,420177009
hti,2025-05-29,5.079999923706055,5.21999979019165,5.065000057220459,5.195000171661377,735327687
hti,2025-05-30,5.114999771118164,5.135000228881836,5.039999961853027,5.074999809265137,736498130
hti,2025-06-02,5.010000228881836,5.039999961853027,4.9079999923706055,5.025000095367432,628873052
hti,2025-06-03,5.070000171661377,5.114999771118164,5.054999828338623,5.09499979019165,573539457
hti,2025-06-04,5.09499979019165,5.150000095367432,5.074999809265137,5.114999771118164,929041189
hti,2025-06-05,5.170000076293945,5.224999904632568,5.15500020980835,5.224999904632568,909779522
hti,2025-06-06,5.235000133514404,5.235000133514404,5.139999866485596,5.175000190734863,842559731
hti,2025-06-09,5.230000019073486,5.360000133514404,5.230000019073486,5.329999923706055,983779396
hti,2025-06-10,5.324999809265137,5.34499979019165,5.235000133514404,5.289999961853027,841896235
hti,2025-06-11,5.315000057220459,5.394999980926514,5.304999828338623,5.349999904632568,1136301771
hti,2025-06-12,5.300000190734863,5.315000057220459,5.230000019073486,5.244999885559082,1075253227
hti,2025-06-13,5.179999828338623,5.224999904632568,5.105000019073486,5.150000095367432,1997969755
hti,2025-06-16,5.119999885559082,5.235000133514404,5.09499979019165,5.215000152587891,1375021028
hti,2025-06-17,5.230000019073486,5.244999885559082,5.164999961853027,5.195000171661377,1405131537
hti,2025-06-18,5.150000095367432,5.170000076293945,5.099999904632568,5.125,787490433
hti,2025-06-19,5.09499979019165,5.105000019073486,4.986000061035156,4.992000102996826,1218721655
hti,2025-06-20,5.019999980926514,5.045000076293945,5.0,5.03000020980835,1032273023
hti,2025-06-23,4.998000144958496,5.099999904632568,4.966000080108643,5.090000152587891,1146133091
hti,2025-06-24,5.139999866485596,5.235000133514404,5.139999866485596,5.199999809265137,760821731
hti,2025-06-25,5.255000114440918,5.300000190734863,5.230000019073486,5.255000114440918,1064058852
hti,2025-06-26,5.235000133514404,5.284999847412109,5.210000038146973,5.255000114440918,976990067
hti,2025-06-27,5.264999866485596,5.300000190734863,5.235000133514404,5.244999885559082,791349618
hti,2025-06-30,5.25,5.289999961853027,5.204999923706055,5.210000038146973,707623780
hti,2025-07-02,5.264999866485596,5.284999847412109,5.164999961853027,5.179999828338623,1126977430
hti,2025-07-03,5.199999809265137,5.204999923706055,5.099999904632568,5.144999980926514,847814898
hti,2025-07-04,5.110000133514404,5.190000057220459,5.045000076293945,5.130000114440918,1622286585
hti,2025-07-07,5.09499979019165,5.150000095367432,5.070000171661377,5.135000228881836,1501158444
hti,2025-07-08,5.164999961853027,5.239999771118164,5.144999980926514,5.235000133514404,1199229525
hti,2025-07-09,5.215000152587891,5.215000152587891,5.125,5.150000095367432,716382718
hti,2025-07-10,5.135000228881836,5.150000095367432,5.105000019073486,5.125,685091991
hti,2025-07-11,5.119999885559082,5.239999771118164,5.119999885559082,5.150000095367432,1597308991
hti,2025-07-14,5.150000095367432,5.204999923706055,5.135000228881836,5.190000057220459,1069907889
hti,2025-07-15,5.204999923706055,5.349999904632568,5.179999828338623,5.335000038146973,1605147130
hti,2025-07-16,5.369999885559082,5.440000057220459,5.320000171661377,5.329999923706055,1623398232
hti,2025-07-17,5.329999923706055,5.375,5.309999942779541,5.355000019073486,940758283
hti,2025-07-18,5.414999961853027,5.454999923706055,5.380000114440918,5.440000057220459,835585578
hti,2025-07-21,5.5,5.510000228881836,5.440000057220459,5.480000019073486,1037881622
hti,2025-07-22,5.5,5.514999866485596,5.454999923706055,5.494999885559082,922977001
hti,2025-07-23,5.570000171661377,5.659999847412109,5.525000095367432,5.635000228881836,1498105325
hti,2025-07-24,5.630000114440918,5.699999809265137,5.625,5.635000228881836,1553125177
hti,2025-07-25,5.605000019073486,5.610000133514404,5.545000076293945,5.570000171661377,1058657510
hti,2025-07-28,5.579999923706055,5.610000133514404,5.539999961853027,5.570000171661377,1191039070
hti,2025-07-29,5.525000095367432,5.545000076293945,5.445000171661377,5.539999961853027,1549842367
hti,2025-07-30,5.454999923706055,5.494999885559082,5.380000114440918,5.394999980926514,2015614155
hti,2025-07-31,5.360000133514404,5.425000190734863,5.324999809265137,5.355000019073486,2134316578
hti,2025-08-01,5.349999904632568,5.394999980926514,5.300000190734863,5.300000190734863,1944710072
hti,2025-08-04,5.275000095367432,5.394999980926514,5.260000228881836,5.369999885559082,1656151613
hti,2025-08-05,5.394999980926514,5.425000190734863,5.375,5.420000076293945,866856890
hti,2025-08-06,5.420000076293945,5.449999809265137,5.385000228881836,5.429999828338623,966389514
hti,2025-08-07,5.445000171661377,5.474999904632568,5.389999866485596,5.445000171661377,1044724013
hti,2025-08-08,5.409999847412109,5.414999961853027,5.349999904632568,5.360000133514404,725060810
hti,2025-08-11,5.364999771118164,5.380000114440918,5.324999809265137,5.355000019073486,866561113
hti,2025-08-12,5.329999923706055,5.364999771118164,5.304999828338623,5.34499979019165,977541032
hti,2025-08-13,5.400000095367432,5.53000020980835,5.389999866485596,5.525000095367432,810450288
hti,2025-08-14,5.574999809265137,5.574999809265137,5.465000152587891,5.474999904632568,950071098
hti,2025-08-15,5.420000076293945,5.449999809265137,5.394999980926514,5.449999809265137,1432207686
hti,2025-08-18,5.460000038146973,5.574999809265137,5.460000038146973,5.480000019073486,1833741658
hti,2025-08-19,5.494999885559082,5.494999885559082,5.429999828338623,5.445000171661377,1070163595
hti,2025-08-20,5.420000076293945,5.460000038146973,5.369999885559082,5.440000057220459,1698570279
hti,2025-08-21,5.440000057220459,5.440000057220459,5.369999885559082,5.400000095367432,1020719412
hti,2025-08-22,5.449999809265137,5.550000190734863,5.425000190734863,5.539999961853027,1263612490
hti,2025-08-25,5.630000114440918,5.744999885559082,5.630000114440918,5.710000038146973,1541553400
hti,2025-08-26,5.679999828338623,5.755000114440918,5.65500020980835,5.675000190734863,1745949964
hti,2025-08-27,5.724999904632568,5.755000114440918,5.574999809265137,5.59499979019165,1939720190
hti,2025-08-28,5.53000020980835,5.574999809265137,5.46999979019165,5.545000076293945,2170252228
hti,2025-08-29,5.579999923706055,5.635000228881836,5.525000095367432,5.579999923706055,3194117816
hti,2025-09-01,5.690000057220459,5.71999979019165,5.644999980926514,5.684999942779541,2771217548
hti,2025-09-02,5.690000057220459,5.695000171661377,5.585000038146973,5.630000114440918,1764600390
hti,2025-09-03,5.675000190734863,5.699999809265137,5.559999942779541,5.574999809265137,1930111207
hti,2025-09-04,5.619999885559082,5.619999885559082,5.454999923706055,5.485000133514404,1698636456
hti,2025-09-05,5.485000133514404,5.610000133514404,5.485000133514404,5.574999809265137,1138271977
hti,2025-09-08,5.590000152587891,5.670000076293945,5.565000057220459,5.639999866485596,919505666
hti,2025-09-09,5.690000057220459,5.760000228881836,5.664999961853027,5.715000152587891,1354940139
hti,2025-09-10,5.75,5.855000019073486,5.739999771118164,5.795000076293945,1377201553
hti,2025-09-11,5.75,5.829999923706055,5.699999809265137,5.789999961853027,1363010194
hti,2025-09-12,5.900000095367432,5.934999942779541,5.869999885559082,5.869999885559082,1282154082
hti,2025-09-15,5.869999885559082,5.96999979019165,5.864999771118164,5.929999828338623,957470127
hti,2025-09-16,5.960000038146973,6.005000114440918,5.894999980926514,5.960000038146973,973275183
hti,2025-09-17,6.0,6.239999771118164,6.0,6.215000152587891,1334006014
hti,2025-09-18,6.215000152587891,6.34499979019165,6.065000057220459,6.15500020980835,2268676221
hti,2025-09-19,6.159999847412109,6.255000114440918,6.110000133514404,6.175000190734863,3044429714
hti,2025-09-22,6.150000095367432,6.164999961853027,6.090000152587891,6.144999980926514,2172306565
hti,2025-09-23,6.159999847412109,6.164999961853027,5.980000019073486,6.045000076293945,1633248617
hti,2025-09-24,6.039999961853027,6.215000152587891,6.0,6.199999809265137,1569307392
hti,2025-09-25,6.195000171661377,6.324999809265137,6.179999828338623,6.255000114440918,1729971813
hti,2025-09-26,6.210000038146973,6.239999771118164,6.054999828338623,6.059999942779541,1658426313
hti,2025-09-29,6.114999771118164,6.224999904632568,6.114999771118164,6.210000038146973,1357572021
hti,2025-09-30,6.224999904632568,6.360000133514404,6.210000038146973,6.349999904632568,1183576386
hti,2025-10-02,6.355000019073486,6.59499979019165,6.355000019073486,6.559999942779541,1535298293
hti,2025-10-03,6.550000190734863,6.550000190734863,6.434999942779541,6.485000133514404,958996574
hti,2025-10-06,6.489999771118164,6.489999771118164,6.385000228881836,6.429999828338623,729319841
hti,2025-10-08,6.400000095367432,6.409999847412109,6.28000020980835,6.389999866485596,860605894
hti,2025-10-09,6.425000190734863,6.485000133514404,6.295000076293945,6.335000038146973,1429375976
hti,2025-10-10,6.264999866485596,6.264999866485596,6.119999885559082,6.150000095367432,1624227400
hti,2025-10-13,6.010000228881836,6.085000038146973,5.835000038146973,6.005000114440918,3737847066
hti,2025-10-14,6.059999942779541,6.085000038146973,5.78000020980835,5.804999828338623,3215760460
hti,2025-10-15,5.885000228881836,5.980000019073486,5.829999923706055,5.960000038146973,2130499824
hti,2025-10-16,5.954999923706055,5.974999904632568,5.829999923706055,5.889999866485596,1886218059
hti,2025-10-17,5.885000228881836,5.885000228881836,5.619999885559082,5.635000228881836,1933466571
hti,2025-10-20,5.855000019073486,5.869999885559082,5.775000095367432,5.815000057220459,1418115576
hti,2025-10-21,5.90500020980835,6.0,5.885000228881836,5.889999866485596,763533739
hti,2025-10-22,5.885000228881836,5.885000228881836,5.75,5.809999942779541,855720757
hti,2025-10-23,5.78000020980835,5.875,5.704999923706055,5.829999923706055,1076154598
hti,2025-10-27,6.070000171661377,6.070000171661377,5.985000133514404,6.050000190734863,841264957
hti,2025-10-28,6.074999809265137,6.074999809265137,5.949999809265137,5.960000038146973,1463401614
hti,2025-10-30,6.010000228881836,6.045000076293945,5.875,5.934999942779541,2560609327
hti,2025-10-31,5.900000095367432,5.90500020980835,5.795000076293945,5.804999828338623,1014388577
hti,2025-11-03,5.820000171661377,5.84499979019165,5.739999771118164,5.809999942779541,1165609299
hti,2025-11-04,5.809999942779541,5.849999904632568,5.684999942779541,5.704999923706055,2304132226
hti,2025-11-05,5.599999904632568,5.695000171661377,5.539999961853027,5.670000076293945,1323135895
hti,2025-11-06,5.699999809265137,5.840000152587891,5.679999828338623,5.824999809265137,1162975079
hti,2025-11-07,5.78000020980835,5.78000020980835,5.704999923706055,5.724999904632568,950501017
hti,2025-11-10,5.760000228881836,5.809999942779541,5.695000171661377,5.789999961853027,868099374
hti,2025-11-11,5.840000152587891,5.849999904632568,5.739999771118164,5.800000190734863,834860520
hti,2025-11-12,5.820000171661377,5.860000133514404,5.760000228881836,5.809999942779541,1604332817
hti,2025-11-13,5.775000095367432,5.909999847412109,5.755000114440918,5.855000019073486,1166473139
hti,2025-11-14,5.739999771118164,5.789999961853027,5.679999828338623,5.704999923706055,919062831
hti,2025-11-17,5.664999961853027,5.71999979019165,5.614999771118164,5.650000095367432,901677839
hti,2025-11-18,5.579999923706055,5.625,5.5,5.53000020980835,1383768691
hti,2025-11-19,5.559999942779541,5.574999809265137,5.46999979019165,5.494999885559082,1855234737
hti,2025-11-20,5.545000076293945,5.554999828338623,5.40500020980835,5.46999979019165,1905105904
hti,2025-11-21,5.340000152587891,5.369999885559082,5.255000114440918,5.269999980926514,2611547036
hti,2025-11-24,5.349999904632568,5.460000038146973,5.309999942779541,5.425000190734863,1791567261
hti,2025-11-25,5.489999771118164,5.559999942779541,5.449999809265137,5.5,1569684609
hti,2025-11-26,5.510000228881836,5.554999828338623,5.5,5.505000114440918,951646982
hti,2025-11-27,5.505000114440918,5.565000057220459,5.474999904632568,5.485000133514404,1222467487
hti,2025-11-28,5.514999866485596,5.525000095367432,5.460000038146973,5.489999771118164,840176737
hti,2025-12-01,5.5,5.554999828338623,5.474999904632568,5.519999980926514,1612028436
hti,2025-12-02,5.570000171661377,5.574999809265137,5.480000019073486,5.519999980926514,619644746
hti,2025-12-03,5.519999980926514,5.519999980926514,5.409999847412109,5.420000076293945,699980187
hti,2025-12-04,5.434999942779541,5.539999961853027,5.394999980926514,5.5,902847524
hti,2025-12-05,5.46999979019165,5.579999923706055,5.440000057220459,5.539999961853027,1043813555
hti,2025-12-08,5.559999942779541,5.59499979019165,5.534999847412109,5.545000076293945,664780210
hti,2025-12-09,5.550000190734863,5.550000190734863,5.425000190734863,5.445000171661377,1313889987
hti,2025-12-10,5.434999942779541,5.474999904632568,5.389999866485596,5.454999923706055,979369763
hti,2025-12-11,5.489999771118164,5.514999866485596,5.40500020980835,5.425000190734863,864808203
hti,2025-12-12,5.434999942779541,5.534999847412109,5.434999942779541,5.514999866485596,972331101
hti,2025-12-15,5.460000038146973,5.46999979019165,5.380000114440918,5.385000228881836,1239277553
hti,2025-12-16,5.360000133514404,5.369999885559082,5.239999771118164,5.289999961853027,858662184
hti,2025-12-17,5.300000190734863,5.369999885559082,5.275000095367432,5.349999904632568,1691790573
hti,2025-12-18,5.300000190734863,5.324999809265137,5.255000114440918,5.309999942779541,1139429792
hti,2025-12-19,5.320000171661377,5.394999980926514,5.320000171661377,5.360000133514404,892442349
hti,2025-12-22,5.394999980926514,5.440000057220459,5.385000228881836,5.414999961853027,421148550
hti,2025-12-23,5.414999961853027,5.414999961853027,5.355000019073486,5.369999885559082,438060937
hti,2025-12-24,5.375,5.375,5.375,5.375,0
hti,2025-12-29,5.414999961853027,5.505000114440918,5.364999771118164,5.369999885559082,1379424333
hti,2025-12-30,5.385000228881836,5.489999771118164,5.385000228881836,5.460000038146973,982148895
hti,2025-12-31,5.389999866485596,5.389999866485596,5.389999866485596,5.389999866485596,0
hti,2026-01-02,5.454999923706055,5.639999866485596,5.420000076293945,5.610000133514404,999300639
hti,2026-01-05,5.635000228881836,5.664999961853027,5.585000038146973,5.619999885559082,1497189129
hti,2026-01-06,5.664999961853027,5.755000114440918,5.659999847412109,5.699999809265137,1547914707
hti,2026-01-07,5.684999942779541,5.695000171661377,5.570000171661377,5.625,1334416853
hti,2026-01-08,5.599999904632568,5.599999904632568,5.5,5.554999828338623,2043334973
hti,2026-01-09,5.579999923706055,5.619999885559082,5.545000076293945,5.565000057220459,1155542706
hti,2026-01-12,5.614999771118164,5.744999885559082,5.574999809265137,5.739999771118164,1258981970
hti,2026-01-13,5.849999904632568,5.880000114440918,5.710000038146973,5.739999771118164,2097420718
hti,2026-01-14,5.760000228881836,5.84499979019165,5.710000038146973,5.769999980926514,1412079676
hti,2026-01-15,5.755000114440918,5.78000020980835,5.664999961853027,5.704999923706055,1681344237
hti,2026-01-16,5.75,5.775000095367432,5.670000076293945,5.699999809265137,1075298075
hti,2026-01-19,5.650000095367432,5.684999942779541,5.619999885559082,5.630000114440918,1410221305
hti,2026-01-20,5.630000114440918,5.644999980926514,5.545000076293945,5.565000057220459,2150794824
hti,2026-01-21,5.53000020980835,5.664999961853027,5.525000095367432,5.619999885559082,1969832098
hti,2026-01-22,5.659999847412109,5.684999942779541,5.590000152587891,5.639999866485596,980081490
hti,2026-01-23,5.690000057220459,5.695000171661377,5.635000228881836,5.670000076293945,1583350188
hti,2026-01-26,5.675000190734863,5.675000190734863,5.565000057220459,5.605000019073486,901550429
hti,2026-01-27,5.614999771118164,5.650000095367432,5.559999942779541,5.630000114440918,1108234046
hti,2026-01-28,5.65500020980835,5.775000095367432,5.650000095367432,5.769999980926514,1835471843
hti,2026-01-29,5.735000133514404,5.769999980926514,5.679999828338623,5.710000038146973,1891787998
hti,2026-01-30,5.664999961853027,5.679999828338623,5.59499979019165,5.605000019073486,1759226794
hti,2026-02-02,5.53000020980835,5.53000020980835,5.355000019073486,5.400000095367432,1458889848
hti,2026-02-03,5.449999809265137,5.465000152587891,5.224999904632568,5.34499979019165,3137854536
hti,2026-02-04,5.340000152587891,5.340000152587891,5.204999923706055,5.25,1787527351
hti,2026-02-05,5.179999828338623,5.304999828338623,5.150000095367432,5.28000020980835,1286587539
hti,2026-02-06,5.170000076293945,5.284999847412109,5.164999961853027,5.230000019073486,2230604040
hti,2026-02-09,5.335000038146973,5.340000152587891,5.275000095367432,5.300000190734863,1589129142
hti,2026-02-10,5.340000152587891,5.40500020980835,5.320000171661377,5.324999809265137,824922256
hti,2026-02-11,5.349999904632568,5.40500020980835,5.335000038146973,5.380000114440918,802710359
hti,2026-02-12,5.364999771118164,5.364999771118164,5.28000020980835,5.295000076293945,806426226
hti,2026-02-13,5.210000038146973,5.264999866485596,5.199999809265137,5.239999771118164,1580461063
hti,2026-02-16,5.25,5.25,5.25,5.25,0
hti,2026-02-20,5.210000038146973,5.244999885559082,5.099999904632568,5.105000019073486,1461196805
hti,2026-02-23,5.15500020980835,5.304999828338623,5.15500020980835,5.289999961853027,957992823
hti,2026-02-24,5.21999979019165,5.21999979019165,5.125,5.144999980926514,1436756422
hti,2026-02-25,5.190000057220459,5.204999923706055,5.130000114440918,5.139999866485596,2073636696
hti,2026-02-26,5.159999847412109,5.164999961853027,4.99399995803833,5.0,1407157101
hti,2026-02-27,5.0,5.070000171661377,4.986000061035156,5.03000020980835,1710054063
hti,2026-03-02,4.946000099182129,4.973999977111816,4.855999946594238,4.889999866485596,5690407055
hti,2026-03-03,4.900000095367432,4.920000076293945,4.751999855041504,4.76200008392334,3838074451
hti,2026-03-04,4.710000038146973,4.771999835968018,4.644000053405762,4.71999979019165,6053681711
hti,2026-03-05,4.796000003814697,4.803999900817871,4.659999847412109,4.691999912261963,2394235784
hti,2026-03-06,4.705999851226807,4.866000175476074,4.688000202178955,4.835999965667725,821053398
hti,2026-03-09,4.6479997634887695,4.8379998207092285,4.633999824523926,4.822000026702881,2563884984
hti,2026-03-10,4.920000076293945,4.947999954223633,4.8480000495910645,4.946000099182129,2539912035
hti,2026-03-11,4.995999813079834,5.010000228881836,4.926000118255615,4.935999870300293,833087217
hti,2026-03-12,4.920000076293945,4.9720001220703125,4.860000133514404,4.923999786376953,1141650455
hti,2026-03-13,4.894000053405762,4.938000202178955,4.8520002365112305,4.869999885559082,2119076203
hti,2026-03-16,4.886000156402588,5.019999980926514,4.828000068664551,4.998000144958496,2267553083
hti,2026-03-17,5.025000095367432,5.119999885559082,4.980000019073486,4.998000144958496,1546767761
hti,2026-03-18,5.014999866485596,5.025000095367432,4.941999912261963,5.0,828263792
hti,2026-03-19,4.900000095367432,4.960000038146973,4.866000175476074,4.880000114440918,1859586908
hti,2026-03-20,4.840000152587891,4.889999866485596,4.728000164031982,4.769999980926514,2090153419
hti,2026-03-23,4.682000160217285,4.703999996185303,4.558000087738037,4.605999946594238,2847915153
hti,2026-03-24,4.6620001792907715,4.730000019073486,4.5879998207092285,4.7179999351501465,2856163444
hti,2026-03-25,4.769999980926514,4.8420000076293945,4.690000057220459,4.820000171661377,1700659846
hti,2026-03-26,4.783999919891357,4.788000106811523,4.636000156402588,4.656000137329102,1190861404
hti,2026-03-27,4.624000072479248,4.730000019073486,4.618000030517578,4.679999828338623,2436193840
hti,2026-03-30,4.546000003814697,4.619999885559082,4.513999938964844,4.590000152587891,1109666414
hti,2026-03-31,4.5980000495910645,4.636000156402588,4.519999980926514,4.550000190734863,746166649
hti,2026-04-01,4.668000221252441,4.682000160217285,4.6020002365112305,4.645999908447266,2065726329
hti,2026-04-02,4.624000072479248,4.633999824523926,4.526000022888184,4.570000171661377,1586927397
hti,2026-04-08,4.742000102996826,4.831999778747559,4.710000038146973,4.829999923706055,2301877075
hti,2026-04-09,4.769999980926514,4.785999774932861,4.705999851226807,4.714000225067139,1937162418
hti,2026-04-10,4.748000144958496,4.834000110626221,4.736000061035156,4.757999897003174,1398061487
hti,2026-04-13,4.723999977111816,4.742000102996826,4.691999912261963,4.723999977111816,1590949576
hti,2026-04-14,4.769999980926514,4.797999858856201,4.702000141143799,4.75,2012636388
hti,2026-04-15,4.857999801635742,4.872000217437744,4.802000045776367,4.814000129699707,1309189731
hti,2026-04-16,4.874000072479248,4.99399995803833,4.872000217437744,4.99399995803833,1475746293
hti,2026-04-17,4.947999954223633,4.966000080108643,4.894000053405762,4.935999870300293,1804412160
hti,2026-04-20,4.952000141143799,4.995999813079834,4.918000221252441,4.949999809265137,1722646963
hti,2026-04-21,4.978000164031982,4.980000019073486,4.9120001792907715,4.955999851226807,1283420838
hti,2026-04-22,4.8979997634887695,4.9019999504089355,4.835999965667725,4.857999801635742,1057183451
hti,2026-04-23,4.854000091552734,4.857999801635742,4.74399995803833,4.757999897003174,1403468953
hti,2026-04-24,4.730000019073486,4.808000087738037,4.673999786376953,4.800000190734863,834751876
hti,2026-04-27,4.814000129699707,4.868000030517578,4.794000148773193,4.829999923706055,1837579552
hti,2026-04-28,4.823999881744385,4.828000068664551,4.710000038146973,4.72599983215332,1162587171
hti,2026-04-29,4.783999919891357,4.815999984741211,4.75600004196167,4.809999942779541,1019998475
hti,2026-04-30,4.78000020980835,4.791999816894531,4.71999979019165,4.776000022888184,940418650
hti,2026-05-04,4.843999862670898,4.949999809265137,4.8379998207092285,4.874000072479248,1435982363
hti,2026-05-05,4.868000030517578,4.868000030517578,4.751999855041504,4.817999839782715,518780130
hti,2026-05-06,4.857999801635742,4.918000221252441,4.817999839782715,4.869999885559082,820211463
hti,2026-05-07,4.955999851226807,5.03000020980835,4.955999851226807,5.010000228881836,758870407
hti,2026-05-08,4.986000061035156,5.014999866485596,4.935999870300293,4.998000144958496,2179416098
hti,2026-05-11,4.960000038146973,5.010000228881836,4.946000099182129,4.998000144958496,1373159119
hti,2026-05-12,5.039999961853027,5.039999961853027,4.949999809265137,4.9679999351501465,1328666474
hti,2026-05-13,4.940000057220459,5.014999866485596,4.9079999923706055,4.98799991607666,1557175727
hti,2026-05-14,5.139999866485596,5.144999980926514,4.960000038146973,4.960000038146973,1404681272
hti,2026-05-15,4.949999809265137,4.960000038146973,4.809999942779541,4.829999923706055,2963617375
hti,2026-05-18,4.794000148773193,4.794000148773193,4.705999851226807,4.736000061035156,1837240323
hti,2026-05-19,4.734000205993652,4.78000020980835,4.710000038146973,4.760000228881836,1126232028
hti,2026-05-20,4.739999771118164,4.791999816894531,4.714000225067139,4.769999980926514,1583465467
hti,2026-05-21,4.815999984741211,4.831999778747559,4.6579999923706055,4.668000221252441,1827521383
hti,2026-05-22,4.728000164031982,4.7779998779296875,4.696000099182129,4.75600004196167,2117612858
hti,2026-05-26,4.817999839782715,4.875999927520752,4.76800012588501,4.840000152587891,2528676242
hti,2026-05-27,4.880000114440918,4.8979997634887695,4.78000020980835,4.802000045776367,2739754178
hti,2026-05-28,4.789999961853027,4.806000232696533,4.711999893188477,4.7820000648498535,2016214041
hti,2026-05-29,4.823999881744385,4.872000217437744,4.76200008392334,4.783999919891357,2595316806
hti,2026-06-01,4.785999774932861,4.906000137329102,4.785999774932861,4.866000175476074,2524751599
hti,2026-06-02,4.866000175476074,5.09499979019165,4.866000175476074,5.09499979019165,1796067506
hti,2026-06-03,5.065000057220459,5.065000057220459,4.938000202178955,4.949999809265137,3234607740
hti,2026-06-04,4.892000198364258,4.909999847412109,4.855999946594238,4.869999885559082,2906881053
hti,2026-06-05,4.857999801635742,4.866000175476074,4.769999980926514,4.785999774932861,3161952218
hti,2026-06-08,4.699999809265137,4.7220001220703125,4.613999843597412,4.664000034332275,5081682902
hti,2026-06-09,4.636000156402588,4.728000164031982,4.636000156402588,4.676000118255615,3523793477
hti,2026-06-10,4.650000095367432,4.671999931335449,4.567999839782715,4.633999824523926,3339293223
hti,2026-06-11,4.627999782562256,4.639999866485596,4.501999855041504,4.559999942779541,2682555229
hti,2026-06-12,4.618000030517578,4.6539998054504395,4.585999965667725,4.610000133514404,3591732274
hti,2026-06-15,4.682000160217285,4.696000099182129,4.644000053405762,4.668000221252441,1820692593
hti,2026-06-16,4.676000118255615,4.676000118255615,4.547999858856201,4.561999797821045,1670985770
hti,2026-06-17,4.556000232696533,4.5879998207092285,4.52400016784668,4.565999984741211,2285637686
hti,2026-06-18,4.547999858856201,4.550000190734863,4.480000019073486,4.51200008392334,1315539285
hti,2026-06-22,4.510000228881836,4.510000228881836,4.426000118255615,4.464000225067139,1956234290
hti,2026-06-23,4.464000225067139,4.46999979019165,4.296000003814697,4.314000129699707,1696437414
hti,2026-06-24,4.329999923706055,4.452000141143799,4.323999881744385,4.400000095367432,3189534185
hti,2026-06-25,4.395999908447266,4.395999908447266,4.26800012588501,4.329999923706055,3038792351
hti,2026-06-26,4.303999900817871,4.303999900817871,4.1479997634887695,4.179999828338623,4783925722
hti,2026-06-29,4.234000205993652,4.3420000076293945,4.234000205993652,4.308000087738037,3306806419
hti,2026-06-30,4.329999923706055,4.4079999923706055,4.311999797821045,4.389999866485596,2186648552
hti,2026-07-02,4.453999996185303,4.495999813079834,4.349999904632568,4.363999843597412,4073081330
hti,2026-07-03,4.409999847412109,4.46999979019165,4.383999824523926,4.415999889373779,2199149080
hti,2026-07-06,4.429999828338623,4.480000019073486,4.368000030517578,4.455999851226807,2904014485
hti,2026-07-07,4.421999931335449,4.558000087738037,4.4019999504089355,4.418000221252441,2394238920
hti,2026-07-08,4.432000160217285,4.684000015258789,4.432000160217285,4.639999866485596,2899310573
hti,2026-07-09,4.622000217437744,4.739999771118164,4.584000110626221,4.639999866485596,4007009435
hti,2026-07-10,4.688000202178955,4.769999980926514,4.619999885559082,4.633999824523926,2550745070
hti,2026-07-13,4.631999969482422,4.705999851226807,4.564000129699707,4.590000152587891,3034693617
hti,2026-07-14,4.576000213623047,4.618000030517578,4.484000205993652,4.599999904632568,2488224516
hti,2026-07-15,4.622000217437744,4.685999870300293,4.573999881744385,4.6479997634887695,2570021527
hti,2026-07-16,4.6620001792907715,4.814000129699707,4.6579999923706055,4.748000144958496,3463914678
hti,2026-07-17,4.730000019073486,4.751999855041504,4.48799991607666,4.533999919891357,4332591533
hti,2026-07-20,4.613999843597412,4.697999954223633,4.613999843597412,4.650000095367432,4891359960
hti,2026-07-21,4.670000076293945,4.75,4.636000156402588,4.7220001220703125,4209015859
hti,2026-07-22,4.679999828338623,4.679999828338623,4.556000232696533,4.579999923706055,3700705799
hti,2026-07-23,4.590000152587891,4.631999969482422,4.53000020980835,4.610000133514404,3359093357
hti,2026-07-24,4.538000106811523,4.561999797821045,4.504000186920166,4.541999816894531,2887282290
hti,2026-07-27,4.550000190734863,4.633999824523926,4.5279998779296875,4.616000175476074,2808171855
hti,2026-07-28,4.642000198364258,4.690000057220459,4.584000110626221,4.644000053405762,3482846097
hti,2026-07-29,4.71999979019165,4.78000020980835,4.679999828338623,4.76800012588501,3573829948
hti,2026-07-30,4.789999961853027,4.822000026702881,4.682000160217285,4.7179999351501465,4161931475
hti,2026-07-31,4.7220001220703125,4.77400016784668,4.670000076293945,4.730000019073486,2737800189
hti,2026-08-03,4.763999938964844,4.803999900817871,4.742000102996826,4.78000020980835,2836499338
hti,2026-08-04,4.797999858856201,4.826000213623047,4.736000061035156,4.789999961853027,2921153473
hti,2026-08-05,4.800000190734863,4.854000091552734,4.794000148773193,4.840000152587891,3301553636
hti,2026-08-06,4.800000190734863,4.800000190734863,4.7179999351501465,4.734000205993652,1924541471
hti,2026-08-07,4.74399995803833,4.76800012588501,4.690000057220459,4.765999794006348,2751028764
hti,2026-08-10,4.796000003814697,4.834000110626221,4.763999938964844,4.820000171661377,3305674069
hti,2026-08-11,4.8420000076293945,4.843999862670898,4.73199987411499,4.736000061035156,1981572506
hti,2026-08-12,4.691999912261963,4.702000141143799,4.665999889373779,4.682000160217285,2335480608
hti,2026-08-13,4.682000160217285,4.75,4.673999786376953,4.703999996185303,2226368198
hti,2026-08-14,4.685999870300293,4.688000202178955,4.607999801635742,4.616000175476074,2861204461
hti,2026-08-17,4.665999889373779,4.728000164031982,4.665999889373779,4.699999809265137,2334439715
hti,2026-08-18,4.684000015258789,4.705999851226807,4.590000152587891,4.6519999504089355,2159892554
hti,2026-08-19,4.593999862670898,4.613999843597412,4.572000026702881,4.599999904632568,2122942649
hti,2026-08-20,4.6620001792907715,4.679999828338623,4.605999946594238,4.605999946594238,2659194610
hti,2026-08-21,4.618000030517578,4.676000118255615,4.610000133514404,4.670000076293945,2365756435
hti,2026-08-24,4.605999946594238,4.607999801635742,4.48799991607666,4.495999813079834,2285674308
hti,2026-08-25,4.51200008392334,4.519999980926514,4.460000038146973,4.498000144958496,2917312267
hti,2026-08-26,4.5279998779296875,4.578000068664551,4.521999835968018,4.5320000648498535,2117233554
hti,2026-08-27,4.576000213623047,4.579999923706055,4.526000022888184,4.535999774932861,1240656423
hti,2026-08-28,4.48799991607666,4.558000087738037,4.480000019073486,4.521999835968018,1374700288
hti,2026-08-31,4.489999771118164,4.546000003814697,4.441999912261963,4.5320000648498535,1753461218
hti,2026-09-01,4.510000228881836,4.538000106811523,4.464000225067139,4.4679999351501465,1249769053
hti,2026-09-02,4.447999954223633,4.449999809265137,4.375999927520752,4.432000160217285,1820495668
hti,2026-09-03,4.464000225067139,4.48199987411499,4.372000217437744,4.381999969482422,1842864173
hti,2026-09-04,4.441999912261963,4.519999980926514,4.441999912261963,4.484000205993652,1550595266
hti,2026-09-07,4.480000019073486,4.48199987411499,4.423999786376953,4.438000202178955,1460273673
hti,2026-09-08,4.420000076293945,4.429999828338623,4.366000175476074,4.372000217437744,1714197519
