asset_id,date,open,high,low,close,volume
ng,2021-09-13,4.945000171661377,5.289000034332275,4.879000186920166,5.230999946594238,201770
ng,2021-09-14,5.198999881744385,5.36899995803833,5.171000003814697,5.260000228881836,200943
ng,2021-09-15,5.28000020980835,5.650000095367432,5.265999794006348,5.460000038146973,279117
ng,2021-09-16,5.409999847412109,5.599999904632568,5.228000164031982,5.335000038146973,221139
ng,2021-09-17,5.269999980926514,5.394000053405762,5.044000148773193,5.105000019073486,164579
ng,2021-09-20,5.014999866485596,5.171999931335449,4.90500020980835,4.985000133514404,156870
ng,2021-09-21,4.961999893188477,5.046000003814697,4.735000133514404,4.804999828338623,163097
ng,2021-09-22,4.810999870300293,4.8979997634887695,4.74399995803833,4.804999828338623,108777
ng,2021-09-23,4.757999897003174,5.0370001792907715,4.741000175476074,4.97599983215332,105201
ng,2021-09-24,5.035999774932861,5.183000087738037,4.989999771118164,5.139999866485596,47436
ng,2021-09-27,5.190999984741211,5.85099983215332,5.176000118255615,5.705999851226807,63065
ng,2021-09-28,5.800000190734863,6.28000020980835,5.6020002365112305,5.841000080108643,338968
ng,2021-09-29,5.85699987411499,5.954999923706055,5.421000003814697,5.4770002365112305,226344
ng,2021-09-30,5.456999778747559,5.99399995803833,5.341000080108643,5.867000102996826,243240
ng,2021-10-01,5.974999904632568,6.010000228881836,5.5329999923706055,5.61899995803833,178941
ng,2021-10-04,5.627999782562256,6.064000129699707,5.627999782562256,5.765999794006348,209582
ng,2021-10-05,5.829999923706055,6.392000198364258,5.789999961853027,6.311999797821045,219522
ng,2021-10-06,6.321000099182129,6.466000080108643,5.663000106811523,5.675000190734863,274653
ng,2021-10-07,5.710000038146973,5.835000038146973,5.39300012588501,5.677000045776367,239503
ng,2021-10-08,5.761000156402588,5.875999927520752,5.547999858856201,5.565000057220459,163349
ng,2021-10-11,5.695000171661377,5.798999786376953,5.308000087738037,5.34499979019165,188699
ng,2021-10-12,5.4079999923706055,5.5229997634887695,5.168000221252441,5.505000114440918,215447
ng,2021-10-13,5.455999851226807,5.692999839782715,5.349999904632568,5.590000152587891,198786
ng,2021-10-14,5.676000118255615,5.964000225067139,5.604000091552734,5.686999797821045,169162
ng,2021-10-15,5.640999794006348,5.789000034332275,5.400000095367432,5.409999847412109,184583
ng,2021-10-18,5.298999786376953,5.369999885559082,4.954999923706055,4.988999843597412,167896
ng,2021-10-19,4.985000133514404,5.099999904632568,4.824999809265137,5.0879998207092285,152725
ng,2021-10-20,5.065999984741211,5.2210001945495605,4.9120001792907715,5.170000076293945,140026
ng,2021-10-21,5.151000022888184,5.2270002365112305,5.00600004196167,5.114999771118164,107707
ng,2021-10-22,5.196000099182129,5.379000186920166,5.120999813079834,5.28000020980835,74365
ng,2021-10-25,5.4679999351501465,6.007999897003174,5.461999893188477,5.8979997634887695,50883
ng,2021-10-26,5.959000110626221,6.091000080108643,5.59499979019165,5.881999969482422,50705
ng,2021-10-27,5.857999801635742,6.290999889373779,5.769999980926514,6.202000141143799,187421
ng,2021-10-28,6.138000011444092,6.205999851226807,5.7129998207092285,5.7820000648498535,165632
ng,2021-10-29,5.73199987411499,5.836999893188477,5.401000022888184,5.426000118255615,154410
ng,2021-11-01,5.309999942779541,5.497000217437744,5.116000175476074,5.185999870300293,163258
ng,2021-11-02,5.21999979019165,5.565000057220459,5.205999851226807,5.541999816894531,153757
ng,2021-11-03,5.552999973297119,5.864999771118164,5.465000152587891,5.670000076293945,141498
ng,2021-11-04,5.860000133514404,5.875999927520752,5.534999847412109,5.716000080108643,147035
ng,2021-11-05,5.670000076293945,5.760000228881836,5.500999927520752,5.515999794006348,133344
ng,2021-11-08,5.605000019073486,5.663000106811523,5.380000114440918,5.427000045776367,154221
ng,2021-11-09,5.409999847412109,5.4670000076293945,4.909999847412109,4.979000091552734,202741
ng,2021-11-10,4.961999893188477,5.046000003814697,4.724999904632568,4.880000114440918,170388
ng,2021-11-11,4.916999816894531,5.176000118255615,4.888999938964844,5.14900016784668,135953
ng,2021-11-12,5.129000186920166,5.140999794006348,4.751999855041504,4.790999889373779,137099
ng,2021-11-15,4.9029998779296875,5.065000057220459,4.7129998207092285,5.017000198364258,117666
ng,2021-11-16,5.058000087738037,5.394000053405762,5.02400016784668,5.177000045776367,141140
ng,2021-11-17,5.158999919891357,5.164999961853027,4.800000190734863,4.815999984741211,145607
ng,2021-11-18,4.895999908447266,5.0320000648498535,4.829999923706055,4.9019999504089355,111027
ng,2021-11-19,4.894999980926514,5.156000137329102,4.8379998207092285,5.065000057220459,110058
ng,2021-11-22,4.909999847412109,4.956999778747559,4.6479997634887695,4.789000034332275,96186
ng,2021-11-23,4.796000003814697,5.081999778747559,4.756999969482422,4.9670000076293945,47431
ng,2021-11-24,4.992000102996826,5.150000095367432,4.880000114440918,5.067999839782715,40864
ng,2021-11-26,5.025000095367432,5.561999797821045,4.982999801635742,5.447000026702881,141778
ng,2021-11-29,5.198999881744385,5.199999809265137,4.817999839782715,4.854000091552734,172471
ng,2021-11-30,4.873000144958496,4.900000095367432,4.48199987411499,4.566999912261963,171822
ng,2021-12-01,4.605999946594238,4.664000034332275,4.21999979019165,4.257999897003174,171938
ng,2021-12-02,4.264999866485596,4.335000038146973,4.041999816894531,4.056000232696533,145506
ng,2021-12-03,4.105000019073486,4.284999847412109,4.065999984741211,4.131999969482422,124765
ng,2021-12-06,3.8259999752044678,3.885999917984009,3.630000114440918,3.6570000648498535,176715
ng,2021-12-07,3.680000066757202,3.8289999961853027,3.6570000648498535,3.7079999446868896,162973
ng,2021-12-08,3.7339999675750732,3.930999994277954,3.7230000495910645,3.815000057220459,146872
ng,2021-12-09,3.818000078201294,3.9240000247955322,3.7249999046325684,3.813999891281128,141107
ng,2021-12-10,3.7980000972747803,3.9649999141693115,3.759999990463257,3.924999952316284,133283
ng,2021-12-13,3.9749999046325684,4.085000038146973,3.7699999809265137,3.7939999103546143,162586
ng,2021-12-14,3.802000045776367,3.8399999141693115,3.686000108718872,3.746999979019165,116826
ng,2021-12-15,3.7850000858306885,3.9260001182556152,3.7660000324249268,3.802000045776367,110311
ng,2021-12-16,3.813999891281128,3.9760000705718994,3.7290000915527344,3.7660000324249268,122851
ng,2021-12-17,3.7829999923706055,3.813999891281128,3.617000102996826,3.690000057220459,101625
ng,2021-12-20,3.6449999809265137,3.9240000247955322,3.6419999599456787,3.8340001106262207,128582
ng,2021-12-21,3.8399999141693115,3.947000026702881,3.7190001010894775,3.86899995803833,128438
ng,2021-12-22,3.869999885559082,4.040999889373779,3.815999984741211,3.9760000705718994,86619
ng,2021-12-23,3.9700000286102295,4.00600004196167,3.5989999771118164,3.7309999465942383,82233
ng,2021-12-27,3.9579999446868896,4.086999893188477,3.7669999599456787,4.059999942779541,38911
ng,2021-12-28,4.065000057220459,4.1539998054504395,3.9549999237060547,4.054999828338623,35643
ng,2021-12-29,4.079999923706055,4.261000156402588,3.9049999713897705,4.02400016784668,141906
ng,2021-12-30,3.8529999256134033,3.9660000801086426,3.5360000133514404,3.561000108718872,124667
ng,2021-12-31,3.5889999866485596,3.7939999103546143,3.572000026702881,3.7300000190734863,93098
ng,2022-01-03,3.7019999027252197,3.8580000400543213,3.638000011444092,3.815000057220459,99069
ng,2022-01-04,3.816999912261963,3.944000005722046,3.7090001106262207,3.7170000076293945,133394
ng,2022-01-05,3.746999979019165,3.8970000743865967,3.7170000076293945,3.881999969482422,96811
ng,2022-01-06,3.8420000076293945,3.930999994277954,3.8010001182556152,3.812000036239624,116579
ng,2022-01-07,3.859999895095825,3.9800000190734863,3.799999952316284,3.9159998893737793,127012
ng,2022-01-10,4.144000053405762,4.2129998207092285,3.9769999980926514,4.078999996185303,177628
ng,2022-01-11,4.11899995803833,4.261000156402588,4.006999969482422,4.249000072479248,121623
ng,2022-01-12,4.224999904632568,4.879000186920166,4.185999870300293,4.85699987411499,217499
ng,2022-01-13,4.790999889373779,4.843999862670898,4.244999885559082,4.269999980926514,221612
ng,2022-01-14,4.263000011444092,4.304999828338623,4.0970001220703125,4.26200008392334,108856
ng,2022-01-18,4.355999946594238,4.389999866485596,4.216000080108643,4.2829999923706055,119454
ng,2022-01-19,4.327000141143799,4.385000228881836,4.010000228881836,4.031000137329102,116542
ng,2022-01-20,4.014999866485596,4.0370001792907715,3.7809998989105225,3.802000045776367,104199
ng,2022-01-21,3.8380000591278076,4.044000148773193,3.8329999446868896,3.999000072479248,70256
ng,2022-01-24,3.9149999618530273,4.067999839782715,3.875999927520752,4.0269999504089355,47100
ng,2022-01-25,3.9590001106262207,4.078999996185303,3.8889999389648438,4.052999973297119,23443
ng,2022-01-26,4.039999961853027,4.389999866485596,4.011000156402588,4.2769999504089355,44321
ng,2022-01-27,4.230000019073486,7.3460001945495605,4.230000019073486,6.264999866485596,193252
ng,2022-01-28,4.3420000076293945,4.875999927520752,4.285999774932861,4.638999938964844,263418
ng,2022-01-31,4.867000102996826,5.057000160217285,4.695000171661377,4.874000072479248,156746
ng,2022-02-01,4.921000003814697,4.973999977111816,4.619999885559082,4.750999927520752,140785
ng,2022-02-02,4.89300012588501,5.572000026702881,4.85699987411499,5.500999927520752,305898
ng,2022-02-03,5.420000076293945,5.453999996185303,4.815999984741211,4.888000011444092,205841
ng,2022-02-04,4.928999900817871,5.086999893188477,4.486999988555908,4.572000026702881,152119
ng,2022-02-07,4.383999824523926,4.4679999351501465,4.119999885559082,4.23199987411499,192859
ng,2022-02-08,4.276000022888184,4.38100004196167,4.172999858856201,4.248000144958496,154444
ng,2022-02-09,4.210999965667725,4.258999824523926,3.9830000400543213,4.008999824523926,154599
ng,2022-02-10,4.034999847412109,4.067999839782715,3.881999969482422,3.9590001106262207,141740
ng,2022-02-11,3.944000005722046,4.056000232696533,3.875999927520752,3.940999984741211,177373
ng,2022-02-14,4.103000164031982,4.229000091552734,4.039999961853027,4.195000171661377,121204
ng,2022-02-15,4.183000087738037,4.427999973297119,4.1570000648498535,4.306000232696533,141954
ng,2022-02-16,4.39300012588501,4.739999771118164,4.369999885559082,4.7170000076293945,155480
ng,2022-02-17,4.642000198364258,4.793000221252441,4.4019999504089355,4.486000061035156,117789
ng,2022-02-18,4.517000198364258,4.6539998054504395,4.370999813079834,4.431000232696533,73219
ng,2022-02-22,4.593999862670898,4.861000061035156,4.447999954223633,4.498000144958496,42641
ng,2022-02-23,4.504000186920166,4.703999996185303,4.452000141143799,4.623000144958496,47180
ng,2022-02-24,4.603000164031982,4.940000057220459,4.293000221252441,4.567999839782715,184107
ng,2022-02-25,4.572999954223633,4.716000080108643,4.416999816894531,4.46999979019165,114859
ng,2022-02-28,4.619999885559082,4.683000087738037,4.366000175476074,4.4019999504089355,107186
ng,2022-03-01,4.4079999923706055,4.626999855041504,4.340000152587891,4.572999954223633,112546
ng,2022-03-02,4.599999904632568,4.910999774932861,4.599999904632568,4.76200008392334,141694
ng,2022-03-03,4.795000076293945,4.935999870300293,4.627999782562256,4.7220001220703125,137151
ng,2022-03-04,4.75,5.045000076293945,4.728000164031982,5.015999794006348,125385
ng,2022-03-07,5.040999889373779,5.184000015258789,4.781000137329102,4.833000183105469,130864
ng,2022-03-08,4.817999839782715,4.881999969482422,4.506999969482422,4.5269999504089355,159168
ng,2022-03-09,4.568999767303467,4.625,4.449999809265137,4.526000022888184,95126
ng,2022-03-10,4.519999980926514,4.671000003814697,4.499000072479248,4.63100004196167,81807
ng,2022-03-11,4.6570000648498535,4.796999931335449,4.622000217437744,4.724999904632568,84506
ng,2022-03-14,4.704999923706055,4.758999824523926,4.50600004196167,4.6579999923706055,73961
ng,2022-03-15,4.678999900817871,4.682000160217285,4.459000110626221,4.567999839782715,86943
ng,2022-03-16,4.625,4.776000022888184,4.593999862670898,4.748000144958496,80521
ng,2022-03-17,4.747000217437744,5.000999927520752,4.690999984741211,4.989999771118164,93844
ng,2022-03-18,4.929999828338623,4.956999778747559,4.810999870300293,4.86299991607666,67268
ng,2022-03-21,4.908999919891357,4.97599983215332,4.748000144958496,4.900000095367432,75457
ng,2022-03-22,4.947999954223633,5.203999996185303,4.876999855041504,5.186999797821045,122753
ng,2022-03-23,5.146999835968018,5.329999923706055,5.0920000076293945,5.23199987411499,74535
ng,2022-03-24,5.114999771118164,5.464000225067139,5.063000202178955,5.401000022888184,84230
ng,2022-03-25,5.401000022888184,5.577000141143799,5.34499979019165,5.571000099182129,29472
ng,2022-03-28,5.551000118255615,5.6519999504089355,5.419000148773193,5.507999897003174,33907
ng,2022-03-29,5.453000068664551,5.491000175476074,5.255000114440918,5.335999965667725,111300
ng,2022-03-30,5.328999996185303,5.624000072479248,5.269999980926514,5.605000019073486,117845
ng,2022-03-31,5.574999809265137,5.831999778747559,5.453999996185303,5.642000198364258,159717
ng,2022-04-01,5.626999855041504,5.7779998779296875,5.505000114440918,5.71999979019165,178521
ng,2022-04-04,5.744999885559082,5.85699987411499,5.650000095367432,5.711999893188477,137180
ng,2022-04-05,5.7820000648498535,6.201000213623047,5.770999908447266,6.0320000648498535,158216
ng,2022-04-06,6.078000068664551,6.394000053405762,6.0,6.0289998054504395,166720
ng,2022-04-07,6.116000175476074,6.440000057220459,6.0,6.359000205993652,199510
ng,2022-04-08,6.410999774932861,6.538000106811523,6.256999969482422,6.2779998779296875,188342
ng,2022-04-11,6.394000053405762,6.7220001220703125,6.247000217437744,6.64300012588501,177957
ng,2022-04-12,6.704999923706055,6.947000026702881,6.599999904632568,6.679999828338623,234248
ng,2022-04-13,6.703999996185303,7.091000080108643,6.6519999504089355,6.997000217437744,210551
ng,2022-04-14,7.046000003814697,7.3460001945495605,6.949999809265137,7.300000190734863,214218
ng,2022-04-18,7.367000102996826,8.0649995803833,7.364999771118164,7.820000171661377,191084
ng,2022-04-19,7.776000022888184,7.939000129699707,6.953999996185303,7.176000118255615,236995
ng,2022-04-20,7.252999782562256,7.409999847412109,6.790999889373779,6.936999797821045,157958
ng,2022-04-21,6.824999809265137,7.145999908447266,6.703000068664551,6.956999778747559,145263
ng,2022-04-22,6.938000202178955,7.079999923706055,6.438000202178955,6.533999919891357,80599
ng,2022-04-25,6.414000034332275,6.966000080108643,6.34499979019165,6.669000148773193,32516
ng,2022-04-26,6.835999965667725,7.050000190734863,6.6620001792907715,6.849999904632568,41407
ng,2022-04-27,6.857999801635742,7.343999862670898,6.800000190734863,7.267000198364258,155327
ng,2022-04-28,7.394999980926514,7.421999931335449,6.879000186920166,6.888000011444092,139569
ng,2022-04-29,6.939000129699707,7.335000038146973,6.804999828338623,7.24399995803833,109239
ng,2022-05-02,7.4120001792907715,7.617000102996826,7.218999862670898,7.474999904632568,110917
ng,2022-05-03,7.539999961853027,8.168999671936035,7.539000034332275,7.953999996185303,153339
ng,2022-05-04,7.815000057220459,8.473999977111816,7.729000091552734,8.414999961853027,132317
ng,2022-05-05,8.354999542236328,8.913000106811523,8.116999626159668,8.782999992370605,160163
ng,2022-05-06,8.843000411987305,8.996000289916992,7.956999778747559,8.043000221252441,168297
ng,2022-05-09,7.8429999351501465,8.286999702453613,6.961999893188477,7.026000022888184,202616
ng,2022-05-10,7.03000020980835,7.4629998207092285,6.429999828338623,7.385000228881836,185464
ng,2022-05-11,7.311999797821045,7.7210001945495605,7.296000003814697,7.639999866485596,120930
ng,2022-05-12,7.63700008392334,7.789999961853027,7.255000114440918,7.738999843597412,107056
ng,2022-05-13,7.672999858856201,7.919000148773193,7.514999866485596,7.663000106811523,85042
ng,2022-05-16,7.699999809265137,8.182999610900879,7.663000106811523,7.955999851226807,93521
ng,2022-05-17,8.015999794006348,8.371999740600586,8.015000343322754,8.303999900817871,76666
ng,2022-05-18,8.317999839782715,8.54800033569336,8.15999984741211,8.368000030517578,80717
ng,2022-05-19,8.239999771118164,8.5,7.90500020980835,8.307999610900879,90577
ng,2022-05-20,8.112000465393066,8.189000129699707,7.836999893188477,8.083000183105469,85458
ng,2022-05-23,8.079000473022461,8.821999549865723,7.85099983215332,8.744000434875488,65546
ng,2022-05-24,8.72700023651123,8.930000305175781,8.604999542236328,8.795999526977539,31660
ng,2022-05-25,8.831000328063965,9.39900016784668,8.765000343322754,8.970999717712402,37393
ng,2022-05-26,8.984000205993652,9.401000022888184,8.78499984741211,8.907999992370605,163265
ng,2022-05-27,8.810999870300293,8.895000457763672,8.28499984741211,8.72700023651123,107093
ng,2022-05-31,8.87399959564209,8.916000366210938,8.118000030517578,8.145000457763672,125484
ng,2022-06-01,8.270999908447266,8.791000366210938,8.145999908447266,8.696000099182129,111962
ng,2022-06-02,8.782999992370605,9.057000160217285,8.376999855041504,8.484999656677246,119011
ng,2022-06-03,8.411999702453613,8.692999839782715,8.267000198364258,8.52299976348877,75228
ng,2022-06-06,8.75,9.399999618530273,8.732000350952148,9.321999549865723,129103
ng,2022-06-07,9.359000205993652,9.543999671936035,9.199999809265137,9.293000221252441,140029
ng,2022-06-08,9.335000038146973,9.663999557495117,8.427000045776367,8.699000358581543,250296
ng,2022-06-09,8.628999710083008,9.03600025177002,8.015999794006348,8.963000297546387,244480
ng,2022-06-10,8.996999740600586,9.14900016784668,8.621999740600586,8.850000381469727,134611
ng,2022-06-13,8.920000076293945,8.949999809265137,8.381999969482422,8.609000205993652,167556
ng,2022-06-14,8.685999870300293,8.888999938964844,7.007999897003174,7.189000129699707,273717
ng,2022-06-15,7.269000053405762,7.697999954223633,7.201000213623047,7.420000076293945,123589
ng,2022-06-16,7.539999961853027,8.027000427246094,7.329999923706055,7.464000225067139,137433
ng,2022-06-17,7.453999996185303,7.5879998207092285,6.88100004196167,6.943999767303467,103759
ng,2022-06-21,6.800000190734863,6.97599983215332,6.553999900817871,6.808000087738037,120010
ng,2022-06-22,6.843999862670898,6.929999828338623,6.574999809265137,6.857999801635742,92473
ng,2022-06-23,6.828999996185303,6.840000152587891,6.175000190734863,6.238999843597412,78031
ng,2022-06-24,6.228000164031982,6.336999893188477,6.020999908447266,6.21999979019165,26571
ng,2022-06-27,6.125999927520752,6.538000106811523,6.010000228881836,6.500999927520752,33103
ng,2022-06-28,6.448999881744385,6.764999866485596,6.386000156402588,6.551000118255615,90792
ng,2022-06-29,6.631999969482422,6.833000183105469,6.40500020980835,6.498000144958496,82205
ng,2022-06-30,6.427999973297119,6.6020002365112305,5.35699987411499,5.423999786376953,182579
ng,2022-07-01,5.701000213623047,5.949999809265137,5.590000152587891,5.730000019073486,106967
ng,2022-07-05,5.711999893188477,5.9070000648498535,5.324999809265137,5.5229997634887695,110174
ng,2022-07-06,5.460000038146973,5.736999988555908,5.380000114440918,5.510000228881836,73506
ng,2022-07-07,5.539000034332275,6.38100004196167,5.48799991607666,6.296999931335449,127670
ng,2022-07-08,6.188000202178955,6.304999828338623,6.01200008392334,6.033999919891357,107326
ng,2022-07-11,6.446000099182129,6.689000129699707,6.23199987411499,6.426000118255615,109392
ng,2022-07-12,6.525000095367432,6.785999774932861,6.013999938964844,6.163000106811523,132046
ng,2022-07-13,6.251999855041504,6.797999858856201,6.201000213623047,6.689000129699707,116805
ng,2022-07-14,6.5980000495910645,6.8979997634887695,6.5370001792907715,6.599999904632568,121044
ng,2022-07-15,6.669000148773193,7.144000053405762,6.420000076293945,7.015999794006348,105875
ng,2022-07-18,7.168000221252441,7.553999900817871,7.078000068664551,7.479000091552734,91133
ng,2022-07-19,7.432000160217285,7.540999889373779,7.109000205993652,7.263999938964844,96160
ng,2022-07-20,7.311999797821045,8.039999961853027,7.173999786376953,8.006999969482422,120860
ng,2022-07-21,7.873000144958496,8.175999641418457,7.605999946594238,7.932000160217285,96422
ng,2022-07-22,7.892000198364258,8.416999816894531,7.75,8.298999786376953,52813
ng,2022-07-25,8.390000343322754,8.87399959564209,8.347000122070312,8.72700023651123,33164
ng,2022-07-26,8.814000129699707,9.751999855041504,8.75,8.993000030517578,38204
ng,2022-07-27,8.880999565124512,9.137999534606934,8.487000465393066,8.687000274658203,105217
ng,2022-07-28,8.579999923706055,8.845000267028809,8.102999687194824,8.133999824523926,89237
ng,2022-07-29,8.154999732971191,8.387999534606934,8.010000228881836,8.229000091552734,77774
ng,2022-08-01,7.909999847412109,8.29800033569336,7.752999782562256,8.282999992370605,104021
ng,2022-08-02,8.227999687194824,8.232999801635742,7.625,7.705999851226807,106080
ng,2022-08-03,7.671000003814697,8.479999542236328,7.550000190734863,8.265999794006348,134210
ng,2022-08-04,8.281000137329102,8.449999809265137,7.824999809265137,8.121999740600586,102540
ng,2022-08-05,8.151000022888184,8.248000144958496,7.8979997634887695,8.064000129699707,111704
ng,2022-08-08,7.875999927520752,7.916999816894531,7.5320000648498535,7.589000225067139,117789
ng,2022-08-09,7.665999889373779,7.888999938964844,7.623000144958496,7.833000183105469,88511
ng,2022-08-10,7.857999801635742,8.267000198364258,7.704999923706055,8.20199966430664,111811
ng,2022-08-11,8.222000122070312,8.994000434875488,8.178000450134277,8.87399959564209,141751
ng,2022-08-12,8.717000007629395,8.918999671936035,8.515999794006348,8.767999649047852,68126
ng,2022-08-15,8.678999900817871,8.935999870300293,8.402999877929688,8.727999687194824,80221
ng,2022-08-16,8.809000015258789,9.41100025177002,8.78499984741211,9.329000473022461,104087
ng,2022-08-17,9.362000465393066,9.677000045776367,9.121000289916992,9.244000434875488,88675
ng,2022-08-18,9.166000366210938,9.663000106811523,8.913000106811523,9.187999725341797,112102
ng,2022-08-19,9.201000213623047,9.395000457763672,8.869999885559082,9.336000442504883,69809
ng,2022-08-22,9.173999786376953,9.982000350952148,9.157999992370605,9.680000305175781,92412
ng,2022-08-23,9.817000389099121,10.027999877929688,9.050000190734863,9.192999839782715,118634
ng,2022-08-24,9.25,9.454999923706055,9.100000381469727,9.329999923706055,50496
ng,2022-08-25,9.23900032043457,9.418999671936035,9.175000190734863,9.375,25827
ng,2022-08-26,9.371999740600586,9.668000221252441,9.185999870300293,9.295999526977539,33977
ng,2022-08-29,9.670000076293945,9.682000160217285,9.034000396728516,9.352999687194824,89284
ng,2022-08-30,9.26200008392334,9.300000190734863,8.864999771118164,9.041999816894531,76599
ng,2022-08-31,9.081999778747559,9.284000396728516,8.814000129699707,9.126999855041504,86294
ng,2022-09-01,9.133000373840332,9.394000053405762,9.010000228881836,9.26200008392334,94244
ng,2022-09-02,9.1899995803833,9.239999771118164,8.619000434875488,8.78600025177002,103166
ng,2022-09-06,9.027999877929688,9.12600040435791,7.822999954223633,8.145000457763672,149360
ng,2022-09-07,8.038999557495117,8.298999786376953,7.750999927520752,7.8420000076293945,127189
ng,2022-09-08,7.841000080108643,8.064000129699707,7.771999835968018,7.914999961853027,105989
ng,2022-09-09,7.974999904632568,8.204999923706055,7.888000011444092,7.995999813079834,90496
ng,2022-09-12,8.026000022888184,8.406000137329102,7.855000019073486,8.24899959564209,106172
ng,2022-09-13,8.380999565124512,8.456000328063965,8.154999732971191,8.284000396728516,108829
ng,2022-09-14,8.390999794006348,9.23799991607666,8.324999809265137,9.11400032043457,137213
ng,2022-09-15,9.072999954223633,9.116999626159668,8.204000473022461,8.324000358581543,127214
ng,2022-09-16,8.29800033569336,8.319000244140625,7.7170000076293945,7.763999938964844,96572
ng,2022-09-19,7.736999988555908,7.922999858856201,7.4039998054504395,7.751999855041504,87547
ng,2022-09-20,7.863999843597412,7.985000133514404,7.646999835968018,7.7170000076293945,80107
ng,2022-09-21,7.735000133514404,8.123000144958496,7.559999942779541,7.7789998054504395,98568
ng,2022-09-22,7.730999946594238,7.776000022888184,7.060999870300293,7.089000225067139,136340
ng,2022-09-23,7.182000160217285,7.2820000648498535,6.736999988555908,6.828000068664551,73669
ng,2022-09-26,6.843999862670898,6.96999979019165,6.526000022888184,6.9029998779296875,24604
ng,2022-09-27,6.935999870300293,7.119999885559082,6.617000102996826,6.651000022888184,36366
ng,2022-09-28,6.665999889373779,6.901000022888184,6.455999851226807,6.868000030517578,98396
ng,2022-09-29,7.0289998054504395,7.138999938964844,6.598999977111816,6.874000072479248,85719
ng,2022-09-30,6.894999980926514,7.044000148773193,6.704999923706055,6.765999794006348,97372
ng,2022-10-03,6.800000190734863,6.828999996185303,6.304999828338623,6.46999979019165,104483
ng,2022-10-04,6.526000022888184,6.886000156402588,6.309999942779541,6.836999893188477,121681
ng,2022-10-05,6.829999923706055,7.021999835968018,6.626999855041504,6.929999828338623,80869
ng,2022-10-06,6.921000003814697,7.188000202178955,6.855999946594238,6.9720001220703125,109938
ng,2022-10-07,6.855999946594238,6.926000118255615,6.599999904632568,6.748000144958496,124707
ng,2022-10-10,6.646999835968018,6.901000022888184,6.410999774932861,6.434999942779541,114235
ng,2022-10-11,6.51200008392334,6.671000003814697,6.361999988555908,6.5960001945495605,106885
ng,2022-10-12,6.60099983215332,6.802999973297119,6.39900016784668,6.434999942779541,112382
ng,2022-10-13,6.439000129699707,6.7769999504089355,6.336999893188477,6.741000175476074,131392
ng,2022-10-14,6.684000015258789,6.742000102996826,6.408999919891357,6.453000068664551,96729
ng,2022-10-17,6.263000011444092,6.314000129699707,5.9120001792907715,5.999000072479248,132424
ng,2022-10-18,5.978000164031982,6.09499979019165,5.672999858856201,5.744999885559082,102085
ng,2022-10-19,5.685999870300293,5.783999919891357,5.427000045776367,5.461999893188477,107157
ng,2022-10-20,5.455999851226807,5.565000057220459,5.252999782562256,5.357999801635742,104216
ng,2022-10-21,5.322000026702881,5.375,4.9029998779296875,4.959000110626221,101734
ng,2022-10-24,4.96999979019165,5.258999824523926,4.75,5.198999881744385,69672
ng,2022-10-25,5.186999797821045,5.739999771118164,5.11899995803833,5.61299991607666,39947
ng,2022-10-26,5.729000091552734,5.748000144958496,5.3470001220703125,5.605999946594238,36778
ng,2022-10-27,5.703000068664551,5.703000068664551,4.947999954223633,5.185999870300293,118808
ng,2022-10-28,5.8480000495910645,5.889999866485596,5.546999931335449,5.684000015258789,84706
ng,2022-10-31,5.831999778747559,6.400000095367432,5.822999954223633,6.355000019073486,128751
ng,2022-11-01,6.269999980926514,6.309000015258789,5.613999843597412,5.714000225067139,136649
ng,2022-11-02,5.828999996185303,6.302999973297119,5.7870001792907715,6.26800012588501,104854
ng,2022-11-03,6.202000141143799,6.2179999351501465,5.874000072479248,5.974999904632568,98527
ng,2022-11-04,5.934999942779541,6.510000228881836,5.89300012588501,6.400000095367432,117251
ng,2022-11-07,6.980000019073486,7.2210001945495605,6.565999984741211,6.943999767303467,171262
ng,2022-11-08,6.686999797821045,6.822999954223633,6.061999797821045,6.138000011444092,146540
ng,2022-11-09,6.190000057220459,6.349999904632568,5.715000152587891,5.864999771118164,134654
ng,2022-11-10,5.949999809265137,6.26200008392334,5.763999938964844,6.238999843597412,101637
ng,2022-11-11,6.164999961853027,6.505000114440918,5.775000095367432,5.879000186920166,110492
ng,2022-11-14,6.11899995803833,6.415999889373779,5.889999866485596,5.933000087738037,110910
ng,2022-11-15,6.065000057220459,6.203000068664551,5.841000080108643,6.033999919891357,76925
ng,2022-11-16,6.138000011444092,6.25,5.7270002365112305,6.199999809265137,112921
ng,2022-11-17,6.204999923706055,6.546999931335449,6.1620001792907715,6.36899995803833,106768
ng,2022-11-18,6.382999897003174,6.474999904632568,6.045000076293945,6.302999973297119,102563
ng,2022-11-21,6.333000183105469,6.836999893188477,6.144999980926514,6.776000022888184,107821
ng,2022-11-22,6.703000068664551,6.97599983215332,6.456999778747559,6.7789998054504395,73116
ng,2022-11-23,6.900000095367432,7.604000091552734,6.88700008392334,7.308000087738037,59054
ng,2022-11-25,7.331999778747559,7.400000095367432,6.800000190734863,7.02400016784668,35506
ng,2022-11-28,6.869999885559082,6.980000019073486,6.5,6.711999893188477,105914
ng,2022-11-29,7.318999767303467,7.421000003814697,7.0920000076293945,7.235000133514404,101680
ng,2022-11-30,7.263999938964844,7.304999828338623,6.806000232696533,6.929999828338623,107306
ng,2022-12-01,6.966000080108643,7.2129998207092285,6.708000183105469,6.73799991607666,94563
ng,2022-12-02,6.828999996185303,6.839000225067139,6.2210001945495605,6.281000137329102,115609
ng,2022-12-05,5.900000095367432,6.052000045776367,5.556000232696533,5.577000141143799,167674
ng,2022-12-06,5.642000198364258,5.673999786376953,5.336999893188477,5.468999862670898,131231
ng,2022-12-07,5.388000011444092,5.849999904632568,5.382999897003174,5.7230000495910645,172964
ng,2022-12-08,5.814000129699707,6.164000034332275,5.769999980926514,5.961999893188477,154504
ng,2022-12-09,5.929999828338623,6.390999794006348,5.794000148773193,6.244999885559082,160027
ng,2022-12-12,6.949999809265137,7.058000087738037,6.486999988555908,6.586999893188477,171431
ng,2022-12-13,6.533999919891357,7.105000019073486,6.499000072479248,6.934999942779541,168109
ng,2022-12-14,6.951000213623047,6.960999965667725,6.336999893188477,6.429999828338623,139039
ng,2022-12-15,6.370999813079834,7.035999774932861,6.357999801635742,6.96999979019165,139782
ng,2022-12-16,6.888000011444092,6.888000011444092,6.218999862670898,6.599999904632568,116642
ng,2022-12-19,6.1539998054504395,6.275000095367432,5.764999866485596,5.85099983215332,121279
ng,2022-12-20,5.831999778747559,5.906000137329102,5.25600004196167,5.326000213623047,123996
ng,2022-12-21,5.388999938964844,5.609000205993652,5.264999866485596,5.331999778747559,89444
ng,2022-12-22,5.465000152587891,5.6529998779296875,4.974999904632568,4.999000072479248,66757
ng,2022-12-23,5.0929999351501465,5.244999885559082,4.824999809265137,5.078999996185303,42105
ng,2022-12-27,5.2829999923706055,5.367000102996826,5.080999851226807,5.2820000648498535,41154
ng,2022-12-28,5.183000087738037,5.183000087738037,4.5879998207092285,4.709000110626221,115022
ng,2022-12-29,4.767000198364258,4.789999961853027,4.421999931335449,4.559000015258789,78441
ng,2022-12-30,4.558000087738037,4.614999771118164,4.377999782562256,4.474999904632568,62281
ng,2023-01-03,4.39300012588501,4.394000053405762,3.8940000534057617,3.98799991607666,116837
ng,2023-01-04,4.007999897003174,4.218999862670898,3.9000000953674316,4.171999931335449,99759
ng,2023-01-05,4.15500020980835,4.175000190734863,3.6510000228881836,3.7200000286102295,116682
ng,2023-01-06,3.7639999389648438,3.8389999866485596,3.5199999809265137,3.7100000381469727,105050
ng,2023-01-09,3.809999942779541,4.127999782562256,3.7809998989105225,3.9100000858306885,130276
ng,2023-01-10,3.9110000133514404,3.9110000133514404,3.5460000038146973,3.6389999389648438,112231
ng,2023-01-11,3.575000047683716,3.7769999504089355,3.421999931335449,3.6710000038146973,133203
ng,2023-01-12,3.694000005722046,3.946000099182129,3.6070001125335693,3.694999933242798,123743
ng,2023-01-13,3.677000045776367,3.759999990463257,3.384000062942505,3.4189999103546143,112096
ng,2023-01-17,3.556999921798706,3.7890000343322754,3.5209999084472656,3.5859999656677246,143310
ng,2023-01-18,3.628000020980835,3.6440000534057617,3.2739999294281006,3.311000108718872,119853
ng,2023-01-19,3.2929999828338623,3.3959999084472656,3.186000108718872,3.2750000953674316,99670
ng,2023-01-20,3.203000068664551,3.3889999389648438,3.0910000801086426,3.1740000247955322,106735
ng,2023-01-23,3.450000047683716,3.563999891281128,3.243000030517578,3.447000026702881,130377
ng,2023-01-24,3.450000047683716,3.5950000286102295,3.2239999771118164,3.257999897003174,62585
ng,2023-01-25,3.242000102996826,3.250999927520752,2.992000102996826,3.066999912261963,40750
ng,2023-01-26,3.003000020980835,3.003000020980835,2.760999917984009,2.944000005722046,47669
ng,2023-01-27,2.875999927520752,3.1760001182556152,2.8320000171661377,3.1089999675750732,128689
ng,2023-01-30,2.7200000286102295,2.7730000019073486,2.611999988555908,2.677000045776367,167291
ng,2023-01-31,2.684999942779541,2.753000020980835,2.614000082015991,2.684000015258789,145544
ng,2023-02-01,2.7300000190734863,2.7799999713897705,2.4630000591278076,2.4679999351501465,210664
ng,2023-02-02,2.503999948501587,2.5969998836517334,2.430999994277954,2.4560000896453857,160777
ng,2023-02-03,2.4570000171661377,2.515000104904175,2.3410000801086426,2.4100000858306885,145394
ng,2023-02-06,2.421999931335449,2.5,2.365000009536743,2.4570000171661377,138819
ng,2023-02-07,2.499000072479248,2.615000009536743,2.4230000972747803,2.5840001106262207,228475
ng,2023-02-08,2.5989999771118164,2.6570000648498535,2.367000102996826,2.3959999084472656,204605
ng,2023-02-09,2.4110000133514404,2.5290000438690186,2.3499999046325684,2.430000066757202,227981
ng,2023-02-10,2.4639999866485596,2.5889999866485596,2.4100000858306885,2.5139999389648438,230687
ng,2023-02-13,2.5799999237060547,2.609999895095825,2.375999927520752,2.4049999713897705,251399
ng,2023-02-14,2.427000045776367,2.622999906539917,2.4149999618530273,2.566999912261963,169804
ng,2023-02-15,2.6029999256134033,2.6070001125335693,2.446000099182129,2.4709999561309814,147505
ng,2023-02-16,2.4639999866485596,2.559000015258789,2.3580000400543213,2.3889999389648438,141459
ng,2023-02-17,2.3910000324249268,2.4200000762939453,2.2200000286102295,2.2750000953674316,133999
ng,2023-02-21,2.2249999046325684,2.2950000762939453,2.056999921798706,2.072999954223633,108507
ng,2023-02-22,2.065999984741211,2.302000045776367,1.9670000076293945,2.1740000247955322,57853
ng,2023-02-23,2.1610000133514404,2.377000093460083,2.0950000286102295,2.313999891281128,57085
ng,2023-02-24,2.3450000286102295,2.5769999027252197,2.306999921798706,2.4509999752044678,168130
ng,2023-02-27,2.6500000953674316,2.740000009536743,2.553999900817871,2.7309999465942383,238896
ng,2023-02-28,2.7230000495910645,2.7880001068115234,2.568000078201294,2.746999979019165,160843
ng,2023-03-01,2.7690000534057617,2.8389999866485596,2.6640000343322754,2.811000108718872,157116
ng,2023-03-02,2.811000108718872,2.86299991607666,2.7100000381469727,2.765000104904175,134243
ng,2023-03-03,2.7890000343322754,3.0269999504089355,2.7720000743865967,3.009000062942505,185066
ng,2023-03-06,2.8299999237060547,2.8299999237060547,2.5320000648498535,2.572000026702881,246373
ng,2023-03-07,2.6029999256134033,2.697999954223633,2.50600004196167,2.687000036239624,149484
ng,2023-03-08,2.6619999408721924,2.694000005722046,2.5190000534057617,2.5510001182556152,132610
ng,2023-03-09,2.5899999141693115,2.6440000534057617,2.4649999141693115,2.5429999828338623,138147
ng,2023-03-10,2.49399995803833,2.562000036239624,2.424999952316284,2.430000066757202,127165
ng,2023-03-13,2.4260001182556152,2.632999897003174,2.3910000324249268,2.6059999465942383,146573
ng,2023-03-14,2.624000072479248,2.6740000247955322,2.5299999713897705,2.572999954223633,93916
ng,2023-03-15,2.5769999027252197,2.5950000286102295,2.384000062942505,2.438999891281128,132196
ng,2023-03-16,2.4830000400543213,2.553999900817871,2.428999900817871,2.5139999389648438,114147
ng,2023-03-17,2.5269999504089355,2.5339999198913574,2.3269999027252197,2.3380000591278076,118455
ng,2023-03-20,2.3469998836517334,2.427000045776367,2.2109999656677246,2.2230000495910645,110519
ng,2023-03-21,2.246000051498413,2.3580000400543213,2.127000093460083,2.3480000495910645,138551
ng,2023-03-22,2.322000026702881,2.3259999752044678,2.1519999504089355,2.1710000038146973,121562
ng,2023-03-23,2.2149999141693115,2.260999917984009,2.135999917984009,2.1540000438690186,87692
ng,2023-03-24,2.1530001163482666,2.23799991607666,2.1410000324249268,2.2160000801086426,55636
ng,2023-03-27,2.130000114440918,2.1429998874664307,2.059000015258789,2.0880000591278076,39811
ng,2023-03-28,2.0889999866485596,2.121999979019165,1.9980000257492065,2.0299999713897705,62598
ng,2023-03-29,2.0239999294281006,2.0829999446868896,1.944000005722046,1.9910000562667847,155175
ng,2023-03-30,2.183000087738037,2.190000057220459,2.0799999237060547,2.1040000915527344,153725
ng,2023-03-31,2.1070001125335693,2.240999937057495,2.0739998817443848,2.2160000801086426,164651
ng,2023-04-03,2.0850000381469727,2.1600000858306885,2.015000104904175,2.0969998836517334,173583
ng,2023-04-04,2.114000082015991,2.1659998893737793,2.0759999752044678,2.1059999465942383,149115
ng,2023-04-05,2.0959999561309814,2.197000026702881,2.065000057220459,2.1549999713897705,147112
ng,2023-04-06,2.1410000324249268,2.180999994277954,1.9919999837875366,2.010999917984009,0
ng,2023-04-10,2.0190000534057617,2.2230000495910645,2.010999917984009,2.171999931335449,256800
ng,2023-04-11,2.181999921798706,2.246999979019165,2.125999927520752,2.186000108718872,220673
ng,2023-04-12,2.2209999561309814,2.2290000915527344,2.069000005722046,2.0929999351501465,247319
ng,2023-04-13,2.0840001106262207,2.130000114440918,1.9950000047683716,2.006999969482422,224382
ng,2023-04-14,2.015000104904175,2.131999969482422,1.9459999799728394,2.114000082015991,226788
ng,2023-04-17,2.1500000953674316,2.313999891281128,2.1459999084472656,2.2750000953674316,191441
ng,2023-04-18,2.2899999618530273,2.384999990463257,2.2290000915527344,2.365999937057495,120611
ng,2023-04-19,2.372999906539917,2.382999897003174,2.177000045776367,2.2219998836517334,147565
ng,2023-04-20,2.178999900817871,2.2709999084472656,2.140000104904175,2.249000072479248,115594
ng,2023-04-21,2.191999912261963,2.2739999294281006,2.1640000343322754,2.2330000400543213,82961
ng,2023-04-24,2.2200000286102295,2.2860000133514404,2.180999994277954,2.2730000019073486,56324
ng,2023-04-25,2.26200008392334,2.312000036239624,2.1700000762939453,2.306999921798706,66131
ng,2023-04-26,2.239000082015991,2.2739999294281006,2.1010000705718994,2.117000102996826,149625
ng,2023-04-27,2.313999891281128,2.375999927520752,2.2679998874664307,2.3550000190734863,105218
ng,2023-04-28,2.3580000400543213,2.5290000438690186,2.2850000858306885,2.4100000858306885,176420
ng,2023-05-01,2.3980000019073486,2.4100000858306885,2.2899999618530273,2.318000078201294,108993
ng,2023-05-02,2.313999891281128,2.3450000286102295,2.186000108718872,2.2139999866485596,127225
ng,2023-05-03,2.2239999771118164,2.240999937057495,2.1029999256134033,2.1700000762939453,130327
ng,2023-05-04,2.1570000648498535,2.188999891281128,2.0810000896453857,2.1010000705718994,113278
ng,2023-05-05,2.0859999656677246,2.1670000553131104,2.0309998989105225,2.13700008392334,120689
ng,2023-05-08,2.1480000019073486,2.255000114440918,2.140000104904175,2.23799991607666,125345
ng,2023-05-09,2.249000072479248,2.296999931335449,2.184000015258789,2.2669999599456787,134534
ng,2023-05-10,2.26200008392334,2.265000104904175,2.1600000858306885,2.190999984741211,126485
ng,2023-05-11,2.181999921798706,2.255000114440918,2.1649999618530273,2.190000057220459,119033
ng,2023-05-12,2.190999984741211,2.3350000381469727,2.1470000743865967,2.2660000324249268,159351
ng,2023-05-15,2.265000104904175,2.384000062942505,2.25,2.375,142753
ng,2023-05-16,2.372999906539917,2.4700000286102295,2.3410000801086426,2.375999927520752,135427
ng,2023-05-17,2.361999988555908,2.434999942779541,2.322000026702881,2.365000009536743,139262
ng,2023-05-18,2.380000114440918,2.634000062942505,2.3519999980926514,2.5920000076293945,186293
ng,2023-05-19,2.615000009536743,2.684999942779541,2.556999921798706,2.5850000381469727,162128
ng,2023-05-22,2.568000078201294,2.569000005722046,2.367000102996826,2.4000000953674316,114478
ng,2023-05-23,2.4000000953674316,2.4070000648498535,2.318000078201294,2.321000099182129,58742
ng,2023-05-24,2.3469998836517334,2.4149999618530273,2.316999912261963,2.3980000019073486,33040
ng,2023-05-25,2.4130001068115234,2.440999984741211,2.257999897003174,2.306999921798706,48663
ng,2023-05-26,2.2920000553131104,2.2980000972747803,2.1429998874664307,2.180999994277954,140560
ng,2023-05-30,2.4170000553131104,2.447999954223633,2.256999969482422,2.3269999027252197,183534
ng,2023-05-31,2.319999933242798,2.4100000858306885,2.246999979019165,2.2660000324249268,151831
ng,2023-06-01,2.255000114440918,2.2829999923706055,2.135999917984009,2.1579999923706055,210624
ng,2023-06-02,2.1630001068115234,2.2330000400543213,2.138000011444092,2.171999931335449,155169
ng,2023-06-05,2.2139999866485596,2.316999912261963,2.184000015258789,2.244999885559082,149918
ng,2023-06-06,2.2720000743865967,2.2909998893737793,2.1730000972747803,2.26200008392334,147732
ng,2023-06-07,2.2639999389648438,2.3459999561309814,2.25,2.3289999961853027,182391
ng,2023-06-08,2.3340001106262207,2.380000114440918,2.2769999504089355,2.3519999980926514,217008
ng,2023-06-09,2.319999933242798,2.3380000591278076,2.25,2.253999948501587,169479
ng,2023-06-12,2.303999900817871,2.3239998817443848,2.2060000896453857,2.2660000324249268,174479
ng,2023-06-13,2.2839999198913574,2.369999885559082,2.2750000953674316,2.3399999141693115,179755
ng,2023-06-14,2.3320000171661377,2.390000104904175,2.2939999103546143,2.3420000076293945,141175
ng,2023-06-15,2.3459999561309814,2.568000078201294,2.315000057220459,2.5329999923706055,260280
ng,2023-06-16,2.552000045776367,2.6530001163482666,2.5220000743865967,2.631999969482422,194535
ng,2023-06-20,2.628999948501587,2.696000099182129,2.4839999675750732,2.492000102996826,198217
ng,2023-06-21,2.486999988555908,2.6019999980926514,2.447999954223633,2.5969998836517334,125413
ng,2023-06-22,2.5899999141693115,2.631999969482422,2.5290000438690186,2.6080000400543213,109156
ng,2023-06-23,2.611999988555908,2.740000009536743,2.5199999809265137,2.7290000915527344,84433
ng,2023-06-26,2.757999897003174,2.815999984741211,2.7200000286102295,2.7909998893737793,31600
ng,2023-06-27,2.7769999504089355,2.809000015258789,2.7239999771118164,2.763000011444092,71154
ng,2023-06-28,2.7880001068115234,2.8389999866485596,2.5929999351501465,2.6029999256134033,137907
ng,2023-06-29,2.6619999408721924,2.746000051498413,2.615999937057495,2.7009999752044678,118610
ng,2023-06-30,2.677000045776367,2.828000068664551,2.634000062942505,2.7980000972747803,147265
ng,2023-07-03,2.7290000915527344,2.746000051498413,2.6700000762939453,2.7090001106262207,79618
ng,2023-07-05,2.6989998817443848,2.7929999828338623,2.6480000019073486,2.6570000648498535,124912
ng,2023-07-06,2.6519999504089355,2.687000036239624,2.5859999656677246,2.6089999675750732,109301
ng,2023-07-07,2.634999990463257,2.674999952316284,2.5360000133514404,2.5820000171661377,103593
ng,2023-07-10,2.569999933242798,2.691999912261963,2.569999933242798,2.6689999103546143,124495
ng,2023-07-11,2.6670000553131104,2.747999906539917,2.630000114440918,2.7309999465942383,130580
ng,2023-07-12,2.739000082015991,2.75,2.618000030517578,2.631999969482422,149633
ng,2023-07-13,2.6589999198913574,2.6659998893737793,2.5390000343322754,2.5450000762939453,148019
ng,2023-07-14,2.558000087738037,2.6059999465942383,2.492000102996826,2.5390000343322754,134591
ng,2023-07-17,2.5480000972747803,2.5799999237060547,2.4839999675750732,2.51200008392334,110913
ng,2023-07-18,2.5369999408721924,2.6470000743865967,2.5290000438690186,2.628999948501587,134874
ng,2023-07-19,2.619999885559082,2.6570000648498535,2.5840001106262207,2.6029999256134033,102069
ng,2023-07-20,2.628999948501587,2.7890000343322754,2.617000102996826,2.756999969482422,165848
ng,2023-07-21,2.74399995803833,2.7860000133514404,2.687000036239624,2.7130000591278076,94148
ng,2023-07-24,2.7209999561309814,2.7669999599456787,2.6640000343322754,2.684999942779541,54167
ng,2023-07-25,2.703000068664551,2.753999948501587,2.6559998989105225,2.7300000190734863,35545
ng,2023-07-26,2.7200000286102295,2.739000082015991,2.625,2.6649999618530273,37310
ng,2023-07-27,2.627000093460083,2.6500000953674316,2.4630000591278076,2.492000102996826,166760
ng,2023-07-28,2.6019999980926514,2.684999942779541,2.563999891281128,2.638000011444092,136505
ng,2023-07-31,2.6589999198913574,2.693000078201294,2.6050000190734863,2.634000062942505,97877
ng,2023-08-01,2.6440000534057617,2.674999952316284,2.5309998989105225,2.559999942779541,135522
ng,2023-08-02,2.578000068664551,2.5810000896453857,2.4570000171661377,2.4769999980926514,147612
ng,2023-08-03,2.4839999675750732,2.5859999656677246,2.4739999771118164,2.565000057220459,139151
ng,2023-08-04,2.555999994277954,2.61899995803833,2.5290000438690186,2.5769999027252197,104012
ng,2023-08-07,2.5789999961853027,2.753999948501587,2.571000099182129,2.7249999046325684,228905
ng,2023-08-08,2.734999895095825,2.8010001182556152,2.691999912261963,2.7769999504089355,186795
ng,2023-08-09,2.796999931335449,3.0179998874664307,2.7709999084472656,2.9590001106262207,312252
ng,2023-08-10,2.9739999771118164,2.997999906539917,2.746999979019165,2.763000011444092,230514
ng,2023-08-11,2.7799999713897705,2.8329999446868896,2.7009999752044678,2.7699999809265137,163958
ng,2023-08-14,2.7760000228881836,2.8269999027252197,2.749000072479248,2.7950000762939453,93502
ng,2023-08-15,2.809999942779541,2.86299991607666,2.6470000743865967,2.6589999198913574,158887
ng,2023-08-16,2.6640000343322754,2.6740000247955322,2.568000078201294,2.5920000076293945,142515
ng,2023-08-17,2.6050000190734863,2.6700000762939453,2.575000047683716,2.621000051498413,119544
ng,2023-08-18,2.622999906539917,2.635999917984009,2.5239999294281006,2.5510001182556152,128027
ng,2023-08-21,2.559999942779541,2.6600000858306885,2.555000066757202,2.631999969482422,102634
ng,2023-08-22,2.618000030517578,2.635999917984009,2.5399999618530273,2.559999942779541,111965
ng,2023-08-23,2.559999942779541,2.5899999141693115,2.4730000495910645,2.496999979019165,93844
ng,2023-08-24,2.4839999675750732,2.565000057220459,2.424999952316284,2.5190000534057617,76080
ng,2023-08-25,2.5169999599456787,2.555000066757202,2.4679999351501465,2.5399999618530273,31329
ng,2023-08-28,2.634999990463257,2.694999933242798,2.5439999103546143,2.5789999961853027,58220
ng,2023-08-29,2.5789999961853027,2.5989999771118164,2.515000104904175,2.555999994277954,145380
ng,2023-08-30,2.680000066757202,2.812999963760376,2.6470000743865967,2.7960000038146973,146876
ng,2023-08-31,2.802999973297119,2.865000009536743,2.7079999446868896,2.7679998874664307,176016
ng,2023-09-01,2.765000104904175,2.859999895095825,2.734999895095825,2.765000104904175,127248
ng,2023-09-05,2.700000047683716,2.7079999446868896,2.565999984741211,2.5820000171661377,178329
ng,2023-09-06,2.5840001106262207,2.614000082015991,2.503000020980835,2.509999990463257,116663
ng,2023-09-07,2.5160000324249268,2.614000082015991,2.5,2.5789999961853027,140334
ng,2023-09-08,2.5789999961853027,2.6589999198913574,2.572000026702881,2.6050000190734863,101228
ng,2023-09-11,2.609999895095825,2.6389999389648438,2.5409998893737793,2.6080000400543213,110879
ng,2023-09-12,2.619999885559082,2.7820000648498535,2.6040000915527344,2.743000030517578,202189
ng,2023-09-13,2.746999979019165,2.7769999504089355,2.640000104904175,2.680000066757202,191712
ng,2023-09-14,2.7149999141693115,2.822999954223633,2.697000026702881,2.7079999446868896,154082
ng,2023-09-15,2.7039999961853027,2.7360000610351562,2.63700008392334,2.6440000534057617,127780
ng,2023-09-18,2.624000072479248,2.744999885559082,2.5999999046325684,2.7279999256134033,128308
ng,2023-09-19,2.7290000915527344,2.871999979019165,2.7100000381469727,2.8480000495910645,164806
ng,2023-09-20,2.819000005722046,2.8239998817443848,2.693000078201294,2.7330000400543213,140309
ng,2023-09-21,2.7320001125335693,2.759000062942505,2.5950000286102295,2.609999895095825,99971
ng,2023-09-22,2.624000072479248,2.683000087738037,2.6019999980926514,2.63700008392334,52641
ng,2023-09-25,2.6570000648498535,2.6710000038146973,2.6059999465942383,2.6389999389648438,36175
ng,2023-09-26,2.638000011444092,2.6670000553131104,2.552000045776367,2.6559998989105225,57087
ng,2023-09-27,2.6559998989105225,2.7809998989105225,2.640000104904175,2.7639999389648438,136011
ng,2023-09-28,2.8910000324249268,2.9809999465942383,2.868000030517578,2.944999933242798,123674
ng,2023-09-29,2.9489998817443848,2.996999979019165,2.8550000190734863,2.928999900817871,114663
ng,2023-10-02,2.9579999446868896,2.9579999446868896,2.8350000381469727,2.8399999141693115,124338
ng,2023-10-03,2.8420000076293945,2.9660000801086426,2.819999933242798,2.9489998817443848,128578
ng,2023-10-04,2.940000057220459,3.055000066757202,2.934999942779541,2.9619998931884766,155568
ng,2023-10-05,2.98799991607666,3.2049999237060547,2.9649999141693115,3.1659998893737793,220407
ng,2023-10-06,3.183000087738037,3.364000082015991,3.1659998893737793,3.3380000591278076,247997
ng,2023-10-09,3.3499999046325684,3.4709999561309814,3.322000026702881,3.375999927520752,208300
ng,2023-10-10,3.371000051498413,3.4489998817443848,3.3359999656677246,3.381999969482422,170101
ng,2023-10-11,3.4049999713897705,3.4539999961853027,3.2249999046325684,3.377000093460083,211414
ng,2023-10-12,3.384999990463257,3.427999973297119,3.2990000247955322,3.3440001010894775,160315
ng,2023-10-13,3.3459999561309814,3.3480000495910645,3.203000068664551,3.2360000610351562,139194
ng,2023-10-16,3.184999942779541,3.184999942779541,3.052999973297119,3.1089999675750732,165019
ng,2023-10-17,3.124000072479248,3.13700008392334,3.0239999294281006,3.0789999961853027,133591
ng,2023-10-18,3.061000108718872,3.1579999923706055,3.0369999408721924,3.055999994277954,122851
ng,2023-10-19,3.072000026702881,3.0920000076293945,2.943000078201294,2.9570000171661377,138650
ng,2023-10-20,2.9590001106262207,2.9769999980926514,2.880000114440918,2.8989999294281006,144044
ng,2023-10-23,2.9049999713897705,2.9509999752044678,2.8610000610351562,2.9260001182556152,99128
ng,2023-10-24,2.9179999828338623,2.996999979019165,2.875999927520752,2.9709999561309814,65427
ng,2023-10-25,2.9749999046325684,3.0339999198913574,2.9539999961853027,3.009999990463257,31461
ng,2023-10-26,3.0280001163482666,3.2790000438690186,2.9769999980926514,3.2139999866485596,88611
ng,2023-10-27,3.250999927520752,3.4010000228881836,3.135999917984009,3.1640000343322754,140955
ng,2023-10-30,3.4000000953674316,3.4049999713897705,3.321000099182129,3.3519999980926514,119526
ng,2023-10-31,3.3299999237060547,3.630000114440918,3.318000078201294,3.575000047683716,238330
ng,2023-11-01,3.5999999046325684,3.6080000400543213,3.427999973297119,3.49399995803833,151262
ng,2023-11-02,3.50600004196167,3.5199999809265137,3.4010000228881836,3.4719998836517334,118508
ng,2023-11-03,3.509999990463257,3.5759999752044678,3.4519999027252197,3.515000104904175,110113
ng,2023-11-06,3.372999906539917,3.4070000648498535,3.249000072479248,3.2639999389648438,185742
ng,2023-11-07,3.2730000019073486,3.2950000762939453,3.0989999771118164,3.140000104904175,186182
ng,2023-11-08,3.1760001182556152,3.187999963760376,3.058000087738037,3.1059999465942383,172750
ng,2023-11-09,3.121999979019165,3.1619999408721924,3.0220000743865967,3.0409998893737793,142578
ng,2023-11-10,3.0380001068115234,3.0769999027252197,2.989000082015991,3.0329999923706055,106720
ng,2023-11-13,3.063999891281128,3.246000051498413,3.061000108718872,3.197000026702881,165652
ng,2023-11-14,3.2330000400543213,3.2639999389648438,3.0859999656677246,3.1059999465942383,146724
ng,2023-11-15,3.1059999465942383,3.2750000953674316,3.069999933242798,3.190000057220459,153744
ng,2023-11-16,3.1510000228881836,3.265000104904175,3.0280001163482666,3.062000036239624,179663
ng,2023-11-17,3.055000066757202,3.111999988555908,2.8929998874664307,2.9600000381469727,159777
ng,2023-11-20,2.9570000171661377,2.9579999446868896,2.864000082015991,2.881999969482422,113704
ng,2023-11-21,2.885999917984009,2.9210000038146973,2.8410000801086426,2.8459999561309814,103671
ng,2023-11-22,2.867000102996826,2.921999931335449,2.819000005722046,2.8970000743865967,59224
ng,2023-11-23,2.8970000743865967,2.937999963760376,2.8589999675750732,2.934000015258789,59224
ng,2023-11-24,2.8970000743865967,2.9509999752044678,2.7980000972747803,2.8550000190734863,34118
ng,2023-11-27,2.7780001163482666,2.819999933242798,2.7090001106262207,2.7939999103546143,67039
ng,2023-11-28,2.7899999618530273,2.815000057220459,2.6689999103546143,2.7060000896453857,187190
ng,2023-11-29,2.7920000553131104,2.869999885559082,2.759999990463257,2.803999900817871,141591
ng,2023-11-30,2.7990000247955322,2.8550000190734863,2.760999917984009,2.802000045776367,147752
ng,2023-12-01,2.809000015258789,2.8440001010894775,2.753999948501587,2.813999891281128,133190
ng,2023-12-04,2.7279999256134033,2.752000093460083,2.6489999294281006,2.694000005722046,161786
ng,2023-12-05,2.6989998817443848,2.7860000133514404,2.674999952316284,2.7100000381469727,119974
ng,2023-12-06,2.6989998817443848,2.756999969482422,2.5409998893737793,2.569000005722046,218374
ng,2023-12-07,2.569000005722046,2.621000051498413,2.489000082015991,2.5850000381469727,248396
ng,2023-12-08,2.559000015258789,2.609999895095825,2.5380001068115234,2.5810000896453857,190998
ng,2023-12-11,2.490000009536743,2.490000009536743,2.2939999103546143,2.430999994277954,330300
ng,2023-12-12,2.437999963760376,2.4609999656677246,2.2760000228881836,2.311000108718872,223455
ng,2023-12-13,2.2780001163482666,2.384999990463257,2.234999895095825,2.3350000381469727,255188
ng,2023-12-14,2.3529999256134033,2.421999931335449,2.328000068664551,2.3919999599456787,159486
ng,2023-12-15,2.4079999923706055,2.5439999103546143,2.380000114440918,2.490999937057495,189244
ng,2023-12-18,2.503000020980835,2.5969998836517334,2.48799991607666,2.503000020980835,154295
ng,2023-12-19,2.5190000534057617,2.565000057220459,2.384999990463257,2.492000102996826,170435
ng,2023-12-20,2.556999921798706,2.5899999141693115,2.4100000858306885,2.447000026702881,125263
ng,2023-12-21,2.427000045776367,2.6040000915527344,2.4079999923706055,2.572000026702881,84545
ng,2023-12-22,2.5840001106262207,2.619999885559082,2.5280001163482666,2.609999895095825,42835
ng,2023-12-26,2.5450000762939453,2.5810000896453857,2.4539999961853027,2.549999952316284,50762
ng,2023-12-27,2.5799999237060547,2.7219998836517334,2.562000036239624,2.61899995803833,129265
ng,2023-12-28,2.4549999237060547,2.5759999752044678,2.4119999408721924,2.556999921798706,116059
ng,2023-12-29,2.5390000343322754,2.561000108718872,2.489000082015991,2.5139999389648438,89598
ng,2024-01-02,2.6050000190734863,2.674999952316284,2.5239999294281006,2.568000078201294,132454
ng,2024-01-03,2.575000047683716,2.7190001010894775,2.5369999408721924,2.6679999828338623,166472
ng,2024-01-04,2.687999963760376,2.86299991607666,2.680999994277954,2.821000099182129,206311
ng,2024-01-05,2.8450000286102295,2.9059998989105225,2.680999994277954,2.8929998874664307,187503
ng,2024-01-08,2.950000047683716,3.01200008392334,2.694000005722046,2.9800000190734863,237672
ng,2024-01-09,2.943000078201294,3.3919999599456787,2.884000062942505,3.190000057220459,351780
ng,2024-01-10,3.1670000553131104,3.2260000705718994,2.9560000896453857,3.0390000343322754,258013
ng,2024-01-11,3.0290000438690186,3.2309999465942383,2.944999933242798,3.0969998836517334,235033
ng,2024-01-12,3.118000030517578,3.377000093460083,3.1019999980926514,3.312999963760376,265883
ng,2024-01-16,3.11299991607666,3.188999891281128,2.822000026702881,2.9000000953674316,228164
ng,2024-01-17,2.8429999351501465,2.9579999446868896,2.75600004196167,2.869999885559082,150330
ng,2024-01-18,2.875999927520752,2.9600000381469727,2.6659998893737793,2.697000026702881,151819
ng,2024-01-19,2.7119998931884766,2.7139999866485596,2.5139999389648438,2.5190000534057617,138427
ng,2024-01-22,2.380000114440918,2.4700000286102295,2.311000108718872,2.4189999103546143,121583
ng,2024-01-23,2.437000036239624,2.49399995803833,2.325000047683716,2.450000047683716,69155
ng,2024-01-24,2.497999906539917,2.696000099182129,2.494999885559082,2.6410000324249268,65497
ng,2024-01-25,2.683000087738037,2.884000062942505,2.5260000228881836,2.571000099182129,44984
ng,2024-01-26,2.6070001125335693,2.803999900817871,2.4240000247955322,2.7119998931884766,73015
ng,2024-01-29,2.680000066757202,2.759999990463257,2.4110000133514404,2.490000009536743,164621
ng,2024-01-30,2.059999942779541,2.11899995803833,2.0460000038146973,2.0769999027252197,139745
ng,2024-01-31,2.0899999141693115,2.1579999923706055,2.0369999408721924,2.0999999046325684,142856
ng,2024-02-01,2.134000062942505,2.1679999828338623,2.0329999923706055,2.049999952316284,161340
ng,2024-02-02,2.053999900817871,2.0999999046325684,2.0209999084472656,2.0789999961853027,125062
ng,2024-02-05,2.109999895095825,2.127000093460083,2.0409998893737793,2.0820000171661377,136031
ng,2024-02-06,2.068000078201294,2.1019999980926514,1.996999979019165,2.009000062942505,137680
ng,2024-02-07,2.003000020980835,2.0399999618530273,1.9559999704360962,1.9670000076293945,204064
ng,2024-02-08,1.9700000286102295,1.9930000305175781,1.8669999837875366,1.9170000553131104,237169
ng,2024-02-09,1.8849999904632568,1.8849999904632568,1.8170000314712524,1.847000002861023,247314
ng,2024-02-12,1.8049999475479126,1.8630000352859497,1.7319999933242798,1.7680000066757202,242152
ng,2024-02-13,1.753999948501587,1.7860000133514404,1.6540000438690186,1.6890000104904175,286586
ng,2024-02-14,1.6690000295639038,1.684999942779541,1.590000033378601,1.6089999675750732,208956
ng,2024-02-15,1.6109999418258667,1.6690000295639038,1.5729999542236328,1.5809999704360962,183342
ng,2024-02-16,1.5889999866485596,1.6369999647140503,1.5750000476837158,1.6089999675750732,170384
ng,2024-02-20,1.5329999923706055,1.7089999914169312,1.5219999551773071,1.5759999752044678,201471
ng,2024-02-21,1.718999981880188,1.7920000553131104,1.6770000457763672,1.7730000019073486,170658
ng,2024-02-22,1.784000039100647,1.784000039100647,1.6610000133514404,1.7319999933242798,87803
ng,2024-02-23,1.722000002861023,1.722000002861023,1.5809999704360962,1.6030000448226929,47590
ng,2024-02-26,1.659999966621399,1.7300000190734863,1.593999981880188,1.659000039100647,110505
ng,2024-02-27,1.625,1.7200000286102295,1.5110000371932983,1.6150000095367432,179943
ng,2024-02-28,1.8170000314712524,1.906000018119812,1.781999945640564,1.8849999904632568,149429
ng,2024-02-29,1.8680000305175781,1.9179999828338623,1.8289999961853027,1.8600000143051147,141543
ng,2024-03-01,1.8519999980926514,1.8880000114440918,1.809999942779541,1.8350000381469727,105501
ng,2024-03-04,1.8730000257492065,1.9889999628067017,1.8700000047683716,1.9160000085830688,185412
ng,2024-03-05,1.9279999732971191,2.009000062942505,1.8899999856948853,1.9570000171661377,142113
ng,2024-03-06,1.9500000476837158,1.9830000400543213,1.9210000038146973,1.9290000200271606,107219
ng,2024-03-07,1.9290000200271606,1.9550000429153442,1.781999945640564,1.8179999589920044,173658
ng,2024-03-08,1.7960000038146973,1.8370000123977661,1.7549999952316284,1.8049999475479126,143794
ng,2024-03-11,1.8049999475479126,1.840999960899353,1.746000051498413,1.7589999437332153,159954
ng,2024-03-12,1.7580000162124634,1.8229999542236328,1.690999984741211,1.7139999866485596,199589
ng,2024-03-13,1.7130000591278076,1.7170000076293945,1.6510000228881836,1.6579999923706055,176633
ng,2024-03-14,1.6679999828338623,1.7669999599456787,1.6430000066757202,1.7410000562667847,168141
ng,2024-03-15,1.7569999694824219,1.7740000486373901,1.6460000276565552,1.6549999713897705,154729
ng,2024-03-18,1.6890000104904175,1.7619999647140503,1.684000015258789,1.7029999494552612,137349
ng,2024-03-19,1.7170000076293945,1.7690000534057617,1.7009999752044678,1.74399995803833,128064
ng,2024-03-20,1.75,1.7649999856948853,1.6859999895095825,1.6990000009536743,115068
ng,2024-03-21,1.6990000009536743,1.7130000591278076,1.6510000228881836,1.6829999685287476,77701
ng,2024-03-22,1.684000015258789,1.7120000123977661,1.6469999551773071,1.659000039100647,44514
ng,2024-03-25,1.6640000343322754,1.6749999523162842,1.5889999866485596,1.6150000095367432,84776
ng,2024-03-26,1.6080000400543213,1.6469999551773071,1.4809999465942383,1.5750000476837158,123173
ng,2024-03-27,1.7890000343322754,1.7890000343322754,1.7039999961853027,1.718000054359436,144888
ng,2024-03-28,1.7170000076293945,1.7860000133514404,1.6859999895095825,1.7630000114440918,155745
ng,2024-04-01,1.7549999952316284,1.8530000448226929,1.7059999704360962,1.8370000123977661,169145
ng,2024-04-02,1.8370000123977661,1.88100004196167,1.777999997138977,1.8619999885559082,170434
ng,2024-04-03,1.8519999980926514,1.906000018119812,1.8359999656677246,1.840999960899353,133034
ng,2024-04-04,1.843999981880188,1.8530000448226929,1.7690000534057617,1.7740000486373901,179437
ng,2024-04-05,1.7790000438690186,1.8229999542236328,1.7549999952316284,1.784999966621399,191179
ng,2024-04-08,1.7699999809265137,1.850000023841858,1.746000051498413,1.843999981880188,216676
ng,2024-04-09,1.847000002861023,1.9240000247955322,1.8380000591278076,1.871999979019165,215016
ng,2024-04-10,1.8880000114440918,1.9429999589920044,1.8669999837875366,1.8849999904632568,174388
ng,2024-04-11,1.8739999532699585,1.8919999599456787,1.753999948501587,1.7640000581741333,230318
ng,2024-04-12,1.7669999599456787,1.784999966621399,1.7309999465942383,1.7699999809265137,162917
ng,2024-04-15,1.7719999551773071,1.7920000553131104,1.6779999732971191,1.690999984741211,170569
ng,2024-04-16,1.6950000524520874,1.8020000457763672,1.6490000486373901,1.7319999933242798,231556
ng,2024-04-17,1.6799999475479126,1.7239999771118164,1.659999966621399,1.7120000123977661,152348
ng,2024-04-18,1.722000002861023,1.7799999713897705,1.7130000591278076,1.7569999694824219,160729
ng,2024-04-19,1.7410000562667847,1.805999994277954,1.7239999771118164,1.7519999742507935,154111
ng,2024-04-22,1.7649999856948853,1.7999999523162842,1.7209999561309814,1.7910000085830688,107242
ng,2024-04-23,1.7979999780654907,1.8480000495910645,1.7450000047683716,1.812000036239624,71346
ng,2024-04-24,1.8359999656677246,1.840000033378601,1.6339999437332153,1.652999997138977,58154
ng,2024-04-25,1.6440000534057617,1.6749999523162842,1.5829999446868896,1.6380000114440918,75479
ng,2024-04-26,1.621999979019165,1.628000020980835,1.4819999933242798,1.6139999628067017,119516
ng,2024-04-29,1.9229999780654907,2.055999994277954,1.9160000085830688,2.0299999713897705,158855
ng,2024-04-30,2.049999952316284,2.0920000076293945,1.9509999752044678,1.9910000562667847,150370
ng,2024-05-01,1.9539999961853027,1.9700000286102295,1.9129999876022339,1.9320000410079956,135918
ng,2024-05-02,1.930999994277954,2.049999952316284,1.9270000457763672,2.0350000858306885,153739
ng,2024-05-03,2.0309998989105225,2.1600000858306885,2.01200008392334,2.1419999599456787,209456
ng,2024-05-06,2.1700000762939453,2.26200008392334,2.132999897003174,2.194999933242798,196381
ng,2024-05-07,2.2060000896453857,2.2300000190734863,2.1419999599456787,2.2070000171661377,149430
ng,2024-05-08,2.2190001010894775,2.2739999294281006,2.1670000553131104,2.187000036239624,149910
ng,2024-05-09,2.186000108718872,2.315999984741211,2.1530001163482666,2.3010001182556152,207677
ng,2024-05-10,2.306999921798706,2.3440001010894775,2.242000102996826,2.252000093460083,142992
ng,2024-05-13,2.25,2.384000062942505,2.2139999866485596,2.38100004196167,164690
ng,2024-05-14,2.361999988555908,2.3970000743865967,2.305999994277954,2.3440001010894775,147573
ng,2024-05-15,2.3429999351501465,2.4240000247955322,2.312999963760376,2.4159998893737793,180743
ng,2024-05-16,2.4049999713897705,2.575000047683716,2.3889999389648438,2.494999885559082,229617
ng,2024-05-17,2.486999988555908,2.6540000438690186,2.484999895095825,2.625999927520752,185798
ng,2024-05-20,2.6589999198913574,2.75600004196167,2.625,2.750999927520752,211255
ng,2024-05-21,2.7330000400543213,2.7980000972747803,2.640000104904175,2.6710000038146973,174162
ng,2024-05-22,2.6649999618530273,2.8510000705718994,2.6089999675750732,2.8420000076293945,184820
ng,2024-05-23,2.7990000247955322,2.9240000247955322,2.640000104904175,2.6570000648498535,116689
ng,2024-05-24,2.6760001182556152,2.7090001106262207,2.493000030517578,2.5199999809265137,51814
ng,2024-05-28,2.503000020980835,2.621000051498413,2.4749999046325684,2.5899999141693115,86031
ng,2024-05-29,2.5940001010894775,2.6689999103546143,2.4170000553131104,2.493000030517578,161403
ng,2024-05-30,2.6619999408721924,2.681999921798706,2.562000036239624,2.572000026702881,160060
ng,2024-05-31,2.569999933242798,2.624000072479248,2.5179998874664307,2.5869998931884766,139119
ng,2024-06-03,2.6449999809265137,2.7990000247955322,2.628000020980835,2.75600004196167,233692
ng,2024-06-04,2.7720000743865967,2.8289999961853027,2.572999954223633,2.5859999656677246,221922
ng,2024-06-05,2.617000102996826,2.7869999408721924,2.6050000190734863,2.756999969482422,201665
ng,2024-06-06,2.76200008392334,2.877000093460083,2.7239999771118164,2.821000099182129,194237
ng,2024-06-07,2.813999891281128,2.9670000076293945,2.7909998893737793,2.9179999828338623,209110
ng,2024-06-10,2.9800000190734863,3.0959999561309814,2.861999988555908,2.9059998989105225,269719
ng,2024-06-11,2.984999895095825,3.1589999198913574,2.9660000801086426,3.128999948501587,227818
ng,2024-06-12,3.130000114440918,3.131999969482422,2.994999885559082,3.0450000762939453,224795
ng,2024-06-13,3.0280001163482666,3.0910000801086426,2.8980000019073486,2.9590001106262207,209730
ng,2024-06-14,2.9210000038146973,3.0,2.869999885559082,2.88100004196167,154123
ng,2024-06-17,2.8459999561309814,2.8480000495910645,2.759000062942505,2.7880001068115234,152241
ng,2024-06-18,2.7720000743865967,2.9159998893737793,2.7720000743865967,2.9089999198913574,147414
ng,2024-06-20,2.9030001163482666,2.947999954223633,2.7230000495910645,2.740999937057495,186686
ng,2024-06-21,2.7249999046325684,2.7699999809265137,2.671999931335449,2.7049999237060547,79372
ng,2024-06-24,2.6700000762939453,2.8340001106262207,2.634999990463257,2.811000108718872,45418
ng,2024-06-25,2.815999984741211,2.8440001010894775,2.6989998817443848,2.75600004196167,78233
ng,2024-06-26,2.736999988555908,2.746000051498413,2.61299991607666,2.628000020980835,141345
ng,2024-06-27,2.7339999675750732,2.7839999198913574,2.6730000972747803,2.684999942779541,139995
ng,2024-06-28,2.7019999027252197,2.765000104904175,2.5940001010894775,2.6010000705718994,151326
ng,2024-07-01,2.5759999752044678,2.6019999980926514,2.4709999561309814,2.4779999256134033,181931
ng,2024-07-02,2.4760000705718994,2.4839999675750732,2.4149999618530273,2.434999942779541,154263
ng,2024-07-03,2.4660000801086426,2.4800000190734863,2.4100000858306885,2.4179999828338623,125894
ng,2024-07-05,2.4210000038146973,2.440000057220459,2.315000057220459,2.319000005722046,156544
ng,2024-07-08,2.2699999809265137,2.390000104904175,2.2679998874664307,2.365999937057495,162309
ng,2024-07-09,2.372999906539917,2.447999954223633,2.3310000896453857,2.3440001010894775,155187
ng,2024-07-10,2.3459999561309814,2.384999990463257,2.2920000553131104,2.3289999961853027,146358
ng,2024-07-11,2.3259999752044678,2.3429999351501465,2.260999917984009,2.2679998874664307,122365
ng,2024-07-12,2.2669999599456787,2.3499999046325684,2.249000072479248,2.3289999961853027,129723
ng,2024-07-15,2.2730000019073486,2.2850000858306885,2.1470000743865967,2.1579999923706055,189516
ng,2024-07-16,2.1700000762939453,2.2179999351501465,2.1489999294281006,2.187999963760376,131219
ng,2024-07-17,2.180999994277954,2.2079999446868896,2.015000104904175,2.0350000858306885,212196
ng,2024-07-18,2.046999931335449,2.134000062942505,2.0239999294281006,2.125,159464
ng,2024-07-19,2.0889999866485596,2.1429998874664307,2.056999921798706,2.128000020980835,101992
ng,2024-07-22,2.1040000915527344,2.2699999809265137,2.0899999141693115,2.250999927520752,148699
ng,2024-07-23,2.244999885559082,2.265000104904175,2.122999906539917,2.187000036239624,112276
ng,2024-07-24,2.1530001163482666,2.1700000762939453,2.1019999980926514,2.117000102996826,65013
ng,2024-07-25,2.125999927520752,2.1549999713897705,2.0350000858306885,2.0409998893737793,44964
ng,2024-07-26,2.052000045776367,2.0840001106262207,1.99399995803833,2.00600004196167,58506
ng,2024-07-29,2.0160000324249268,2.055999994277954,1.8559999465942383,1.906999945640564,162676
ng,2024-07-30,2.065000057220459,2.134999990463257,1.9910000562667847,2.125999927520752,157477
ng,2024-07-31,2.119999885559082,2.1489999294281006,2.0230000019073486,2.0360000133514404,167713
ng,2024-08-01,2.0460000038146973,2.125999927520752,1.965000033378601,1.968000054359436,215979
ng,2024-08-02,1.9850000143051147,2.0230000019073486,1.9199999570846558,1.9670000076293945,164207
ng,2024-08-05,1.9500000476837158,1.9739999771118164,1.8819999694824219,1.9420000314712524,150595
ng,2024-08-06,1.9570000171661377,2.0329999923706055,1.899999976158142,2.009999990463257,154471
ng,2024-08-07,2.0250000953674316,2.119999885559082,2.009999990463257,2.111999988555908,226781
ng,2024-08-08,2.0999999046325684,2.178999900817871,2.0280001163482666,2.127000093460083,232204
ng,2024-08-09,2.1510000228881836,2.187000036239624,2.1040000915527344,2.1429998874664307,183426
ng,2024-08-12,2.1730000972747803,2.25600004196167,2.1549999713897705,2.188999891281128,181250
ng,2024-08-13,2.174999952316284,2.239000082015991,2.134000062942505,2.1480000019073486,202099
ng,2024-08-14,2.1600000858306885,2.2760000228881836,2.1440000534057617,2.2190001010894775,189925
ng,2024-08-15,2.2279999256134033,2.3010001182556152,2.188999891281128,2.197000026702881,165423
ng,2024-08-16,2.2049999237060547,2.2160000801086426,2.1110000610351562,2.122999906539917,140820
ng,2024-08-19,2.125,2.253999948501587,2.0969998836517334,2.234999895095825,179074
ng,2024-08-20,2.246000051498413,2.2780001163482666,2.1730000972747803,2.197999954223633,129952
ng,2024-08-21,2.2009999752044678,2.2279999256134033,2.13100004196167,2.177000045776367,124659
ng,2024-08-22,2.187999963760376,2.200000047683716,2.0309998989105225,2.052999973297119,153777
ng,2024-08-23,2.061000108718872,2.0739998817443848,2.005000114440918,2.0220000743865967,62492
ng,2024-08-26,2.003999948501587,2.0220000743865967,1.944000005722046,1.9559999704360962,50432
ng,2024-08-27,1.9559999704360962,1.9739999771118164,1.875,1.9040000438690186,68871
ng,2024-08-28,1.9240000247955322,2.0,1.8559999465942383,1.9299999475479126,165219
ng,2024-08-29,2.0969998836517334,2.1489999294281006,2.0260000228881836,2.13700008392334,154737
ng,2024-08-30,2.1449999809265137,2.1710000038146973,2.0929999351501465,2.127000093460083,131106
ng,2024-09-03,2.1459999084472656,2.2249999046325684,2.075000047683716,2.203000068664551,221115
ng,2024-09-04,2.197000026702881,2.2699999809265137,2.13100004196167,2.1449999809265137,150022
ng,2024-09-05,2.1389999389648438,2.2860000133514404,2.117000102996826,2.253999948501587,196899
ng,2024-09-06,2.260999917984009,2.2939999103546143,2.2320001125335693,2.2750000953674316,121498
ng,2024-09-09,2.2200000286102295,2.246999979019165,2.1410000324249268,2.1700000762939453,121498
ng,2024-09-10,2.1489999294281006,2.257999897003174,2.125,2.2320001125335693,183556
ng,2024-09-11,2.2360000610351562,2.325000047683716,2.2139999866485596,2.2699999809265137,198836
ng,2024-09-12,2.2860000133514404,2.3940000534057617,2.2290000915527344,2.3570001125335693,231423
ng,2024-09-13,2.36299991607666,2.4070000648498535,2.2939999103546143,2.305000066757202,173713
ng,2024-09-16,2.2980000972747803,2.3970000743865967,2.265000104904175,2.372999906539917,163817
ng,2024-09-17,2.3910000324249268,2.436000108718872,2.306999921798706,2.3239998817443848,171895
ng,2024-09-18,2.312000036239624,2.377000093460083,2.2750000953674316,2.2839999198913574,137696
ng,2024-09-19,2.2880001068115234,2.3610000610351562,2.2230000495910645,2.3480000495910645,190187
ng,2024-09-20,2.3580000400543213,2.4600000381469727,2.313999891281128,2.434000015258789,161905
ng,2024-09-23,2.4619998931884766,2.6459999084472656,2.4579999446868896,2.61299991607666,124650
ng,2024-09-24,2.634000062942505,2.6740000247955322,2.5350000858306885,2.5510001182556152,61695
ng,2024-09-25,2.5829999446868896,2.6579999923706055,2.562999963760376,2.63700008392334,91605
ng,2024-09-26,2.640000104904175,2.690000057220459,2.5239999294281006,2.5850000381469727,187374
ng,2024-09-27,2.74399995803833,2.931999921798706,2.7200000286102295,2.9019999504089355,224258
ng,2024-09-30,2.8989999294281006,2.947999954223633,2.865000009536743,2.9230000972747803,156783
ng,2024-10-01,2.9070000648498535,2.941999912261963,2.825000047683716,2.8959999084472656,161084
ng,2024-10-02,2.8980000019073486,3.0,2.869999885559082,2.885999917984009,162673
ng,2024-10-03,2.9210000038146973,2.98799991607666,2.9000000953674316,2.9700000286102295,133170
ng,2024-10-04,2.9709999561309814,3.0190000534057617,2.8310000896453857,2.8540000915527344,173745
ng,2024-10-07,2.8269999027252197,2.8389999866485596,2.7049999237060547,2.746000051498413,216871
ng,2024-10-08,2.7330000400543213,2.7809998989105225,2.6989998817443848,2.7330000400543213,162513
ng,2024-10-09,2.7090001106262207,2.7239999771118164,2.631999969482422,2.6600000858306885,190644
ng,2024-10-10,2.6470000743865967,2.700000047683716,2.5880000591278076,2.674999952316284,188461
ng,2024-10-11,2.687000036239624,2.7269999980926514,2.615000009536743,2.631999969482422,150928
ng,2024-10-14,2.624000072479248,2.625,2.4760000705718994,2.49399995803833,139692
ng,2024-10-15,2.4820001125335693,2.549999952316284,2.444999933242798,2.497999906539917,156441
ng,2024-10-16,2.48799991607666,2.496999979019165,2.3580000400543213,2.367000102996826,173482
ng,2024-10-17,2.377000093460083,2.4170000553131104,2.3380000591278076,2.3469998836517334,135847
ng,2024-10-18,2.3489999771118164,2.369999885559082,2.247999906539917,2.257999897003174,164160
ng,2024-10-21,2.2200000286102295,2.36899995803833,2.2100000381469727,2.312000036239624,154025
ng,2024-10-22,2.364000082015991,2.375,2.2709999084472656,2.311000108718872,198772
ng,2024-10-23,2.3010001182556152,2.441999912261963,2.257999897003174,2.3420000076293945,145225
ng,2024-10-24,2.4000000953674316,2.5820000171661377,2.372999906539917,2.5220000743865967,139719
ng,2024-10-25,2.5309998989105225,2.5789999961853027,2.4600000381469727,2.559999942779541,67455
ng,2024-10-28,2.505000114440918,2.5160000324249268,2.2679998874664307,2.309000015258789,89409
ng,2024-10-29,2.259000062942505,2.3910000324249268,2.200000047683716,2.3459999561309814,143883
ng,2024-10-30,2.9049999713897705,2.9189999103546143,2.7699999809265137,2.8450000286102295,162834
ng,2024-10-31,2.812999963760376,2.8299999237060547,2.687999963760376,2.7070000171661377,185486
ng,2024-11-01,2.7019999027252197,2.7239999771118164,2.631999969482422,2.6630001068115234,166422
ng,2024-11-04,2.559999942779541,2.7950000762939453,2.5139999389648438,2.7809998989105225,201168
ng,2024-11-05,2.7890000343322754,2.818000078201294,2.6510000228881836,2.6700000762939453,153934
ng,2024-11-06,2.678999900817871,2.7960000038146973,2.6600000858306885,2.746999979019165,157298
ng,2024-11-07,2.7109999656677246,2.7780001163482666,2.6559998989105225,2.693000078201294,165551
ng,2024-11-08,2.694000005722046,2.747999906539917,2.6429998874664307,2.6689999103546143,158000
ng,2024-11-11,2.7699999809265137,2.9560000896453857,2.7690000534057617,2.9200000762939453,252383
ng,2024-11-12,2.9519999027252197,3.013000011444092,2.8550000190734863,2.9070000648498535,245266
ng,2024-11-13,2.9140000343322754,3.0199999809265137,2.8299999237060547,2.9830000400543213,218400
ng,2024-11-14,2.9809999465942383,2.984999895095825,2.759000062942505,2.7850000858306885,209678
ng,2024-11-15,2.765000104904175,2.8429999351501465,2.687999963760376,2.822999954223633,181092
ng,2024-11-18,2.924999952316284,2.9769999980926514,2.8320000171661377,2.9730000495910645,188338
ng,2024-11-19,2.9509999752044678,3.058000087738037,2.9049999713897705,2.997999906539917,211932
ng,2024-11-20,2.9619998931884766,3.236999988555908,2.941999912261963,3.193000078201294,225693
ng,2024-11-21,3.2160000801086426,3.4509999752044678,3.194999933242798,3.3389999866485596,192156
ng,2024-11-22,3.390000104904175,3.562999963760376,3.071000099182129,3.128999948501587,95807
ng,2024-11-25,3.3559999465942383,3.4609999656677246,3.2639999389648438,3.36899995803833,108485
ng,2024-11-26,3.3299999237060547,3.5,3.255000114440918,3.430999994277954,222049
ng,2024-11-27,3.4679999351501465,3.4700000286102295,3.188999891281128,3.2039999961853027,214291
ng,2024-11-29,3.194999933242798,3.384000062942505,3.174999952316284,3.36299991607666,163060
ng,2024-12-02,3.2200000286102295,3.2790000438690186,3.1480000019073486,3.2130000591278076,208653
ng,2024-12-03,3.2070000171661377,3.2170000076293945,3.0299999713897705,3.0420000553131104,184347
ng,2024-12-04,3.0480000972747803,3.0880000591278076,2.9769999980926514,3.0429999828338623,171700
ng,2024-12-05,3.071000099182129,3.1549999713897705,3.0350000858306885,3.0789999961853027,183885
ng,2024-12-06,3.0869998931884766,3.1080000400543213,3.003999948501587,3.0759999752044678,188687
ng,2024-12-09,3.259999990463257,3.3239998817443848,3.13700008392334,3.181999921798706,258430
ng,2024-12-10,3.188999891281128,3.193000078201294,3.069000005722046,3.1630001068115234,233880
ng,2024-12-11,3.193000078201294,3.4040000438690186,3.180999994277954,3.378000020980835,276534
ng,2024-12-12,3.364000082015991,3.559000015258789,3.2820000648498535,3.4549999237060547,328089
ng,2024-12-13,3.4579999446868896,3.489000082015991,3.2639999389648438,3.2799999713897705,213643
ng,2024-12-16,3.2100000381469727,3.253000020980835,3.1449999809265137,3.2139999866485596,172230
ng,2024-12-17,3.2269999980926514,3.3940000534057617,3.0910000801086426,3.308000087738037,229155
ng,2024-12-18,3.368000030517578,3.440999984741211,3.312000036239624,3.374000072479248,193391
ng,2024-12-19,3.4049999713897705,3.6459999084472656,3.3910000324249268,3.5840001106262207,195546
ng,2024-12-20,3.631999969482422,3.828000068664551,3.553999900817871,3.747999906539917,221930
ng,2024-12-23,3.86899995803833,3.944000005722046,3.5810000896453857,3.6559998989105225,125622
ng,2024-12-24,3.694999933242798,3.9579999446868896,3.6659998893737793,3.946000099182129,66852
ng,2024-12-26,3.9700000286102295,4.010000228881836,3.6519999504089355,3.7149999141693115,67209
ng,2024-12-27,3.7070000171661377,3.88700008392334,3.369999885559082,3.5139999389648438,189959
ng,2024-12-30,3.6570000648498535,4.201000213623047,3.6480000019073486,3.936000108718872,374324
ng,2024-12-31,3.9149999618530273,4.01200008392334,3.5769999027252197,3.632999897003174,184552
ng,2025-01-02,3.6559998989105225,3.8010001182556152,3.5409998893737793,3.6600000858306885,156670
ng,2025-01-03,3.6689999103546143,3.680000066757202,3.3299999237060547,3.3540000915527344,188094
ng,2025-01-06,3.553999900817871,3.7260000705718994,3.502000093460083,3.671999931335449,228124
ng,2025-01-07,3.7049999237060547,3.73799991607666,3.427000045776367,3.4489998817443848,182148
ng,2025-01-08,3.447999954223633,3.694000005722046,3.427000045776367,3.6510000228881836,189259
ng,2025-01-09,3.681999921798706,3.8299999237060547,3.552000045776367,3.7009999752044678,145203
ng,2025-01-10,3.7090001106262207,4.01800012588501,3.684999942779541,3.989000082015991,229112
ng,2025-01-13,4.3470001220703125,4.36899995803833,3.8450000286102295,3.934000015258789,195514
ng,2025-01-14,3.930000066757202,4.059000015258789,3.7360000610351562,3.9679999351501465,167416
ng,2025-01-15,3.9549999237060547,4.140999794006348,3.8589999675750732,4.083000183105469,169338
ng,2025-01-16,4.130000114440918,4.328000068664551,4.01800012588501,4.257999897003174,193018
ng,2025-01-17,4.28000020980835,4.308000087738037,3.9100000858306885,3.947999954223633,204277
ng,2025-01-21,3.815000057220459,3.9140000343322754,3.7190001010894775,3.75600004196167,209907
ng,2025-01-22,3.7860000133514404,4.008999824523926,3.7109999656677246,3.9600000381469727,128783
ng,2025-01-23,4.000999927520752,4.047999858856201,3.8610000610351562,3.944999933242798,120839
ng,2025-01-24,3.933000087738037,4.050000190734863,3.808000087738037,4.0269999504089355,87568
ng,2025-01-27,3.7850000858306885,3.8269999027252197,3.6089999675750732,3.697000026702881,66940
ng,2025-01-28,3.6989998817443848,3.7200000286102295,3.3610000610351562,3.4709999561309814,63816
ng,2025-01-29,3.3350000381469727,3.5880000591278076,3.312999963760376,3.5350000858306885,167840
ng,2025-01-30,3.174999952316284,3.240000009536743,3.0350000858306885,3.046999931335449,201741
ng,2025-01-31,3.0810000896453857,3.118000030517578,2.990000009536743,3.0439999103546143,138212
ng,2025-02-03,3.2300000190734863,3.4070000648498535,3.2300000190734863,3.3519999980926514,273510
ng,2025-02-04,3.3269999027252197,3.3499999046325684,3.1679999828338623,3.253000020980835,182531
ng,2025-02-05,3.2290000915527344,3.375,3.1610000133514404,3.359999895095825,170256
ng,2025-02-06,3.3550000190734863,3.434000015258789,3.302999973297119,3.4079999923706055,177672
ng,2025-02-07,3.380000114440918,3.434999942779541,3.2960000038146973,3.309000015258789,188698
ng,2025-02-10,3.4059998989105225,3.486999988555908,3.3519999980926514,3.444000005722046,203924
ng,2025-02-11,3.441999912261963,3.5759999752044678,3.430999994277954,3.5190000534057617,219162
ng,2025-02-12,3.509999990463257,3.5829999446868896,3.4690001010894775,3.565000057220459,194725
ng,2025-02-13,3.5910000801086426,3.7860000133514404,3.5829999446868896,3.628000020980835,305899
ng,2025-02-14,3.6500000953674316,3.8010001182556152,3.634999990463257,3.7249999046325684,201102
ng,2025-02-18,3.614000082015991,4.017000198364258,3.553999900817871,4.006999969482422,300505
ng,2025-02-19,4.013000011444092,4.394000053405762,3.947000026702881,4.28000020980835,338827
ng,2025-02-20,4.38100004196167,4.47599983215332,4.033999919891357,4.1519999504089355,211817
ng,2025-02-21,4.173999786376953,4.443999767303467,4.1479997634887695,4.234000205993652,164320
ng,2025-02-24,4.065000057220459,4.090000152587891,3.9059998989105225,3.99399995803833,82872
ng,2025-02-25,3.986999988555908,4.185999870300293,3.934999942779541,4.173999786376953,91529
ng,2025-02-26,4.130000114440918,4.211999893188477,3.859999895095825,3.9059998989105225,172826
ng,2025-02-27,3.9660000801086426,4.065000057220459,3.878000020980835,3.934000015258789,171402
ng,2025-02-28,3.938999891281128,3.9539999961853027,3.813999891281128,3.8340001106262207,141989
ng,2025-03-03,3.7790000438690186,4.172999858856201,3.742000102996826,4.122000217437744,269838
ng,2025-03-04,4.168000221252441,4.551000118255615,4.056000232696533,4.349999904632568,350513
ng,2025-03-05,4.316999912261963,4.51800012588501,4.2270002365112305,4.449999809265137,224571
ng,2025-03-06,4.466000080108643,4.4710001945495605,4.254000186920166,4.302000045776367,202475
ng,2025-03-07,4.285999774932861,4.426000118255615,4.131999969482422,4.39900016784668,211901
ng,2025-03-10,4.4670000076293945,4.901000022888184,4.447000026702881,4.491000175476074,221480
ng,2025-03-11,4.460999965667725,4.5879998207092285,4.334000110626221,4.453000068664551,192161
ng,2025-03-12,4.3460001945495605,4.379000186920166,4.0289998054504395,4.084000110626221,224052
ng,2025-03-13,4.0320000648498535,4.195000171661377,3.9549999237060547,4.111000061035156,227071
ng,2025-03-14,4.039999961853027,4.140999794006348,3.9619998931884766,4.104000091552734,144405
ng,2025-03-17,4.124000072479248,4.2179999351501465,3.9769999980926514,4.01800012588501,153362
ng,2025-03-18,4.002999782562256,4.127999782562256,3.9700000286102295,4.052000045776367,171724
ng,2025-03-19,4.052000045776367,4.258999824523926,4.046000003814697,4.247000217437744,149299
ng,2025-03-20,4.209000110626221,4.247000217437744,3.9549999237060547,3.9749999046325684,185932
ng,2025-03-21,3.9609999656677246,4.045000076293945,3.864000082015991,3.9800000190734863,125273
ng,2025-03-24,3.880000114440918,4.01200008392334,3.861999988555908,3.9140000343322754,78987
ng,2025-03-25,3.9089999198913574,3.990000009536743,3.7960000038146973,3.8399999141693115,50289
ng,2025-03-26,3.865999937057495,3.930000066757202,3.812999963760376,3.8610000610351562,52751
ng,2025-03-27,3.8589999675750732,4.015999794006348,3.688999891281128,3.950000047683716,181918
ng,2025-03-28,3.9149999618530273,4.099999904632568,3.8359999656677246,4.065000057220459,176361
ng,2025-03-31,4.176000118255615,4.252999782562256,4.054999828338623,4.11899995803833,171857
ng,2025-04-01,4.131999969482422,4.1479997634887695,3.934000015258789,3.9509999752044678,156694
ng,2025-04-02,3.950000047683716,4.089000225067139,3.934999942779541,4.054999828338623,141243
ng,2025-04-03,4.011000156402588,4.203000068664551,3.9679999351501465,4.138000011444092,165412
ng,2025-04-04,4.11899995803833,4.1529998779296875,3.811000108718872,3.8369998931884766,246548
ng,2025-04-07,3.811000108718872,3.938999891281128,3.5999999046325684,3.6549999713897705,298843
ng,2025-04-08,3.630000114440918,3.7829999923706055,3.4619998931884766,3.4649999141693115,278152
ng,2025-04-09,3.4809999465942383,3.8289999961853027,3.3359999656677246,3.815999984741211,359064
ng,2025-04-10,3.746999979019165,3.750999927520752,3.4660000801086426,3.556999921798706,260676
ng,2025-04-11,3.5199999809265137,3.5759999752044678,3.3940000534057617,3.5269999504089355,181628
ng,2025-04-14,3.5,3.61299991607666,3.312000036239624,3.325000047683716,160225
ng,2025-04-15,3.3450000286102295,3.378000020980835,3.2160000801086426,3.3289999961853027,143589
ng,2025-04-16,3.318000078201294,3.318000078201294,3.2039999961853027,3.246999979019165,150410
ng,2025-04-17,3.26200008392334,3.3340001106262207,3.190999984741211,3.244999885559082,145610
ng,2025-04-21,3.197999954223633,3.2249999046325684,2.99399995803833,3.0160000324249268,175116
ng,2025-04-22,3.0510001182556152,3.0950000286102295,2.9549999237060547,3.006999969482422,133976
ng,2025-04-23,3.0460000038146973,3.0739998817443848,2.9670000076293945,3.0220000743865967,86140
ng,2025-04-24,3.010999917984009,3.0160000324249268,2.8580000400543213,2.930000066757202,66984
ng,2025-04-25,2.938999891281128,2.9830000400543213,2.868000030517578,2.937000036239624,58815
ng,2025-04-28,2.884000062942505,3.187000036239624,2.8589999675750732,3.1700000762939453,229473
ng,2025-04-29,3.319999933242798,3.4570000171661377,3.306999921798706,3.385999917984009,156565
ng,2025-04-30,3.380000114440918,3.3989999294281006,3.259999990463257,3.3259999752044678,145962
ng,2025-05-01,3.3529999256134033,3.5399999618530273,3.3399999141693115,3.4790000915527344,159640
ng,2025-05-02,3.446000099182129,3.6730000972747803,3.4179999828338623,3.630000114440918,140954
ng,2025-05-05,3.6710000038146973,3.746999979019165,3.5309998989105225,3.549999952316284,161317
ng,2025-05-06,3.568000078201294,3.6480000019073486,3.4230000972747803,3.4630000591278076,200855
ng,2025-05-07,3.486999988555908,3.6559998989105225,3.486999988555908,3.621000051498413,162366
ng,2025-05-08,3.631999969482422,3.7230000495910645,3.5269999504089355,3.5920000076293945,158746
ng,2025-05-09,3.621000051498413,3.815000057220459,3.61299991607666,3.7950000762939453,174974
ng,2025-05-12,3.7750000953674316,3.8399999141693115,3.6080000400543213,3.6459999084472656,163731
ng,2025-05-13,3.677000045776367,3.7279999256134033,3.569999933242798,3.6470000743865967,130015
ng,2025-05-14,3.621999979019165,3.634999990463257,3.4539999961853027,3.492000102996826,119947
ng,2025-05-15,3.4670000076293945,3.499000072479248,3.3350000381469727,3.361999988555908,152653
ng,2025-05-16,3.371999979019165,3.4489998817443848,3.305000066757202,3.3340001106262207,141334
ng,2025-05-19,3.2690000534057617,3.2699999809265137,3.0980000495910645,3.11299991607666,182905
ng,2025-05-20,3.1070001125335693,3.453000068664551,3.1070001125335693,3.427000045776367,230771
ng,2025-05-21,3.4149999618530273,3.513000011444092,3.3359999656677246,3.368000030517578,135733
ng,2025-05-22,3.3559999465942383,3.38100004196167,3.23799991607666,3.253000020980835,91988
ng,2025-05-23,3.2829999923706055,3.3499999046325684,3.2170000076293945,3.3340001106262207,60597
ng,2025-05-27,3.375999927520752,3.444999933242798,3.2139999866485596,3.3980000019073486,55895
ng,2025-05-28,3.4049999713897705,3.510999917984009,3.1519999504089355,3.2039999961853027,204259
ng,2025-05-29,3.5350000858306885,3.5759999752044678,3.437000036239624,3.5220000743865967,180662
ng,2025-05-30,3.5350000858306885,3.563999891281128,3.440000057220459,3.447000026702881,131545
ng,2025-06-02,3.500999927520752,3.75,3.500999927520752,3.694000005722046,199977
ng,2025-06-03,3.747999906539917,3.7639999389648438,3.630000114440918,3.7219998836517334,139410
ng,2025-06-04,3.7290000915527344,3.740000009536743,3.6610000133514404,3.7160000801086426,126093
ng,2025-06-05,3.703000068664551,3.7909998893737793,3.619999885559082,3.677000045776367,208764
ng,2025-06-06,3.6530001163482666,3.816999912261963,3.6489999294281006,3.7839999198913574,180631
ng,2025-06-09,3.7190001010894775,3.7690000534057617,3.5810000896453857,3.634999990463257,215678
ng,2025-06-10,3.611999988555908,3.6619999408721924,3.515000104904175,3.5329999923706055,179312
ng,2025-06-11,3.5260000228881836,3.625999927520752,3.453000068664551,3.506999969482422,211742
ng,2025-06-12,3.5190000534057617,3.6440000534057617,3.4660000801086426,3.492000102996826,220853
ng,2025-06-13,3.5409998893737793,3.622999906539917,3.499000072479248,3.5810000896453857,133290
ng,2025-06-16,3.7039999961853027,3.759999990463257,3.634000062942505,3.747999906539917,171746
ng,2025-06-17,3.746000051498413,3.88100004196167,3.7200000286102295,3.8510000705718994,163883
ng,2025-06-18,3.861999988555908,4.001999855041504,3.813999891281128,3.989000082015991,0
ng,2025-06-20,3.984999895095825,4.1479997634887695,3.818000078201294,3.8469998836517334,194501
ng,2025-06-23,3.9489998817443848,3.9489998817443848,3.6659998893737793,3.697999954223633,102698
ng,2025-06-24,3.680999994277954,3.684000015258789,3.5299999713897705,3.5369999408721924,70983
ng,2025-06-25,3.5490000247955322,3.5869998931884766,3.371999979019165,3.4059998989105225,74500
ng,2025-06-26,3.3940000534057617,3.424999952316284,3.1989998817443848,3.260999917984009,230496
ng,2025-06-27,3.5299999713897705,3.750999927520752,3.513000011444092,3.739000082015991,153056
ng,2025-06-30,3.734999895095825,3.73799991607666,3.4210000038146973,3.4560000896453857,212922
ng,2025-07-01,3.453000068664551,3.4679999351501465,3.2929999828338623,3.4149999618530273,177010
ng,2025-07-02,3.4170000553131104,3.5199999809265137,3.365999937057495,3.48799991607666,115605
ng,2025-07-03,3.5,3.5739998817443848,3.3919999599456787,3.4089999198913574,0
ng,2025-07-04,3.4030001163482666,3.434999942779541,3.365999937057495,3.38700008392334,0
ng,2025-07-07,3.3440001010894775,3.4719998836517334,3.2750000953674316,3.4119999408721924,163396
ng,2025-07-08,3.4059998989105225,3.4690001010894775,3.325000047683716,3.3399999141693115,130237
ng,2025-07-09,3.3480000495910645,3.3589999675750732,3.1489999294281006,3.2139999866485596,217203
ng,2025-07-10,3.2079999446868896,3.3980000019073486,3.190999984741211,3.3369998931884766,163043
ng,2025-07-11,3.365000009536743,3.4179999828338623,3.2929999828338623,3.313999891281128,130290
ng,2025-07-14,3.4040000438690186,3.499000072479248,3.382999897003174,3.4660000801086426,149455
ng,2025-07-15,3.447000026702881,3.5420000553131104,3.4010000228881836,3.5230000019073486,132955
ng,2025-07-16,3.5190000534057617,3.5980000495910645,3.490999937057495,3.5510001182556152,116044
ng,2025-07-17,3.556999921798706,3.628999948501587,3.510999917984009,3.5420000553131104,108569
ng,2025-07-18,3.5190000534057617,3.628000020980835,3.49399995803833,3.565000057220459,123961
ng,2025-07-21,3.4639999866485596,3.4749999046325684,3.2869999408721924,3.325000047683716,176972
ng,2025-07-22,3.316999912261963,3.3310000896453857,3.2100000381469727,3.252000093460083,124612
ng,2025-07-23,3.253000020980835,3.2669999599456787,3.061000108718872,3.0769999027252197,158442
ng,2025-07-24,3.069999933242798,3.1659998893737793,3.065000057220459,3.0940001010894775,75361
ng,2025-07-25,3.109999895095825,3.1449999809265137,3.068000078201294,3.109999895095825,39115
ng,2025-07-28,3.0929999351501465,3.140000104904175,2.9839999675750732,2.98799991607666,69852
ng,2025-07-29,3.0339999198913574,3.111999988555908,3.010999917984009,3.0810000896453857,117204
ng,2025-07-30,3.1640000343322754,3.186000108718872,3.0139999389648438,3.0450000762939453,126252
ng,2025-07-31,3.0260000228881836,3.114000082015991,2.9719998836517334,3.1059999465942383,168396
ng,2025-08-01,3.0999999046325684,3.13100004196167,3.0510001182556152,3.0829999446868896,102378
ng,2025-08-04,3.065000057220459,3.078000068664551,2.8949999809265137,2.931999921798706,167435
ng,2025-08-05,2.946000099182129,3.0409998893737793,2.928999900817871,3.009999990463257,134125
ng,2025-08-06,3.015000104904175,3.0959999561309814,2.944999933242798,3.0769999027252197,133710
ng,2025-08-07,3.0989999771118164,3.1480000019073486,3.0350000858306885,3.066999912261963,171662
ng,2025-08-08,3.0859999656677246,3.1059999465942383,2.9600000381469727,2.990000009536743,164260
ng,2025-08-11,2.8949999809265137,3.0,2.88100004196167,2.9539999961853027,156872
ng,2025-08-12,2.9779999256134033,2.984999895095825,2.7739999294281006,2.808000087738037,219061
ng,2025-08-13,2.7839999198913574,2.8510000705718994,2.7639999389648438,2.828000068664551,179251
ng,2025-08-14,2.818000078201294,2.8519999980926514,2.7739999294281006,2.8410000801086426,138654
ng,2025-08-15,2.8499999046325684,2.9660000801086426,2.8359999656677246,2.9159998893737793,132775
ng,2025-08-18,2.877000093460083,2.921999931335449,2.7990000247955322,2.890000104904175,143784
ng,2025-08-19,2.9049999713897705,2.9119999408721924,2.7249999046325684,2.7660000324249268,171271
ng,2025-08-20,2.756999969482422,2.7769999504089355,2.7249999046325684,2.752000093460083,121113
ng,2025-08-21,2.765000104904175,2.8489999771118164,2.740000009536743,2.8259999752044678,115270
ng,2025-08-22,2.812999963760376,2.819000005722046,2.688999891281128,2.697999954223633,79364
ng,2025-08-25,2.6389999389648438,2.7170000076293945,2.621999979019165,2.696000099182129,60316
ng,2025-08-26,2.7109999656677246,2.742000102996826,2.6540000438690186,2.7170000076293945,70243
ng,2025-08-27,2.73799991607666,2.9059998989105225,2.6760001182556152,2.867000102996826,162239
ng,2025-08-28,2.874000072479248,2.999000072479248,2.8499999046325684,2.944000005722046,186265
ng,2025-08-29,2.984999895095825,3.0230000019073486,2.9210000038146973,2.996999979019165,0
ng,2025-09-02,2.9719998836517334,3.065000057220459,2.86899995803833,3.009000062942505,226571
ng,2025-09-03,2.992000102996826,3.13100004196167,2.9639999866485596,3.063999891281128,187561
ng,2025-09-04,3.075000047683716,3.130000114440918,3.0220000743865967,3.0739998817443848,165913
ng,2025-09-05,3.078000068664551,3.130000114440918,3.0209999084472656,3.0480000972747803,130911
ng,2025-09-08,3.0869998931884766,3.197999954223633,3.055999994277954,3.0899999141693115,200532
ng,2025-09-09,3.0980000495910645,3.1649999618530273,3.0460000038146973,3.117000102996826,181519
ng,2025-09-10,3.1070001125335693,3.117000102996826,3.007999897003174,3.0290000438690186,171976
ng,2025-09-11,3.0290000438690186,3.062000036239624,2.9110000133514404,2.934000015258789,199072
ng,2025-09-12,2.9179999828338623,3.0,2.8970000743865967,2.940999984741211,160049
ng,2025-09-15,2.9509999752044678,3.049999952316284,2.9159998893737793,3.0429999828338623,152709
ng,2025-09-16,3.0450000762939453,3.138000011444092,2.86899995803833,3.1029999256134033,166585
ng,2025-09-17,3.117000102996826,3.1679999828338623,3.068000078201294,3.0999999046325684,132465
ng,2025-09-18,3.0759999752044678,3.1070001125335693,2.924999952316284,2.938999891281128,180476
ng,2025-09-19,2.938999891281128,2.9489998817443848,2.8570001125335693,2.888000011444092,142217
ng,2025-09-22,2.9089999198913574,2.944999933242798,2.803999900817871,2.805999994277954,163184
ng,2025-09-23,2.805999994277954,2.869999885559082,2.7720000743865967,2.8529999256134033,70892
ng,2025-09-24,2.86299991607666,2.9140000343322754,2.815999984741211,2.8580000400543213,55699
ng,2025-09-25,2.878999948501587,2.9679999351501465,2.8480000495910645,2.9040000438690186,74214
ng,2025-09-26,2.9119999408721924,2.944000005722046,2.7880001068115234,2.8350000381469727,168752
ng,2025-09-29,3.1489999294281006,3.2990000247955322,3.132999897003174,3.2669999599456787,166628
ng,2025-09-30,3.2790000438690186,3.3510000705718994,3.244999885559082,3.302999973297119,162025
ng,2025-10-01,3.3310000896453857,3.492000102996826,3.318000078201294,3.4760000705718994,240703
ng,2025-10-02,3.4570000171661377,3.5850000381469727,3.4019999504089355,3.441999912261963,259354
ng,2025-10-03,3.4130001068115234,3.4509999752044678,3.306999921798706,3.3239998817443848,217261
ng,2025-10-06,3.299999952316284,3.484999895095825,3.2960000038146973,3.3570001125335693,165229
ng,2025-10-07,3.3980000019073486,3.5239999294281006,3.3550000190734863,3.497999906539917,230258
ng,2025-10-08,3.5239999294281006,3.549999952316284,3.315999984741211,3.3329999446868896,242687
ng,2025-10-09,3.3359999656677246,3.3929998874664307,3.234999895095825,3.2690000534057617,198680
ng,2025-10-10,3.239000082015991,3.253000020980835,3.0889999866485596,3.1059999465942383,195346
ng,2025-10-13,3.0999999046325684,3.138000011444092,3.0290000438690186,3.118000030517578,195346
ng,2025-10-14,3.1029999256134033,3.1059999465942383,3.003999948501587,3.0280001163482666,150478
ng,2025-10-15,3.0290000438690186,3.0409998893737793,2.9639999866485596,3.0160000324249268,149150
ng,2025-10-16,3.0360000133514404,3.066999912261963,2.921999931335449,2.937999963760376,161360
ng,2025-10-17,2.9260001182556152,3.0239999294281006,2.8929998874664307,3.007999897003174,128236
ng,2025-10-20,3.1600000858306885,3.430000066757202,3.135999917984009,3.3970000743865967,266597
ng,2025-10-21,3.4210000038146973,3.503999948501587,3.3570001125335693,3.4739999771118164,197775
ng,2025-10-22,3.486999988555908,3.572000026702881,3.385999917984009,3.450000047683716,202361
ng,2025-10-23,3.438999891281128,3.506999969482422,3.2899999618530273,3.3440001010894775,157089
ng,2025-10-24,3.2850000858306885,3.3970000743865967,3.200000047683716,3.303999900817871,108141
ng,2025-10-27,3.4100000858306885,3.4690001010894775,3.260999917984009,3.441999912261963,67444
ng,2025-10-28,3.4110000133514404,3.434999942779541,3.239000082015991,3.3450000286102295,85022
ng,2025-10-29,3.2709999084472656,3.4049999713897705,3.193000078201294,3.375999927520752,153684
ng,2025-10-30,3.7980000972747803,4.071000099182129,3.7860000133514404,3.9560000896453857,201075
ng,2025-10-31,4.060999870300293,4.1570000648498535,4.014999866485596,4.124000072479248,238492
ng,2025-11-03,4.159999847412109,4.297999858856201,4.086999893188477,4.265999794006348,0
ng,2025-11-04,4.25600004196167,4.395999908447266,4.183000087738037,4.3429999351501465,231288
ng,2025-11-05,4.320000171661377,4.35099983215332,4.205999851226807,4.23199987411499,156270
ng,2025-11-06,4.238999843597412,4.420000076293945,4.191999912261963,4.35699987411499,193866
ng,2025-11-07,4.413000106811523,4.419000148773193,4.26800012588501,4.315000057220459,178319
ng,2025-11-10,4.480000019073486,4.508999824523926,4.26200008392334,4.3379998207092285,189080
ng,2025-11-11,4.375,4.580999851226807,4.276000022888184,4.565000057220459,243691
ng,2025-11-12,4.526000022888184,4.581999778747559,4.460999965667725,4.5329999923706055,170351
ng,2025-11-13,4.534999847412109,4.688000202178955,4.453999996185303,4.645999908447266,201019
ng,2025-11-14,4.5970001220703125,4.635000228881836,4.375999927520752,4.565999984741211,227908
ng,2025-11-17,4.531000137329102,4.540999889373779,4.322999954223633,4.361000061035156,191623
ng,2025-11-18,4.3420000076293945,4.401000022888184,4.235000133514404,4.370999813079834,204812
ng,2025-11-19,4.374000072479248,4.6020002365112305,4.349999904632568,4.550000190734863,152272
ng,2025-11-20,4.565999984741211,4.611999988555908,4.458000183105469,4.473999977111816,105538
ng,2025-11-21,4.488999843597412,4.675000190734863,4.460999965667725,4.579999923706055,80707
ng,2025-11-24,4.465000152587891,4.576000213623047,4.443999767303467,4.548999786376953,78483
ng,2025-11-25,4.500999927520752,4.546999931335449,4.267000198364258,4.423999786376953,240457
ng,2025-11-26,4.482999801635742,4.644000053405762,4.441999912261963,4.558000087738037,155159
ng,2025-11-28,4.618000030517578,4.870999813079834,4.5269999504089355,4.849999904632568,127694
ng,2025-12-01,4.869999885559082,4.952000141143799,4.757999897003174,4.921000003814697,209469
ng,2025-12-02,4.9019999504089355,4.984000205993652,4.804999828338623,4.840000152587891,172375
ng,2025-12-03,4.827000141143799,5.039000034332275,4.818999767303467,4.994999885559082,186366
ng,2025-12-04,5.010000228881836,5.090000152587891,4.870999813079834,5.063000202178955,209843
ng,2025-12-05,5.077000141143799,5.495999813079834,5.0269999504089355,5.289000034332275,376679
ng,2025-12-08,5.099999904632568,5.204999923706055,4.849999904632568,4.9120001792907715,301953
ng,2025-12-09,4.868000030517578,4.877999782562256,4.551000118255615,4.573999881744385,249501
ng,2025-12-10,4.578000068664551,4.696000099182129,4.454999923706055,4.59499979019165,271105
ng,2025-12-11,4.625999927520752,4.63100004196167,4.196000099182129,4.230999946594238,287859
ng,2025-12-12,4.230999946594238,4.256999969482422,4.065000057220459,4.11299991607666,199844
ng,2025-12-15,4.171000003814697,4.2179999351501465,3.993000030517578,4.01200008392334,169239
ng,2025-12-16,4.0370001792907715,4.045000076293945,3.8420000076293945,3.885999917984009,155859
ng,2025-12-17,3.936000108718872,4.113999843597412,3.9200000762939453,4.02400016784668,153559
ng,2025-12-18,4.117000102996826,4.2179999351501465,3.877000093460083,3.9079999923706055,158058
ng,2025-12-19,3.941999912261963,4.03000020980835,3.8399999141693115,3.9839999675750732,145508
ng,2025-12-22,4.080999851226807,4.139999866485596,3.796999931335449,3.9649999141693115,157602
ng,2025-12-23,3.990000009536743,4.448999881744385,3.943000078201294,4.4079999923706055,126794
ng,2025-12-24,4.414999961853027,4.5929999351501465,4.179999828338623,4.242000102996826,57070
ng,2025-12-26,4.196000099182129,4.421000003814697,4.196000099182129,4.366000175476074,46351
ng,2025-12-29,4.449999809265137,4.7210001945495605,4.35099983215332,4.686999797821045,163457
ng,2025-12-30,3.947000026702881,4.176000118255615,3.9159998893737793,3.9719998836517334,136981
ng,2025-12-31,3.9760000705718994,3.9830000400543213,3.678999900817871,3.686000108718872,132231
ng,2026-01-02,3.678999900817871,3.703000068664551,3.562999963760376,3.618000030517578,133024
ng,2026-01-05,3.506999969482422,3.5299999713897705,3.3550000190734863,3.5230000019073486,228737
ng,2026-01-06,3.492000102996826,3.502000093460083,3.3239998817443848,3.3499999046325684,145165
ng,2026-01-07,3.424999952316284,3.5910000801086426,3.4189999103546143,3.5250000953674316,151941
ng,2026-01-08,3.562999963760376,3.634000062942505,3.3550000190734863,3.4070000648498535,193218
ng,2026-01-09,3.4100000858306885,3.496000051498413,3.13100004196167,3.1689999103546143,322218
ng,2026-01-12,3.2899999618530273,3.430999994277954,3.181999921798706,3.4089999198913574,248893
ng,2026-01-13,3.3580000400543213,3.499000072479248,3.2980000972747803,3.4189999103546143,187132
ng,2026-01-14,3.384000062942505,3.443000078201294,3.068000078201294,3.119999885559082,215332
ng,2026-01-15,3.1019999980926514,3.2179999351501465,3.00600004196167,3.128000020980835,180723
ng,2026-01-16,3.1459999084472656,3.2300000190734863,3.0199999809265137,3.1029999256134033,139667
ng,2026-01-20,3.5,3.990000009536743,3.380000114440918,3.9070000648498535,410520
ng,2026-01-21,3.9030001163482666,5.098999977111816,3.8340001106262207,4.875,367003
ng,2026-01-22,5.039000034332275,5.650000095367432,4.769000053405762,5.045000076293945,310947
ng,2026-01-23,4.872000217437744,5.434000015258789,4.659999847412109,5.275000095367432,107108
ng,2026-01-26,5.790999889373779,7.439000129699707,5.728000164031982,6.800000190734863,99498
ng,2026-01-27,6.645999908447266,7.309999942779541,5.771999835968018,6.953999996185303,77676
ng,2026-01-28,6.5,7.827000141143799,5.900000095367432,7.460000038146973,235065
ng,2026-01-29,3.742000102996826,3.930000066757202,3.7279999256134033,3.9179999828338623,234642
ng,2026-01-30,3.878999948501587,4.425000190734863,3.818000078201294,4.354000091552734,351649
ng,2026-02-02,3.7079999446868896,3.7360000610351562,3.1549999713897705,3.236999988555908,554857
ng,2026-02-03,3.263000011444092,3.3970000743865967,3.1689999103546143,3.311000108718872,238550
ng,2026-02-04,3.369999885559082,3.5480000972747803,3.2639999389648438,3.4649999141693115,194662
ng,2026-02-05,3.4719998836517334,3.572999954223633,3.328000068664551,3.509000062942505,202389
ng,2026-02-06,3.5169999599456787,3.6589999198913574,3.38700008392334,3.421999931335449,215129
ng,2026-02-09,3.25,3.265000104904175,3.1110000610351562,3.138000011444092,211763
ng,2026-02-10,3.1410000324249268,3.2139999866485596,3.061000108718872,3.115000009536743,175754
ng,2026-02-11,3.1589999198913574,3.249000072479248,3.055000066757202,3.1589999198913574,174848
ng,2026-02-12,3.2219998836517334,3.315999984741211,3.180000066757202,3.2170000076293945,222258
ng,2026-02-13,3.2190001010894775,3.2780001163482666,3.114000082015991,3.243000030517578,125822
ng,2026-02-17,3.049999952316284,3.1710000038146973,2.9679999351501465,3.0309998989105225,183610
ng,2026-02-18,3.049999952316284,3.055999994277954,2.921999931335449,3.010999917984009,142497
ng,2026-02-19,3.0220000743865967,3.0950000286102295,2.9609999656677246,2.996000051498413,120477
ng,2026-02-20,2.9709999561309814,3.1549999713897705,2.9489998817443848,3.046999931335449,90717
ng,2026-02-23,3.240000009536743,3.253000020980835,2.9769999980926514,2.984999895095825,55412
ng,2026-02-24,2.9809999465942383,3.0139999389648438,2.9049999713897705,2.9149999618530273,69623
ng,2026-02-25,2.9200000762939453,3.0169999599456787,2.8949999809265137,2.9690001010894775,133499
ng,2026-02-26,2.8910000324249268,2.8910000324249268,2.7750000953674316,2.8269999027252197,139781
ng,2026-02-27,2.8320000171661377,2.8940000534057617,2.818000078201294,2.8589999675750732,109106
ng,2026-03-02,2.928999900817871,3.069999933242798,2.867000102996826,2.9600000381469727,174543
ng,2026-03-03,2.9800000190734863,3.187999963760376,2.9730000495910645,3.053999900817871,225190
ng,2026-03-04,3.0409998893737793,3.0759999752044678,2.8910000324249268,2.9170000553131104,155742
ng,2026-03-05,2.937000036239624,3.0460000038146973,2.9200000762939453,3.003000020980835,148177
ng,2026-03-06,3.0220000743865967,3.2799999713897705,2.9509999752044678,3.186000108718872,196840
ng,2026-03-09,3.303999900817871,3.49399995803833,3.0209999084472656,3.119999885559082,233306
ng,2026-03-10,3.0269999504089355,3.1470000743865967,2.9609999656677246,3.0199999809265137,205911
ng,2026-03-11,3.063999891281128,3.2279999256134033,3.0190000534057617,3.2090001106262207,141651
ng,2026-03-12,3.2309999465942383,3.2920000553131104,3.1449999809265137,3.2330000400543213,150134
ng,2026-03-13,3.252000093460083,3.316999912261963,3.1089999675750732,3.13100004196167,129471
ng,2026-03-16,3.180000066757202,3.180000066757202,2.992000102996826,3.0230000019073486,130165
ng,2026-03-17,3.0360000133514404,3.0969998836517334,3.00600004196167,3.0329999923706055,101786
ng,2026-03-18,3.0439999103546143,3.2109999656677246,2.9230000972747803,3.065000057220459,141167
ng,2026-03-19,3.1640000343322754,3.2699999809265137,3.1029999256134033,3.1659998893737793,154492
ng,2026-03-20,3.119999885559082,3.1689999103546143,3.0450000762939453,3.0950000286102295,106682
ng,2026-03-23,3.1080000400543213,3.1530001163482666,2.875,2.8910000324249268,119426
ng,2026-03-24,2.9100000858306885,2.9739999771118164,2.875999927520752,2.943000078201294,52369
ng,2026-03-25,2.9000000953674316,2.984999895095825,2.864000082015991,2.9519999027252197,30840
ng,2026-03-26,2.9839999675750732,3.0250000953674316,2.9179999828338623,2.999000072479248,61382
ng,2026-03-27,2.9700000286102295,3.124000072479248,2.9649999141693115,3.0950000286102295,132398
ng,2026-03-30,3.055000066757202,3.056999921798706,2.8510000705718994,2.88700008392334,126193
ng,2026-03-31,2.88700008392334,2.9769999980926514,2.802999973297119,2.884000062942505,154156
ng,2026-04-01,2.880000114440918,2.8989999294281006,2.7850000858306885,2.819000005722046,126772
ng,2026-04-02,2.812999963760376,2.8889999389648438,2.7790000438690186,2.799999952316284,0
ng,2026-04-06,2.8380000591278076,2.868000030517578,2.7690000534057617,2.811000108718872,100084
ng,2026-04-07,2.803999900817871,2.888000011444092,2.75600004196167,2.869999885559082,135271
ng,2026-04-08,2.8429999351501465,2.8440001010894775,2.7019999027252197,2.7239999771118164,223335
ng,2026-04-09,2.7309999465942383,2.73799991607666,2.6549999713897705,2.6700000762939453,170766
ng,2026-04-10,2.6710000038146973,2.688999891281128,2.628000020980835,2.6480000019073486,151051
ng,2026-04-13,2.690999984741211,2.7230000495910645,2.615000009536743,2.627000093460083,155024
ng,2026-04-14,2.628000020980835,2.6600000858306885,2.561000108718872,2.5989999771118164,174530
ng,2026-04-15,2.5989999771118164,2.628000020980835,2.569999933242798,2.609999895095825,114648
ng,2026-04-16,2.614000082015991,2.678999900817871,2.5880000591278076,2.6470000743865967,108047
ng,2026-04-17,2.6670000553131104,2.7070000171661377,2.622999906539917,2.6740000247955322,109843
ng,2026-04-20,2.687999963760376,2.746000051498413,2.671999931335449,2.688999891281128,92530
ng,2026-04-21,2.674999952316284,2.7200000286102295,2.6429998874664307,2.697000026702881,94189
ng,2026-04-22,2.7009999752044678,2.763000011444092,2.6760001182556152,2.7219998836517334,78929
ng,2026-04-23,2.7179999351501465,2.740000009536743,2.568000078201294,2.614000082015991,79279
ng,2026-04-24,2.5940001010894775,2.5940001010894775,2.494999885559082,2.5230000019073486,50988
ng,2026-04-27,2.505000114440918,2.630000114440918,2.505000114440918,2.549999952316284,65552
ng,2026-04-28,2.5390000343322754,2.578000068664551,2.4830000400543213,2.559000015258789,102074
ng,2026-04-29,2.680000066757202,2.691999912261963,2.615000009536743,2.6470000743865967,98371
ng,2026-04-30,2.6489999294281006,2.7939999103546143,2.5920000076293945,2.7669999599456787,172760
ng,2026-05-01,2.755000114440918,2.821000099182129,2.746000051498413,2.7799999713897705,111530
ng,2026-05-04,2.7829999923706055,2.882999897003174,2.752000093460083,2.867000102996826,125100
ng,2026-05-05,2.8510000705718994,2.868000030517578,2.759999990463257,2.7880001068115234,115367
ng,2026-05-06,2.7809998989105225,2.7890000343322754,2.690000057220459,2.7300000190734863,107146
ng,2026-05-07,2.7260000705718994,2.812999963760376,2.6760001182556152,2.7690000534057617,166306
ng,2026-05-08,2.7880001068115234,2.8450000286102295,2.734999895095825,2.756999969482422,124590
ng,2026-05-11,2.752000093460083,2.936000108718872,2.750999927520752,2.9100000858306885,162409
ng,2026-05-12,2.9260001182556152,2.944999933242798,2.803999900817871,2.8429999351501465,140080
ng,2026-05-13,2.8329999446868896,2.927000045776367,2.812999963760376,2.864000082015991,132794
ng,2026-05-14,2.867000102996826,2.921999931335449,2.7980000972747803,2.8940000534057617,144509
ng,2026-05-15,2.9200000762939453,2.9820001125335693,2.8940000534057617,2.9600000381469727,144038
ng,2026-05-18,2.99399995803833,3.0899999141693115,2.9670000076293945,3.0239999294281006,149997
ng,2026-05-19,3.0309998989105225,3.132999897003174,3.00600004196167,3.114000082015991,144723
ng,2026-05-20,3.11299991607666,3.138000011444092,2.984999895095825,3.003999948501587,149151
ng,2026-05-21,3.0299999713897705,3.065999984741211,2.9800000190734863,3.0179998874664307,73478
ng,2026-05-22,3.0,3.009999990463257,2.888000011444092,2.9070000648498535,63029
ng,2026-05-26,2.9000000953674316,2.989000082015991,2.8589999675750732,2.8940000534057617,55626
ng,2026-05-27,2.9100000858306885,3.055000066757202,2.8570001125335693,3.0399999618530273,188474
ng,2026-05-28,3.0880000591278076,3.305999994277954,3.056999921798706,3.2850000858306885,200655
ng,2026-05-29,3.2990000247955322,3.388000011444092,3.2720000743865967,3.2899999618530273,167682
ng,2026-06-01,3.3350000381469727,3.3959999084472656,3.1600000858306885,3.178999900817871,171269
ng,2026-06-02,3.194000005722046,3.2279999256134033,3.0989999771118164,3.1670000553131104,140767
ng,2026-06-03,3.171999931335449,3.26200008392334,3.1429998874664307,3.2139999866485596,135015
ng,2026-06-04,3.255000114440918,3.375999927520752,3.2109999656677246,3.3359999656677246,194709
ng,2026-06-05,3.3550000190734863,3.365000009536743,3.2079999446868896,3.2290000915527344,181904
ng,2026-06-08,3.184999942779541,3.194999933242798,3.0969998836517334,3.1470000743865967,199640
ng,2026-06-09,3.1440000534057617,3.2070000171661377,3.117000102996826,3.140000104904175,179403
ng,2026-06-10,3.138000011444092,3.249000072479248,3.072000026702881,3.184999942779541,194341
ng,2026-06-11,3.186000108718872,3.2039999961853027,3.053999900817871,3.0869998931884766,206797
ng,2026-06-12,3.0850000381469727,3.1429998874664307,3.0309998989105225,3.119999885559082,138859
ng,2026-06-15,3.0850000381469727,3.1630001068115234,3.0169999599456787,3.1470000743865967,139274
ng,2026-06-16,3.1549999713897705,3.2679998874664307,3.127000093460083,3.239000082015991,148973
ng,2026-06-17,3.256999969482422,3.2990000247955322,3.121000051498413,3.1449999809265137,170489
ng,2026-06-18,3.1540000438690186,3.246000051498413,3.125,3.2330000400543213,147984
ng,2026-06-22,3.2799999713897705,3.3350000381469727,3.2339999675750732,3.253000020980835,151751
ng,2026-06-23,3.236999988555908,3.2769999504089355,3.1419999599456787,3.1470000743865967,76512
ng,2026-06-24,3.1610000133514404,3.2320001125335693,3.135999917984009,3.2209999561309814,39410
ng,2026-06-25,3.2230000495910645,3.36299991607666,3.196000099182129,3.3429999351501465,106506
ng,2026-06-26,3.302000045776367,3.440999984741211,3.2009999752044678,3.2309999465942383,171611
ng,2026-06-29,3.2809998989105225,3.312999963760376,3.1630001068115234,3.180999994277954,153806
ng,2026-06-30,3.1710000038146973,3.328000068664551,3.1589999198913574,3.2750000953674316,207986
ng,2026-07-01,3.25600004196167,3.2709999084472656,3.194999933242798,3.2200000286102295,122894
ng,2026-07-02,3.2139999866485596,3.2200000286102295,3.1510000228881836,3.196000099182129,137589
ng,2026-07-06,3.2060000896453857,3.25600004196167,3.1589999198913574,3.244999885559082,205853
ng,2026-07-07,3.253999948501587,3.319999933242798,3.180999994277954,3.265000104904175,172662
ng,2026-07-08,3.2809998989105225,3.3550000190734863,3.203000068664551,3.2119998931884766,158732
ng,2026-07-09,3.2190001010894775,3.24399995803833,2.990999937057495,3.01200008392334,240595
ng,2026-07-10,3.0160000324249268,3.0220000743865967,2.874000072479248,2.940000057220459,187170
ng,2026-07-13,2.930999994277954,2.953000068664551,2.8469998836517334,2.8970000743865967,137746
ng,2026-07-14,2.9030001163482666,2.927999973297119,2.8499999046325684,2.9040000438690186,113702
ng,2026-07-15,2.9230000972747803,2.940999984741211,2.865000009536743,2.9240000247955322,114040
ng,2026-07-16,2.9210000038146973,2.9679999351501465,2.822999954223633,2.8580000400543213,141791
ng,2026-07-17,2.8940000534057617,2.9260001182556152,2.8429999351501465,2.9110000133514404,106995
ng,2026-07-20,2.875,2.9100000858306885,2.8310000896453857,2.859999895095825,131706
ng,2026-07-21,2.8420000076293945,2.9059998989105225,2.8389999866485596,2.865000009536743,105685
ng,2026-07-22,2.8919999599456787,2.9509999752044678,2.865000009536743,2.924999952316284,127528
ng,2026-07-23,2.943000078201294,2.990999937057495,2.9059998989105225,2.9159998893737793,125863
ng,2026-07-24,2.9149999618530273,2.9579999446868896,2.8589999675750732,2.871000051498413,69670
ng,2026-07-27,2.819999933242798,2.8359999656677246,2.7339999675750732,2.7669999599456787,57067
ng,2026-07-28,2.740999937057495,2.760999917984009,2.634999990463257,2.6619999408721924,45760
ng,2026-07-29,2.631999969482422,2.7709999084472656,2.619999885559082,2.7249999046325684,112922
ng,2026-07-30,2.7320001125335693,2.7760000228881836,2.680000066757202,2.757999897003174,122809
ng,2026-07-31,2.746000051498413,2.802000045776367,2.7119998931884766,2.746999979019165,117480
ng,2026-08-03,2.744999885559082,2.809999942779541,2.7100000381469727,2.7809998989105225,101918
ng,2026-08-04,2.7739999294281006,2.7860000133514404,2.6589999198913574,2.681999921798706,139814
ng,2026-08-05,2.687000036239624,2.7079999446868896,2.6600000858306885,2.687999963760376,87311
ng,2026-08-06,2.6710000038146973,2.7019999027252197,2.615999937057495,2.640000104904175,124916
ng,2026-08-07,2.632999897003174,2.690000057220459,2.617000102996826,2.6619999408721924,157146
ng,2026-08-10,2.7090001106262207,2.805999994277954,2.7019999027252197,2.7939999103546143,215477
ng,2026-08-11,2.7780001163482666,2.819000005722046,2.744999885559082,2.7669999599456787,191841
ng,2026-08-12,2.749000072479248,2.8299999237060547,2.746999979019165,2.803999900817871,179743
ng,2026-08-13,2.7920000553131104,2.7990000247955322,2.7090001106262207,2.7269999980926514,197560
ng,2026-08-14,2.7360000610351562,2.7829999923706055,2.7100000381469727,2.7330000400543213,117531
ng,2026-08-17,2.690999984741211,2.7100000381469727,2.638000011444092,2.690000057220459,138756
ng,2026-08-18,2.7019999027252197,2.7960000038146973,2.691999912261963,2.7760000228881836,159550
ng,2026-08-19,2.7860000133514404,2.875,2.7699999809265137,2.813999891281128,189364
ng,2026-08-20,2.7809998989105225,2.803999900817871,2.7109999656677246,2.7330000400543213,178527
ng,2026-08-21,2.763000011444092,2.7980000972747803,2.740999937057495,2.7730000019073486,110328
ng,2026-08-24,2.75,2.8389999866485596,2.7160000801086426,2.7820000648498535,90855
ng,2026-08-25,2.753999948501587,2.803999900817871,2.696000099182129,2.7699999809265137,42228
ng,2026-08-26,2.7929999828338623,2.9110000133514404,2.7850000858306885,2.8420000076293945,68681
ng,2026-08-27,2.8550000190734863,2.944000005722046,2.8499999046325684,2.9070000648498535,188571
ng,2026-08-28,2.9059998989105225,2.931999921798706,2.8359999656677246,2.888000011444092,132710
ng,2026-08-31,2.875,2.947000026702881,2.8320000171661377,2.934999942779541,145815
ng,2026-09-01,2.930999994277954,2.9549999237060547,2.8510000705718994,2.9040000438690186,148990
ng,2026-09-02,2.946000099182129,3.002000093460083,2.9100000858306885,2.9560000896453857,134975
ng,2026-09-03,2.997999906539917,3.0260000228881836,2.884999990463257,2.9130001068115234,197408
ng,2026-09-04,2.9260001182556152,2.9860000610351562,2.9019999504089355,2.9749999046325684,150051
ng,2026-09-08,2.930999994277954,3.0139999389648438,2.86299991607666,2.9159998893737793,248447
ng,2026-09-09,2.9070000648498535,2.9070000648498535,2.7990000247955322,2.822000026702881,178990
ng,2026-09-10,2.809000015258789,2.8440001010894775,2.753000020980835,2.8340001106262207,174179
ng,2026-09-11,2.8380000591278076,2.8459999561309814,2.7730000019073486,2.8310000896453857,174179
