date,precip_mm,surface_wetness,root_wetness
2016-01-01,3.4,0.74,0.7
2016-01-02,6.16,0.75,0.7
2016-01-03,38.35,0.89,0.74
2016-01-04,5.75,0.82,0.76
2016-01-05,0.21,0.76,0.74
2016-01-06,0.28,0.74,0.72
2016-01-07,5.11,0.76,0.72
2016-01-08,4.97,0.76,0.72
2016-01-09,8.91,0.78,0.72
2016-01-10,6.26,0.78,0.73
2016-01-11,15.87,0.82,0.74
2016-01-12,12.79,0.83,0.76
2016-01-13,11.6,0.83,0.76
2016-01-14,22.19,0.87,0.77
2016-01-15,48.05,0.93,0.8
2016-01-16,41.35,0.93,0.85
2016-01-17,4.54,0.86,0.84
2016-01-18,1.54,0.83,0.81
2016-01-19,12.26,0.85,0.8
2016-01-20,15.46,0.89,0.82
2016-01-21,0.17,0.82,0.81
2016-01-22,0.07,0.81,0.79
2016-01-23,1.46,0.8,0.78
2016-01-24,2.16,0.81,0.78
2016-01-25,3.51,0.81,0.78
2016-01-26,2.11,0.8,0.77
2016-01-27,19.41,0.84,0.77
2016-01-28,22.19,0.9,0.81
2016-01-29,16.58,0.9,0.84
2016-01-30,0.19,0.83,0.82
2016-01-31,0.01,0.82,0.8
2016-02-01,0.0,0.81,0.79
2016-02-02,0.03,0.8,0.78
2016-02-03,1.99,0.79,0.77
2016-02-04,0.63,0.79,0.77
2016-02-05,0.37,0.78,0.76
2016-02-06,2.31,0.79,0.76
2016-02-07,3.51,0.8,0.76
2016-02-08,2.53,0.8,0.76
2016-02-09,0.38,0.78,0.76
2016-02-10,0.1,0.77,0.75
2016-02-11,9.97,0.81,0.75
2016-02-12,0.14,0.78,0.76
2016-02-13,0.08,0.77,0.75
2016-02-14,0.48,0.76,0.74
2016-02-15,10.54,0.8,0.74
2016-02-16,8.71,0.83,0.76
2016-02-17,6.58,0.81,0.77
2016-02-18,9.05,0.82,0.77
2016-02-19,4.86,0.82,0.78
2016-02-20,17.55,0.86,0.78
2016-02-21,8.37,0.84,0.79
2016-02-22,11.67,0.85,0.79
2016-02-23,2.42,0.83,0.8
2016-02-24,1.09,0.81,0.79
2016-02-25,4.28,0.82,0.78
2016-02-26,4.54,0.81,0.78
2016-02-27,1.97,0.81,0.78
2016-02-28,5.03,0.81,0.78
2016-02-29,15.61,0.85,0.78
2016-03-01,5.78,0.84,0.8
2016-03-02,3.7,0.83,0.8
2016-03-03,11.18,0.85,0.8
2016-03-04,15.56,0.87,0.81
2016-03-05,3.9,0.85,0.82
2016-03-06,3.02,0.83,0.81
2016-03-07,3.85,0.84,0.8
2016-03-08,1.85,0.83,0.8
2016-03-09,0.01,0.81,0.79
2016-03-10,13.97,0.83,0.79
2016-03-11,7.22,0.86,0.81
2016-03-12,3.48,0.83,0.8
2016-03-13,2.76,0.83,0.8
2016-03-14,0.36,0.81,0.79
2016-03-15,0.44,0.8,0.78
2016-03-16,1.02,0.8,0.78
2016-03-17,1.45,0.8,0.78
2016-03-18,0.41,0.79,0.77
2016-03-19,0.03,0.79,0.77
2016-03-20,0.03,0.78,0.76
2016-03-21,0.02,0.77,0.75
2016-03-22,0.9,0.77,0.75
2016-03-23,7.66,0.8,0.75
2016-03-24,5.48,0.81,0.77
2016-03-25,9.17,0.82,0.77
2016-03-26,10.18,0.85,0.79
2016-03-27,1.33,0.82,0.79
2016-03-28,4.39,0.82,0.78
2016-03-29,6.98,0.83,0.78
2016-03-30,0.31,0.81,0.79
2016-03-31,0.1,0.8,0.78
2016-04-01,2.32,0.81,0.78
2016-04-02,0.53,0.8,0.77
2016-04-03,0.01,0.78,0.76
2016-04-04,0.07,0.78,0.76
2016-04-05,0.0,0.77,0.75
2016-04-06,0.01,0.76,0.74
2016-04-07,0.0,0.76,0.74
2016-04-08,0.0,0.75,0.73
2016-04-09,0.01,0.75,0.73
2016-04-10,0.0,0.74,0.72
2016-04-11,0.0,0.74,0.72
2016-04-12,0.0,0.73,0.71
2016-04-13,0.0,0.73,0.71
2016-04-14,0.0,0.73,0.71
2016-04-15,0.0,0.72,0.7
2016-04-16,0.0,0.72,0.7
2016-04-17,0.01,0.71,0.7
2016-04-18,0.0,0.71,0.69
2016-04-19,0.0,0.7,0.69
2016-04-20,0.0,0.7,0.69
2016-04-21,0.0,0.7,0.68
2016-04-22,0.0,0.69,0.68
2016-04-23,0.0,0.69,0.68
2016-04-24,0.0,0.68,0.67
2016-04-25,0.0,0.68,0.67
2016-04-26,2.72,0.69,0.67
2016-04-27,4.52,0.72,0.68
2016-04-28,1.65,0.71,0.68
2016-04-29,8.63,0.76,0.69
2016-04-30,0.53,0.73,0.7
2016-05-01,0.11,0.71,0.69
2016-05-02,0.0,0.7,0.69
2016-05-03,0.0,0.7,0.68
2016-05-04,0.0,0.69,0.68
2016-05-05,0.0,0.68,0.67
2016-05-06,0.0,0.68,0.67
2016-05-07,0.01,0.68,0.67
2016-05-08,0.0,0.67,0.67
2016-05-09,0.01,0.67,0.66
2016-05-10,0.07,0.66,0.66
2016-05-11,0.33,0.66,0.66
2016-05-12,0.14,0.66,0.66
2016-05-13,0.03,0.66,0.66
2016-05-14,0.01,0.65,0.65
2016-05-15,0.05,0.65,0.65
2016-05-16,0.19,0.65,0.65
2016-05-17,0.54,0.65,0.65
2016-05-18,1.94,0.65,0.65
2016-05-19,2.83,0.67,0.65
2016-05-20,1.46,0.66,0.65
2016-05-21,1.99,0.67,0.66
2016-05-22,0.16,0.66,0.65
2016-05-23,0.1,0.65,0.65
2016-05-24,0.0,0.64,0.65
2016-05-25,0.0,0.64,0.65
2016-05-26,0.0,0.64,0.65
2016-05-27,0.0,0.64,0.65
2016-05-28,0.0,0.64,0.64
2016-05-29,0.0,0.63,0.64
2016-05-30,8.82,0.69,0.65
2016-05-31,0.57,0.67,0.66
2016-06-01,15.46,0.74,0.66
2016-06-02,6.28,0.74,0.68
2016-06-03,13.68,0.79,0.7
2016-06-04,7.06,0.78,0.71
2016-06-05,4.27,0.75,0.7
2016-06-06,6.01,0.76,0.7
2016-06-07,5.03,0.75,0.7
2016-06-08,0.9,0.74,0.7
2016-06-09,0.02,0.72,0.69
2016-06-10,0.01,0.71,0.69
2016-06-11,0.0,0.7,0.68
2016-06-12,0.01,0.7,0.68
2016-06-13,0.0,0.69,0.68
2016-06-14,0.0,0.69,0.67
2016-06-15,0.0,0.68,0.67
2016-06-16,0.0,0.68,0.67
2016-06-17,0.0,0.67,0.66
2016-06-18,0.0,0.67,0.66
2016-06-19,0.0,0.66,0.66
2016-06-20,0.0,0.66,0.66
2016-06-21,0.04,0.66,0.66
2016-06-22,0.0,0.66,0.65
2016-06-23,0.24,0.65,0.65
2016-06-24,0.2,0.65,0.65
2016-06-25,0.27,0.65,0.65
2016-06-26,0.01,0.65,0.65
2016-06-27,0.0,0.64,0.65
2016-06-28,0.0,0.64,0.65
2016-06-29,0.0,0.64,0.65
2016-06-30,0.0,0.64,0.65
2016-07-01,0.01,0.64,0.64
2016-07-02,0.0,0.63,0.64
2016-07-03,0.01,0.63,0.64
2016-07-04,0.0,0.63,0.64
2016-07-05,0.01,0.63,0.64
2016-07-06,0.0,0.63,0.64
2016-07-07,0.0,0.62,0.64
2016-07-08,0.0,0.62,0.64
2016-07-09,0.0,0.62,0.63
2016-07-10,0.0,0.62,0.63
2016-07-11,0.0,0.62,0.63
2016-07-12,0.0,0.61,0.63
2016-07-13,0.0,0.61,0.63
2016-07-14,0.0,0.61,0.63
2016-07-15,0.0,0.61,0.63
2016-07-16,0.01,0.6,0.62
2016-07-17,0.03,0.6,0.62
2016-07-18,0.0,0.6,0.62
2016-07-19,0.0,0.6,0.62
2016-07-20,0.0,0.6,0.62
2016-07-21,0.0,0.6,0.62
2016-07-22,0.0,0.6,0.62
2016-07-23,0.0,0.6,0.62
2016-07-24,0.01,0.6,0.62
2016-07-25,0.0,0.59,0.62
2016-07-26,0.0,0.59,0.62
2016-07-27,0.0,0.59,0.61
2016-07-28,0.02,0.59,0.61
2016-07-29,0.0,0.59,0.61
2016-07-30,0.0,0.59,0.61
2016-07-31,0.0,0.59,0.61
2016-08-01,0.0,0.58,0.61
2016-08-02,0.0,0.58,0.61
2016-08-03,0.0,0.58,0.61
2016-08-04,0.0,0.58,0.61
2016-08-05,0.0,0.57,0.61
2016-08-06,0.0,0.57,0.6
2016-08-07,0.0,0.56,0.6
2016-08-08,0.0,0.56,0.6
2016-08-09,0.0,0.55,0.6
2016-08-10,0.3,0.55,0.6
2016-08-11,0.0,0.55,0.6
2016-08-12,0.01,0.54,0.6
2016-08-13,0.0,0.53,0.6
2016-08-14,0.0,0.52,0.6
2016-08-15,6.41,0.54,0.6
2016-08-16,0.8,0.62,0.61
2016-08-17,0.0,0.58,0.61
2016-08-18,0.01,0.57,0.6
2016-08-19,0.06,0.56,0.6
2016-08-20,9.56,0.62,0.61
2016-08-21,8.04,0.69,0.63
2016-08-22,0.12,0.62,0.63
2016-08-23,0.01,0.61,0.63
2016-08-24,0.0,0.6,0.62
2016-08-25,0.01,0.6,0.62
2016-08-26,0.0,0.59,0.61
2016-08-27,0.0,0.59,0.61
2016-08-28,0.0,0.59,0.61
2016-08-29,0.0,0.58,0.61
2016-08-30,0.03,0.57,0.6
2016-08-31,4.73,0.59,0.6
2016-09-01,2.86,0.63,0.61
2016-09-02,0.06,0.59,0.61
2016-09-03,0.0,0.58,0.61
2016-09-04,0.0,0.58,0.61
2016-09-05,0.1,0.57,0.6
2016-09-06,0.01,0.56,0.6
2016-09-07,0.26,0.55,0.6
2016-09-08,0.0,0.53,0.6
2016-09-09,0.01,0.52,0.6
2016-09-10,0.0,0.5,0.6
2016-09-11,0.0,0.47,0.59
2016-09-12,0.06,0.45,0.59
2016-09-13,0.0,0.42,0.59
2016-09-14,0.01,0.4,0.59
2016-09-15,0.1,0.39,0.59
2016-09-16,0.81,0.39,0.59
2016-09-17,1.23,0.41,0.59
2016-09-18,0.86,0.43,0.59
2016-09-19,0.81,0.43,0.59
2016-09-20,1.13,0.45,0.59
2016-09-21,0.0,0.44,0.59
2016-09-22,0.0,0.42,0.59
2016-09-23,0.0,0.41,0.59
2016-09-24,0.07,0.39,0.59
2016-09-25,2.71,0.41,0.59
2016-09-26,0.92,0.48,0.59
2016-09-27,0.09,0.46,0.59
2016-09-28,0.0,0.43,0.59
2016-09-29,0.0,0.41,0.59
2016-09-30,0.01,0.39,0.59
2016-10-01,0.44,0.38,0.59
2016-10-02,0.06,0.38,0.59
2016-10-03,15.66,0.46,0.59
2016-10-04,8.23,0.7,0.63
2016-10-05,0.04,0.61,0.63
2016-10-06,0.41,0.6,0.62
2016-10-07,0.0,0.59,0.61
2016-10-08,0.0,0.58,0.61
2016-10-09,0.01,0.58,0.61
2016-10-10,0.06,0.56,0.6
2016-10-11,8.74,0.62,0.6
2016-10-12,3.63,0.64,0.62
2016-10-13,17.75,0.66,0.62
2016-10-14,18.4,0.77,0.67
2016-10-15,8.85,0.71,0.66
2016-10-16,1.38,0.68,0.66
2016-10-17,0.75,0.64,0.65
2016-10-18,0.39,0.62,0.64
2016-10-19,1.3,0.61,0.63
2016-10-20,6.69,0.62,0.63
2016-10-21,14.91,0.75,0.65
2016-10-22,0.89,0.67,0.65
2016-10-23,0.85,0.65,0.65
2016-10-24,8.41,0.66,0.64
2016-10-25,5.59,0.7,0.65
2016-10-26,2.45,0.66,0.65
2016-10-27,4.53,0.67,0.65
2016-10-28,0.06,0.64,0.65
2016-10-29,0.04,0.62,0.64
2016-10-30,0.01,0.6,0.63
2016-10-31,0.01,0.6,0.62
2016-11-01,1.72,0.61,0.62
2016-11-02,0.42,0.61,0.62
2016-11-03,9.75,0.64,0.62
2016-11-04,11.7,0.74,0.66
2016-11-05,2.87,0.67,0.65
2016-11-06,0.82,0.65,0.65
2016-11-07,6.97,0.68,0.65
2016-11-08,3.62,0.68,0.65
2016-11-09,2.71,0.65,0.65
2016-11-10,4.26,0.66,0.65
2016-11-11,5.26,0.67,0.65
2016-11-12,14.58,0.74,0.66
2016-11-13,21.97,0.79,0.68
2016-11-14,42.91,0.91,0.74
2016-11-15,1.09,0.76,0.74
2016-11-16,1.55,0.74,0.71
2016-11-17,3.4,0.73,0.7
2016-11-18,5.52,0.74,0.69
2016-11-19,0.05,0.7,0.69
2016-11-20,0.0,0.68,0.67
2016-11-21,0.0,0.67,0.67
2016-11-22,5.85,0.69,0.66
2016-11-23,7.29,0.74,0.68
2016-11-24,2.53,0.7,0.68
2016-11-25,0.31,0.67,0.67
2016-11-26,0.02,0.67,0.66
2016-11-27,2.7,0.68,0.66
2016-11-28,14.27,0.74,0.67
2016-11-29,17.47,0.81,0.7
2016-11-30,2.66,0.74,0.7
2016-12-01,0.53,0.72,0.69
2016-12-02,0.88,0.71,0.69
2016-12-03,4.33,0.71,0.68
2016-12-04,12.9,0.78,0.69
2016-12-05,4.77,0.75,0.7
2016-12-06,0.38,0.7,0.69
2016-12-07,0.96,0.68,0.67
2016-12-08,4.52,0.7,0.67
2016-12-09,16.9,0.76,0.68
2016-12-10,10.78,0.8,0.71
2016-12-11,8.57,0.76,0.71
2016-12-12,15.69,0.81,0.71
2016-12-13,10.62,0.81,0.73
2016-12-14,7.74,0.79,0.73
2016-12-15,12.1,0.81,0.73
2016-12-16,0.55,0.76,0.73
2016-12-17,0.2,0.74,0.72
2016-12-18,0.86,0.73,0.71
2016-12-19,6.3,0.75,0.7
2016-12-20,1.93,0.74,0.71
2016-12-21,0.53,0.72,0.7
2016-12-22,3.35,0.73,0.69
2016-12-23,3.92,0.74,0.7
2016-12-24,0.35,0.72,0.69
2016-12-25,3.4,0.71,0.69
2016-12-26,1.33,0.71,0.68
2016-12-27,9.61,0.76,0.69
2016-12-28,1.53,0.71,0.69
2016-12-29,0.63,0.69,0.68
2016-12-30,0.31,0.67,0.67
2016-12-31,0.2,0.66,0.66
2017-01-01,0.24,0.65,0.65
2017-01-02,0.39,0.64,0.65
2017-01-03,11.38,0.71,0.66
2017-01-04,6.21,0.73,0.67
2017-01-05,1.97,0.69,0.67
2017-01-06,1.17,0.68,0.67
2017-01-07,17.59,0.76,0.68
2017-01-08,19.05,0.81,0.71
2017-01-09,4.35,0.76,0.71
2017-01-10,4.77,0.76,0.71
2017-01-11,9.97,0.78,0.71
2017-01-12,7.38,0.78,0.72
2017-01-13,8.61,0.79,0.72
2017-01-14,0.84,0.75,0.72
2017-01-15,15.27,0.78,0.71
2017-01-16,8.26,0.8,0.73
2017-01-17,2.41,0.77,0.73
2017-01-18,4.8,0.77,0.73
2017-01-19,5.14,0.77,0.72
2017-01-20,4.27,0.78,0.73
2017-01-21,1.29,0.75,0.72
2017-01-22,3.25,0.76,0.72
2017-01-23,4.32,0.76,0.72
2017-01-24,7.43,0.78,0.72
2017-01-25,5.29,0.78,0.73
2017-01-26,1.61,0.76,0.73
2017-01-27,1.8,0.75,0.72
2017-01-28,0.04,0.73,0.71
2017-01-29,1.36,0.72,0.7
2017-01-30,1.41,0.72,0.69
2017-01-31,2.0,0.72,0.69
2017-02-01,3.34,0.73,0.69
2017-02-02,5.93,0.74,0.69
2017-02-03,5.26,0.76,0.7
2017-02-04,11.64,0.77,0.71
2017-02-05,7.81,0.79,0.72
2017-02-06,6.69,0.78,0.73
2017-02-07,2.1,0.75,0.72
2017-02-08,0.4,0.74,0.71
2017-02-09,0.07,0.72,0.7
2017-02-10,0.3,0.71,0.69
2017-02-11,0.97,0.7,0.68
2017-02-12,0.23,0.69,0.68
2017-02-13,0.0,0.68,0.67
2017-02-14,0.0,0.67,0.67
2017-02-15,0.0,0.66,0.66
2017-02-16,0.0,0.65,0.66
2017-02-17,0.09,0.64,0.65
2017-02-18,0.34,0.63,0.65
2017-02-19,0.28,0.63,0.64
2017-02-20,0.04,0.61,0.64
2017-02-21,0.02,0.61,0.64
2017-02-22,0.0,0.61,0.63
2017-02-23,0.15,0.61,0.63
2017-02-24,1.6,0.62,0.63
2017-02-25,3.85,0.65,0.64
2017-02-26,7.54,0.67,0.64
2017-02-27,6.66,0.71,0.66
2017-02-28,12.58,0.72,0.67
2017-03-01,4.26,0.74,0.68
2017-03-02,3.07,0.71,0.68
2017-03-03,6.08,0.73,0.68
2017-03-04,10.86,0.76,0.69
2017-03-05,4.5,0.75,0.69
2017-03-06,2.28,0.73,0.69
2017-03-07,0.57,0.71,0.68
2017-03-08,3.24,0.71,0.68
2017-03-09,0.06,0.68,0.67
2017-03-10,8.39,0.71,0.67
2017-03-11,0.72,0.7,0.67
2017-03-12,0.01,0.66,0.66
2017-03-13,0.17,0.65,0.66
2017-03-14,4.37,0.66,0.65
2017-03-15,0.17,0.66,0.65
2017-03-16,0.05,0.64,0.65
2017-03-17,0.09,0.63,0.64
2017-03-18,23.16,0.74,0.66
2017-03-19,31.8,0.88,0.72
2017-03-20,0.86,0.75,0.72
2017-03-21,0.01,0.72,0.7
2017-03-22,0.0,0.71,0.69
2017-03-23,0.0,0.7,0.68
2017-03-24,0.0,0.68,0.67
2017-03-25,0.27,0.67,0.66
2017-03-26,0.03,0.66,0.66
2017-03-27,1.56,0.66,0.65
2017-03-28,0.47,0.66,0.65
2017-03-29,0.06,0.64,0.65
2017-03-30,0.01,0.63,0.65
2017-03-31,0.0,0.63,0.64
2017-04-01,0.0,0.62,0.64
2017-04-02,0.0,0.62,0.64
2017-04-03,0.0,0.61,0.63
2017-04-04,0.0,0.61,0.63
2017-04-05,0.0,0.61,0.63
2017-04-06,3.0,0.63,0.63
2017-04-07,22.3,0.76,0.65
2017-04-08,1.04,0.7,0.67
2017-04-09,0.56,0.68,0.67
2017-04-10,0.26,0.67,0.66
2017-04-11,0.21,0.66,0.66
2017-04-12,6.5,0.68,0.65
2017-04-13,0.91,0.68,0.66
2017-04-14,0.43,0.66,0.66
2017-04-15,0.19,0.65,0.65
2017-04-16,0.0,0.63,0.65
2017-04-17,0.34,0.63,0.64
2017-04-18,0.74,0.63,0.64
2017-04-19,0.03,0.62,0.64
2017-04-20,0.0,0.62,0.63
2017-04-21,0.6,0.61,0.63
2017-04-22,2.35,0.63,0.63
2017-04-23,0.43,0.61,0.63
2017-04-24,0.01,0.61,0.63
2017-04-25,0.0,0.61,0.63
2017-04-26,12.03,0.68,0.64
2017-04-27,2.58,0.68,0.65
2017-04-28,1.85,0.66,0.65
2017-04-29,0.41,0.66,0.65
2017-04-30,0.05,0.65,0.65
2017-05-01,0.0,0.64,0.65
2017-05-02,0.25,0.64,0.64
2017-05-03,0.08,0.63,0.64
2017-05-04,0.01,0.62,0.64
2017-05-05,3.58,0.64,0.64
2017-05-06,2.38,0.66,0.64
2017-05-07,0.01,0.63,0.64
2017-05-08,0.01,0.62,0.64
2017-05-09,0.0,0.62,0.63
2017-05-10,0.0,0.61,0.63
2017-05-11,0.01,0.61,0.63
2017-05-12,0.0,0.61,0.62
2017-05-13,0.01,0.6,0.62
2017-05-14,0.36,0.6,0.62
2017-05-15,0.13,0.6,0.62
2017-05-16,0.33,0.6,0.62
2017-05-17,0.05,0.6,0.62
2017-05-18,4.24,0.62,0.62
2017-05-19,24.63,0.76,0.65
2017-05-20,6.88,0.75,0.68
2017-05-21,9.02,0.72,0.67
2017-05-22,1.95,0.72,0.68
2017-05-23,0.01,0.69,0.67
2017-05-24,0.0,0.67,0.66
2017-05-25,0.02,0.66,0.66
2017-05-26,0.02,0.65,0.65
2017-05-27,0.02,0.65,0.65
2017-05-28,0.0,0.64,0.65
2017-05-29,0.0,0.63,0.64
2017-05-30,0.0,0.63,0.64
2017-05-31,0.0,0.62,0.64
2017-06-01,0.11,0.62,0.63
2017-06-02,0.01,0.62,0.63
2017-06-03,0.0,0.61,0.63
2017-06-04,0.02,0.61,0.63
2017-06-05,0.02,0.61,0.63
2017-06-06,0.0,0.61,0.62
2017-06-07,0.0,0.6,0.62
2017-06-08,0.02,0.6,0.62
2017-06-09,0.63,0.6,0.62
2017-06-10,0.05,0.6,0.62
2017-06-11,0.0,0.6,0.62
2017-06-12,3.67,0.62,0.62
2017-06-13,8.22,0.67,0.63
2017-06-14,13.96,0.74,0.66
2017-06-15,0.01,0.66,0.66
2017-06-16,0.01,0.65,0.65
2017-06-17,0.04,0.64,0.65
2017-06-18,0.0,0.63,0.64
2017-06-19,0.0,0.63,0.64
2017-06-20,0.01,0.63,0.64
2017-06-21,0.02,0.62,0.63
2017-06-22,0.01,0.62,0.63
2017-06-23,0.02,0.61,0.63
2017-06-24,0.0,0.61,0.63
2017-06-25,0.0,0.61,0.63
2017-06-26,0.01,0.61,0.62
2017-06-27,0.01,0.61,0.62
2017-06-28,0.0,0.6,0.62
2017-06-29,0.0,0.6,0.62
2017-06-30,0.0,0.6,0.62
2017-07-01,0.0,0.6,0.62
2017-07-02,0.17,0.6,0.62
2017-07-03,0.05,0.6,0.62
2017-07-04,0.0,0.6,0.62
2017-07-05,0.0,0.6,0.62
2017-07-06,0.0,0.6,0.61
2017-07-07,0.0,0.59,0.61
2017-07-08,0.0,0.59,0.61
2017-07-09,0.0,0.59,0.61
2017-07-10,0.0,0.59,0.61
2017-07-11,0.0,0.59,0.61
2017-07-12,0.0,0.59,0.61
2017-07-13,0.0,0.58,0.61
2017-07-14,0.0,0.58,0.61
2017-07-15,0.0,0.58,0.61
2017-07-16,0.0,0.58,0.6
2017-07-17,0.0,0.57,0.6
2017-07-18,0.02,0.57,0.6
2017-07-19,0.08,0.57,0.6
2017-07-20,0.02,0.57,0.6
2017-07-21,0.01,0.56,0.6
2017-07-22,0.0,0.56,0.6
2017-07-23,0.0,0.55,0.6
2017-07-24,0.0,0.54,0.6
2017-07-25,0.0,0.54,0.6
2017-07-26,0.0,0.53,0.6
2017-07-27,0.0,0.52,0.6
2017-07-28,0.0,0.52,0.6
2017-07-29,0.01,0.51,0.59
2017-07-30,0.0,0.5,0.59
2017-07-31,0.0,0.5,0.59
2017-08-01,0.0,0.49,0.59
2017-08-02,0.0,0.48,0.59
2017-08-03,0.03,0.47,0.59
2017-08-04,0.03,0.47,0.59
2017-08-05,0.01,0.46,0.59
2017-08-06,0.01,0.45,0.59
2017-08-07,0.0,0.45,0.59
2017-08-08,0.0,0.44,0.59
2017-08-09,0.0,0.42,0.59
2017-08-10,0.0,0.41,0.59
2017-08-11,0.0,0.41,0.59
2017-08-12,0.0,0.4,0.59
2017-08-13,0.0,0.4,0.59
2017-08-14,0.0,0.39,0.59
2017-08-15,1.73,0.41,0.59
2017-08-16,1.03,0.45,0.59
2017-08-17,3.18,0.5,0.59
2017-08-18,3.16,0.58,0.6
2017-08-19,0.24,0.57,0.6
2017-08-20,1.17,0.55,0.6
2017-08-21,1.19,0.58,0.6
2017-08-22,0.02,0.56,0.6
2017-08-23,0.01,0.54,0.6
2017-08-24,0.0,0.52,0.6
2017-08-25,0.0,0.49,0.59
2017-08-26,0.0,0.47,0.59
2017-08-27,0.0,0.44,0.59
2017-08-28,0.0,0.42,0.59
2017-08-29,0.0,0.4,0.59
2017-08-30,0.0,0.38,0.59
2017-08-31,0.0,0.37,0.59
2017-09-01,0.0,0.36,0.59
2017-09-02,0.0,0.35,0.59
2017-09-03,0.0,0.35,0.59
2017-09-04,0.0,0.34,0.59
2017-09-05,0.0,0.34,0.59
2017-09-06,0.0,0.33,0.58
2017-09-07,0.0,0.33,0.58
2017-09-08,0.0,0.32,0.58
2017-09-09,0.0,0.31,0.58
2017-09-10,0.0,0.31,0.58
2017-09-11,0.0,0.31,0.58
2017-09-12,0.0,0.3,0.58
2017-09-13,0.0,0.3,0.58
2017-09-14,0.0,0.29,0.58
2017-09-15,0.0,0.29,0.58
2017-09-16,0.0,0.28,0.58
2017-09-17,0.0,0.28,0.58
2017-09-18,0.0,0.28,0.58
2017-09-19,0.0,0.27,0.58
2017-09-20,0.02,0.27,0.58
2017-09-21,0.0,0.27,0.58
2017-09-22,0.0,0.26,0.58
2017-09-23,0.0,0.26,0.58
2017-09-24,0.0,0.26,0.58
2017-09-25,0.0,0.26,0.58
2017-09-26,0.0,0.26,0.58
2017-09-27,3.05,0.28,0.58
2017-09-28,0.59,0.38,0.59
2017-09-29,3.76,0.4,0.59
2017-09-30,31.86,0.74,0.63
2017-10-01,1.18,0.65,0.64
2017-10-02,16.63,0.65,0.63
2017-10-03,34.41,0.82,0.69
2017-10-04,0.22,0.69,0.68
2017-10-05,0.04,0.66,0.66
2017-10-06,0.03,0.63,0.65
2017-10-07,1.08,0.62,0.64
2017-10-08,1.1,0.62,0.63
2017-10-09,0.2,0.6,0.63
2017-10-10,1.86,0.6,0.62
2017-10-11,1.22,0.6,0.62
2017-10-12,0.34,0.59,0.62
2017-10-13,0.43,0.58,0.61
2017-10-14,0.16,0.57,0.61
2017-10-15,0.28,0.57,0.6
2017-10-16,0.0,0.55,0.6
2017-10-17,0.0,0.53,0.6
2017-10-18,0.0,0.51,0.6
2017-10-19,0.0,0.48,0.59
2017-10-20,0.0,0.45,0.59
2017-10-21,0.38,0.43,0.59
2017-10-22,3.4,0.49,0.59
2017-10-23,3.73,0.6,0.6
2017-10-24,0.2,0.57,0.6
2017-10-25,0.62,0.57,0.6
2017-10-26,1.79,0.58,0.6
2017-10-27,22.15,0.69,0.61
2017-10-28,2.5,0.66,0.64
2017-10-29,3.15,0.65,0.64
2017-10-30,14.3,0.71,0.65
2017-10-31,1.04,0.67,0.65
2017-11-01,0.48,0.63,0.64
2017-11-02,0.05,0.61,0.63
2017-11-03,0.0,0.6,0.63
2017-11-04,0.84,0.6,0.62
2017-11-05,3.13,0.64,0.63
2017-11-06,0.31,0.62,0.62
2017-11-07,0.06,0.61,0.62
2017-11-08,0.03,0.59,0.62
2017-11-09,0.11,0.59,0.62
2017-11-10,8.58,0.64,0.62
2017-11-11,8.16,0.67,0.63
2017-11-12,2.73,0.65,0.64
2017-11-13,0.0,0.6,0.63
2017-11-14,0.0,0.59,0.62
2017-11-15,0.0,0.58,0.62
2017-11-16,0.53,0.59,0.61
2017-11-17,0.42,0.58,0.61
2017-11-18,6.67,0.64,0.61
2017-11-19,7.48,0.65,0.62
2017-11-20,23.73,0.78,0.66
2017-11-21,23.1,0.8,0.68
2017-11-22,12.54,0.78,0.7
2017-11-23,2.31,0.74,0.7
2017-11-24,0.02,0.68,0.68
2017-11-25,2.86,0.67,0.66
2017-11-26,6.16,0.71,0.67
2017-11-27,1.58,0.67,0.66
2017-11-28,12.81,0.73,0.67
2017-11-29,0.89,0.68,0.66
2017-11-30,12.01,0.7,0.66
2017-12-01,27.26,0.85,0.71
2017-12-02,3.03,0.75,0.71
2017-12-03,22.03,0.77,0.7
2017-12-04,7.12,0.79,0.72
2017-12-05,3.35,0.74,0.71
2017-12-06,5.69,0.75,0.7
2017-12-07,12.42,0.78,0.7
2017-12-08,16.52,0.82,0.72
2017-12-09,0.51,0.74,0.71
2017-12-10,0.17,0.72,0.7
2017-12-11,0.12,0.7,0.69
2017-12-12,0.16,0.68,0.68
2017-12-13,0.15,0.67,0.67
2017-12-14,0.04,0.66,0.66
2017-12-15,1.77,0.66,0.66
2017-12-16,4.76,0.68,0.66
2017-12-17,3.89,0.68,0.66
2017-12-18,0.61,0.66,0.66
2017-12-19,1.32,0.65,0.65
2017-12-20,0.11,0.64,0.65
2017-12-21,4.1,0.67,0.65
2017-12-22,6.9,0.7,0.66
2017-12-23,1.82,0.67,0.66
2017-12-24,0.52,0.65,0.65
2017-12-25,1.76,0.65,0.65
2017-12-26,3.15,0.67,0.65
2017-12-27,10.67,0.71,0.66
2017-12-28,11.47,0.77,0.68
2017-12-29,12.56,0.78,0.69
2017-12-30,33.75,0.87,0.74
2017-12-31,5.84,0.79,0.74
2018-01-01,6.95,0.78,0.73
2018-01-02,8.75,0.8,0.73
2018-01-03,5.35,0.77,0.72
2018-01-04,8.62,0.79,0.72
2018-01-05,16.44,0.83,0.74
2018-01-06,29.02,0.89,0.76
2018-01-07,14.75,0.86,0.78
2018-01-08,21.39,0.88,0.79
2018-01-09,0.78,0.81,0.78
2018-01-10,0.0,0.78,0.76
2018-01-11,0.64,0.77,0.75
2018-01-12,3.16,0.78,0.74
2018-01-13,0.84,0.77,0.74
2018-01-14,9.48,0.8,0.74
2018-01-15,9.33,0.8,0.75
2018-01-16,4.94,0.81,0.76
2018-01-17,0.22,0.77,0.75
2018-01-18,0.05,0.76,0.74
2018-01-19,0.11,0.75,0.73
2018-01-20,0.13,0.74,0.72
2018-01-21,0.09,0.73,0.71
2018-01-22,0.48,0.73,0.71
2018-01-23,6.64,0.76,0.71
2018-01-24,2.15,0.74,0.71
2018-01-25,4.02,0.75,0.71
2018-01-26,5.45,0.76,0.71
2018-01-27,2.46,0.74,0.71
2018-01-28,1.5,0.74,0.71
2018-01-29,9.01,0.77,0.71
2018-01-30,23.44,0.84,0.73
2018-01-31,0.37,0.78,0.75
2018-02-01,0.05,0.75,0.73
2018-02-02,0.45,0.74,0.72
2018-02-03,0.74,0.74,0.71
2018-02-04,5.77,0.75,0.71
2018-02-05,7.73,0.78,0.72
2018-02-06,14.17,0.81,0.73
2018-02-07,3.13,0.78,0.74
2018-02-08,0.0,0.75,0.72
2018-02-09,0.15,0.73,0.71
2018-02-10,0.98,0.73,0.71
2018-02-11,1.09,0.73,0.71
2018-02-12,1.04,0.73,0.71
2018-02-13,1.99,0.74,0.71
2018-02-14,4.39,0.74,0.71
2018-02-15,5.18,0.76,0.71
2018-02-16,0.38,0.73,0.71
2018-02-17,0.97,0.72,0.7
2018-02-18,1.67,0.72,0.7
2018-02-19,46.64,0.81,0.71
2018-02-20,36.36,0.87,0.77
2018-02-21,7.04,0.81,0.76
2018-02-22,11.62,0.82,0.76
2018-02-23,2.61,0.8,0.76
2018-02-24,2.94,0.78,0.75
2018-02-25,0.78,0.77,0.74
2018-02-26,7.6,0.8,0.74
2018-02-27,7.76,0.8,0.75
2018-02-28,8.1,0.81,0.75
2018-03-01,2.08,0.78,0.75
2018-03-02,8.13,0.79,0.74
2018-03-03,6.26,0.81,0.75
2018-03-04,1.34,0.78,0.75
2018-03-05,2.96,0.77,0.73
2018-03-06,1.61,0.76,0.73
2018-03-07,5.67,0.77,0.73
2018-03-08,11.39,0.81,0.74
2018-03-09,4.51,0.79,0.75
2018-03-10,9.7,0.81,0.75
2018-03-11,0.43,0.78,0.75
2018-03-12,0.0,0.76,0.74
2018-03-13,0.11,0.75,0.72
2018-03-14,4.62,0.76,0.72
2018-03-15,0.48,0.75,0.72
2018-03-16,5.53,0.77,0.72
2018-03-17,1.14,0.76,0.73
2018-03-18,0.1,0.74,0.72
2018-03-19,0.23,0.73,0.71
2018-03-20,4.13,0.74,0.71
2018-03-21,7.27,0.77,0.71
2018-03-22,2.64,0.76,0.72
2018-03-23,0.49,0.73,0.71
2018-03-24,0.06,0.72,0.7
2018-03-25,0.0,0.71,0.7
2018-03-26,0.56,0.71,0.69
2018-03-27,0.14,0.7,0.68
2018-03-28,0.02,0.69,0.68
2018-03-29,0.03,0.69,0.68
2018-03-30,0.2,0.68,0.67
2018-03-31,0.13,0.68,0.67
2018-04-01,0.9,0.68,0.67
2018-04-02,1.83,0.69,0.67
2018-04-03,4.98,0.7,0.67
2018-04-04,2.18,0.71,0.68
2018-04-05,0.27,0.69,0.67
2018-04-06,0.8,0.68,0.67
2018-04-07,0.25,0.67,0.67
2018-04-08,0.07,0.67,0.66
2018-04-09,0.55,0.66,0.66
2018-04-10,0.05,0.65,0.66
2018-04-11,0.0,0.65,0.65
2018-04-12,0.05,0.65,0.65
2018-04-13,0.0,0.64,0.65
2018-04-14,0.02,0.64,0.65
2018-04-15,2.21,0.65,0.65
2018-04-16,0.3,0.65,0.65
2018-04-17,0.02,0.64,0.65
2018-04-18,0.0,0.64,0.65
2018-04-19,0.0,0.63,0.64
2018-04-20,0.0,0.63,0.64
2018-04-21,0.0,0.63,0.64
2018-04-22,0.0,0.63,0.64
2018-04-23,0.01,0.62,0.64
2018-04-24,0.02,0.62,0.64
2018-04-25,0.02,0.62,0.63
2018-04-26,0.03,0.61,0.63
2018-04-27,0.76,0.61,0.63
2018-04-28,0.71,0.61,0.63
2018-04-29,0.01,0.61,0.63
2018-04-30,0.0,0.6,0.63
2018-05-01,0.0,0.6,0.62
2018-05-02,0.0,0.6,0.62
2018-05-03,0.01,0.6,0.62
2018-05-04,0.0,0.59,0.62
2018-05-05,0.68,0.6,0.62
2018-05-06,0.15,0.6,0.62
2018-05-07,0.13,0.59,0.62
2018-05-08,0.44,0.6,0.62
2018-05-09,0.04,0.59,0.62
2018-05-10,0.0,0.59,0.62
2018-05-11,0.01,0.59,0.62
2018-05-12,0.0,0.59,0.61
2018-05-13,0.03,0.59,0.61
2018-05-14,0.1,0.59,0.61
2018-05-15,0.04,0.59,0.61
2018-05-16,3.53,0.61,0.61
2018-05-17,4.27,0.64,0.62
2018-05-18,0.86,0.62,0.62
2018-05-19,13.74,0.66,0.63
2018-05-20,0.91,0.68,0.65
2018-05-21,0.04,0.64,0.64
2018-05-22,0.01,0.63,0.64
2018-05-23,0.0,0.62,0.64
2018-05-24,0.0,0.62,0.63
2018-05-25,0.0,0.62,0.63
2018-05-26,0.02,0.61,0.63
2018-05-27,0.0,0.61,0.62
2018-05-28,0.0,0.61,0.62
2018-05-29,0.0,0.6,0.62
2018-05-30,0.0,0.6,0.62
2018-05-31,0.0,0.6,0.62
2018-06-01,0.0,0.6,0.62
2018-06-02,0.0,0.6,0.61
2018-06-03,0.01,0.6,0.61
2018-06-04,0.0,0.6,0.61
2018-06-05,7.25,0.63,0.61
2018-06-06,1.94,0.65,0.63
2018-06-07,2.11,0.63,0.63
2018-06-08,0.29,0.62,0.63
2018-06-09,0.0,0.61,0.63
2018-06-10,0.01,0.61,0.62
2018-06-11,0.0,0.61,0.62
2018-06-12,0.0,0.6,0.62
2018-06-13,0.0,0.6,0.62
2018-06-14,3.08,0.61,0.62
2018-06-15,4.26,0.66,0.63
2018-06-16,0.56,0.62,0.63
2018-06-17,0.01,0.61,0.63
2018-06-18,0.0,0.61,0.62
2018-06-19,0.0,0.61,0.62
2018-06-20,0.03,0.6,0.62
2018-06-21,0.01,0.6,0.62
2018-06-22,0.0,0.6,0.62
2018-06-23,0.0,0.6,0.61
2018-06-24,0.0,0.59,0.61
2018-06-25,0.0,0.59,0.61
2018-06-26,0.0,0.59,0.61
2018-06-27,0.0,0.58,0.61
2018-06-28,0.0,0.58,0.61
2018-06-29,0.0,0.58,0.6
2018-06-30,0.01,0.57,0.6
2018-07-01,0.0,0.57,0.6
2018-07-02,0.0,0.56,0.6
2018-07-03,0.0,0.55,0.6
2018-07-04,0.0,0.54,0.6
2018-07-05,0.01,0.54,0.6
2018-07-06,0.0,0.53,0.6
2018-07-07,0.0,0.52,0.6
2018-07-08,0.0,0.51,0.6
2018-07-09,0.0,0.5,0.59
2018-07-10,2.67,0.51,0.59
2018-07-11,0.44,0.57,0.6
2018-07-12,0.0,0.55,0.6
2018-07-13,0.0,0.54,0.6
2018-07-14,0.0,0.53,0.6
2018-07-15,0.0,0.51,0.6
2018-07-16,0.0,0.49,0.59
2018-07-17,0.0,0.48,0.59
2018-07-18,0.0,0.47,0.59
2018-07-19,0.0,0.46,0.59
2018-07-20,0.0,0.45,0.59
2018-07-21,0.01,0.44,0.59
2018-07-22,0.0,0.43,0.59
2018-07-23,0.0,0.43,0.59
2018-07-24,0.0,0.42,0.59
2018-07-25,0.02,0.42,0.59
2018-07-26,0.0,0.41,0.59
2018-07-27,0.0,0.41,0.59
2018-07-28,0.0,0.4,0.59
2018-07-29,0.0,0.4,0.59
2018-07-30,0.01,0.39,0.59
2018-07-31,1.28,0.41,0.59
2018-08-01,6.96,0.5,0.59
2018-08-02,2.05,0.62,0.61
2018-08-03,30.35,0.7,0.62
2018-08-04,2.65,0.72,0.66
2018-08-05,0.75,0.66,0.65
2018-08-06,6.48,0.68,0.65
2018-08-07,2.29,0.68,0.65
2018-08-08,0.03,0.63,0.64
2018-08-09,1.96,0.64,0.64
2018-08-10,0.01,0.62,0.63
2018-08-11,0.0,0.61,0.63
2018-08-12,0.0,0.61,0.62
2018-08-13,0.0,0.6,0.62
2018-08-14,0.0,0.6,0.62
2018-08-15,0.0,0.59,0.62
2018-08-16,0.02,0.6,0.61
2018-08-17,4.08,0.63,0.61
2018-08-18,0.36,0.62,0.62
2018-08-19,0.02,0.6,0.62
2018-08-20,0.0,0.6,0.62
2018-08-21,0.0,0.59,0.61
2018-08-22,0.0,0.59,0.61
2018-08-23,0.0,0.59,0.61
2018-08-24,0.12,0.58,0.61
2018-08-25,0.72,0.59,0.61
2018-08-26,1.35,0.59,0.61
2018-08-27,0.09,0.59,0.61
2018-08-28,0.0,0.58,0.6
2018-08-29,0.0,0.57,0.6
2018-08-30,0.0,0.56,0.6
2018-08-31,0.0,0.54,0.6
2018-09-01,0.0,0.52,0.6
2018-09-02,0.0,0.5,0.59
2018-09-03,3.56,0.49,0.59
2018-09-04,0.84,0.58,0.6
2018-09-05,0.04,0.55,0.6
2018-09-06,0.0,0.53,0.6
2018-09-07,0.0,0.51,0.6
2018-09-08,0.0,0.48,0.59
2018-09-09,0.0,0.46,0.59
2018-09-10,0.0,0.44,0.59
2018-09-11,0.0,0.42,0.59
2018-09-12,0.0,0.41,0.59
2018-09-13,0.12,0.41,0.59
2018-09-14,16.97,0.55,0.6
2018-09-15,4.8,0.67,0.63
2018-09-16,7.26,0.67,0.63
2018-09-17,5.15,0.66,0.64
2018-09-18,4.2,0.66,0.64
2018-09-19,0.79,0.64,0.64
2018-09-20,4.97,0.65,0.64
2018-09-21,4.39,0.66,0.64
2018-09-22,0.0,0.62,0.63
2018-09-23,0.0,0.6,0.63
2018-09-24,0.0,0.59,0.62
2018-09-25,0.0,0.59,0.62
2018-09-26,0.1,0.58,0.61
2018-09-27,0.07,0.58,0.61
2018-09-28,1.08,0.59,0.61
2018-09-29,1.48,0.6,0.61
2018-09-30,14.43,0.68,0.62
2018-10-01,1.89,0.65,0.63
2018-10-02,0.04,0.61,0.63
2018-10-03,1.5,0.6,0.62
2018-10-04,0.59,0.61,0.62
2018-10-05,2.52,0.62,0.62
2018-10-06,4.41,0.63,0.62
2018-10-07,8.02,0.68,0.64
2018-10-08,8.28,0.67,0.64
2018-10-09,6.99,0.7,0.65
2018-10-10,1.58,0.65,0.65
2018-10-11,5.71,0.68,0.65
2018-10-12,2.16,0.66,0.65
2018-10-13,2.92,0.64,0.64
2018-10-14,3.66,0.67,0.64
2018-10-15,4.53,0.66,0.64
2018-10-16,0.76,0.63,0.64
2018-10-17,8.27,0.68,0.64
2018-10-18,27.99,0.81,0.67
2018-10-19,16.02,0.79,0.69
2018-10-20,0.97,0.74,0.7
2018-10-21,0.0,0.69,0.68
2018-10-22,0.0,0.67,0.67
2018-10-23,0.66,0.66,0.66
2018-10-24,16.04,0.71,0.66
2018-10-25,29.65,0.85,0.7
2018-10-26,11.42,0.81,0.73
2018-10-27,5.19,0.77,0.72
2018-10-28,0.22,0.73,0.71
2018-10-29,0.16,0.71,0.69
2018-10-30,0.02,0.69,0.68
2018-10-31,0.8,0.68,0.67
2018-11-01,2.74,0.69,0.67
2018-11-02,0.57,0.67,0.67
2018-11-03,6.12,0.69,0.66
2018-11-04,9.24,0.74,0.67
2018-11-05,2.96,0.71,0.68
2018-11-06,0.23,0.68,0.67
2018-11-07,10.5,0.72,0.67
2018-11-08,14.99,0.8,0.69
2018-11-09,6.63,0.77,0.71
2018-11-10,5.95,0.76,0.71
2018-11-11,0.62,0.73,0.7
2018-11-12,0.58,0.71,0.69
2018-11-13,0.4,0.69,0.68
2018-11-14,0.2,0.67,0.67
2018-11-15,2.43,0.69,0.67
2018-11-16,1.97,0.7,0.67
2018-11-17,0.07,0.68,0.67
2018-11-18,3.92,0.68,0.66
2018-11-19,24.43,0.82,0.69
2018-11-20,37.76,0.89,0.74
2018-11-21,16.7,0.85,0.76
2018-11-22,4.97,0.8,0.76
2018-11-23,2.91,0.78,0.74
2018-11-24,13.87,0.82,0.75
2018-11-25,3.9,0.78,0.74
2018-11-26,9.57,0.81,0.74
2018-11-27,0.75,0.75,0.73
2018-11-28,0.05,0.74,0.72
2018-11-29,1.04,0.73,0.71
2018-11-30,17.65,0.75,0.7
2018-12-01,37.8,0.88,0.75
2018-12-02,13.03,0.82,0.76
2018-12-03,2.3,0.79,0.76
2018-12-04,0.47,0.77,0.74
2018-12-05,3.99,0.76,0.73
2018-12-06,4.05,0.76,0.73
2018-12-07,19.67,0.83,0.74
2018-12-08,0.56,0.76,0.74
2018-12-09,0.04,0.74,0.73
2018-12-10,0.11,0.73,0.72
2018-12-11,0.03,0.72,0.71
2018-12-12,2.46,0.72,0.7
2018-12-13,10.92,0.78,0.71
2018-12-14,2.49,0.74,0.71
2018-12-15,1.52,0.72,0.7
2018-12-16,8.87,0.76,0.7
2018-12-17,1.45,0.72,0.7
2018-12-18,7.65,0.73,0.7
2018-12-19,10.06,0.79,0.71
2018-12-20,5.83,0.78,0.72
2018-12-21,1.38,0.75,0.72
2018-12-22,8.71,0.77,0.71
2018-12-23,4.26,0.77,0.72
2018-12-24,11.11,0.79,0.72
2018-12-25,2.82,0.77,0.73
2018-12-26,20.14,0.82,0.74
2018-12-27,11.16,0.84,0.76
2018-12-28,5.12,0.8,0.76
2018-12-29,1.32,0.77,0.74
2018-12-30,3.25,0.77,0.74
2018-12-31,5.8,0.76,0.73
2019-01-01,5.77,0.78,0.73
2019-01-02,1.81,0.75,0.72
2019-01-03,13.33,0.79,0.72
2019-01-04,16.06,0.83,0.75
2019-01-05,10.24,0.84,0.77
2019-01-06,0.45,0.78,0.76
2019-01-07,0.04,0.76,0.74
2019-01-08,0.66,0.75,0.73
2019-01-09,0.14,0.74,0.72
2019-01-10,0.01,0.72,0.71
2019-01-11,0.34,0.72,0.7
2019-01-12,0.35,0.72,0.7
2019-01-13,0.38,0.71,0.69
2019-01-14,0.21,0.7,0.69
2019-01-15,1.06,0.71,0.69
2019-01-16,2.8,0.71,0.69
2019-01-17,2.79,0.72,0.69
2019-01-18,9.29,0.73,0.69
2019-01-19,5.24,0.74,0.69
2019-01-20,1.68,0.71,0.69
2019-01-21,3.37,0.72,0.69
2019-01-22,2.48,0.72,0.69
2019-01-23,0.85,0.7,0.68
2019-01-24,0.5,0.68,0.68
2019-01-25,10.81,0.72,0.67
2019-01-26,12.08,0.79,0.7
2019-01-27,0.3,0.73,0.7
2019-01-28,0.0,0.7,0.69
2019-01-29,3.58,0.71,0.68
2019-01-30,0.11,0.69,0.68
2019-01-31,0.1,0.67,0.67
2019-02-01,0.01,0.65,0.66
2019-02-02,1.0,0.64,0.65
2019-02-03,25.23,0.77,0.67
2019-02-04,11.02,0.78,0.7
2019-02-05,3.7,0.73,0.7
2019-02-06,13.92,0.78,0.7
2019-02-07,17.66,0.83,0.73
2019-02-08,0.11,0.74,0.72
2019-02-09,0.11,0.72,0.71
2019-02-10,4.03,0.73,0.69
2019-02-11,1.15,0.72,0.69
2019-02-12,2.56,0.71,0.68
2019-02-13,7.21,0.74,0.69
2019-02-14,2.89,0.73,0.7
2019-02-15,2.95,0.72,0.69
2019-02-16,17.75,0.81,0.71
2019-02-17,2.43,0.76,0.72
2019-02-18,9.02,0.77,0.71
2019-02-19,6.07,0.78,0.72
2019-02-20,4.06,0.75,0.71
2019-02-21,13.44,0.8,0.72
2019-02-22,1.96,0.75,0.72
2019-02-23,0.39,0.74,0.71
2019-02-24,0.1,0.72,0.7
2019-02-25,1.71,0.72,0.69
2019-02-26,5.51,0.74,0.69
2019-02-27,12.43,0.78,0.71
2019-02-28,8.32,0.78,0.72
2019-03-01,18.34,0.82,0.73
2019-03-02,12.06,0.84,0.75
2019-03-03,14.7,0.83,0.75
2019-03-04,11.23,0.84,0.77
2019-03-05,2.26,0.79,0.76
2019-03-06,2.85,0.78,0.75
2019-03-07,5.95,0.79,0.74
2019-03-08,0.92,0.77,0.74
2019-03-09,0.67,0.76,0.73
2019-03-10,2.72,0.76,0.72
2019-03-11,8.33,0.78,0.72
2019-03-12,10.38,0.81,0.74
2019-03-13,7.86,0.8,0.75
2019-03-14,9.11,0.82,0.75
2019-03-15,2.95,0.79,0.75
2019-03-16,3.6,0.79,0.75
2019-03-17,17.99,0.85,0.76
2019-03-18,8.3,0.83,0.77
2019-03-19,0.93,0.79,0.76
2019-03-20,9.75,0.82,0.76
2019-03-21,5.14,0.81,0.77
2019-03-22,0.57,0.79,0.76
2019-03-23,0.11,0.78,0.75
2019-03-24,0.14,0.77,0.74
2019-03-25,0.11,0.76,0.73
2019-03-26,0.06,0.75,0.73
2019-03-27,0.0,0.74,0.72
2019-03-28,0.55,0.73,0.71
2019-03-29,0.36,0.73,0.71
2019-03-30,0.02,0.73,0.71
2019-03-31,0.0,0.72,0.7
2019-04-01,1.1,0.72,0.7
2019-04-02,4.79,0.74,0.7
2019-04-03,1.88,0.74,0.7
2019-04-04,0.01,0.72,0.7
2019-04-05,2.99,0.73,0.7
2019-04-06,9.93,0.76,0.7
2019-04-07,13.19,0.82,0.73
2019-04-08,17.07,0.83,0.74
2019-04-09,9.04,0.83,0.76
2019-04-10,0.5,0.78,0.75
2019-04-11,0.36,0.77,0.74
2019-04-12,0.0,0.75,0.73
2019-04-13,0.77,0.75,0.72
2019-04-14,13.33,0.8,0.73
2019-04-15,5.44,0.8,0.74
2019-04-16,10.46,0.8,0.74
2019-04-17,2.08,0.8,0.75
2019-04-18,0.02,0.76,0.74
2019-04-19,0.03,0.76,0.73
2019-04-20,0.0,0.75,0.72
2019-04-21,0.0,0.74,0.72
2019-04-22,0.1,0.73,0.71
2019-04-23,0.14,0.73,0.71
2019-04-24,0.55,0.72,0.7
2019-04-25,0.05,0.72,0.7
2019-04-26,0.13,0.71,0.69
2019-04-27,0.0,0.7,0.69
2019-04-28,1.04,0.7,0.69
2019-04-29,1.91,0.71,0.69
2019-04-30,0.01,0.7,0.68
2019-05-01,0.03,0.69,0.68
2019-05-02,0.05,0.69,0.68
2019-05-03,0.1,0.69,0.68
2019-05-04,2.87,0.7,0.68
2019-05-05,0.33,0.7,0.68
2019-05-06,0.02,0.69,0.68
2019-05-07,0.28,0.68,0.67
2019-05-08,0.54,0.68,0.67
2019-05-09,0.01,0.68,0.67
2019-05-10,0.0,0.67,0.67
2019-05-11,0.0,0.67,0.67
2019-05-12,0.18,0.67,0.66
2019-05-13,0.1,0.66,0.66
2019-05-14,3.08,0.68,0.66
2019-05-15,9.64,0.74,0.67
2019-05-16,0.8,0.71,0.68
2019-05-17,15.39,0.78,0.69
2019-05-18,3.68,0.76,0.71
2019-05-19,0.31,0.73,0.7
2019-05-20,0.02,0.72,0.69
2019-05-21,0.0,0.71,0.69
2019-05-22,0.0,0.7,0.68
2019-05-23,0.01,0.69,0.68
2019-05-24,0.03,0.68,0.67
2019-05-25,0.0,0.68,0.67
2019-05-26,0.0,0.67,0.67
2019-05-27,0.0,0.67,0.66
2019-05-28,0.08,0.66,0.66
2019-05-29,0.06,0.66,0.66
2019-05-30,0.0,0.66,0.66
2019-05-31,0.0,0.65,0.65
2019-06-01,0.0,0.65,0.65
2019-06-02,0.06,0.65,0.65
2019-06-03,7.59,0.69,0.65
2019-06-04,0.94,0.68,0.66
2019-06-05,0.02,0.66,0.66
2019-06-06,0.03,0.66,0.66
2019-06-07,0.0,0.65,0.65
2019-06-08,0.0,0.65,0.65
2019-06-09,0.0,0.65,0.65
2019-06-10,0.0,0.64,0.65
2019-06-11,0.0,0.64,0.65
2019-06-12,0.0,0.64,0.65
2019-06-13,0.0,0.64,0.64
2019-06-14,0.0,0.63,0.64
2019-06-15,0.0,0.63,0.64
2019-06-16,0.0,0.63,0.64
2019-06-17,0.03,0.63,0.64
2019-06-18,0.03,0.63,0.64
2019-06-19,0.0,0.62,0.64
2019-06-20,0.0,0.62,0.63
2019-06-21,0.01,0.62,0.63
2019-06-22,0.0,0.62,0.63
2019-06-23,0.0,0.62,0.63
2019-06-24,0.0,0.62,0.63
2019-06-25,0.01,0.61,0.63
2019-06-26,0.22,0.61,0.63
2019-06-27,0.05,0.61,0.63
2019-06-28,0.0,0.61,0.63
2019-06-29,0.0,0.6,0.62
2019-06-30,0.01,0.6,0.62
2019-07-01,0.0,0.6,0.62
2019-07-02,0.01,0.6,0.62
2019-07-03,0.04,0.6,0.62
2019-07-04,4.4,0.61,0.62
2019-07-05,5.3,0.68,0.64
2019-07-06,0.18,0.63,0.64
2019-07-07,0.0,0.62,0.63
2019-07-08,0.01,0.62,0.63
2019-07-09,0.01,0.62,0.63
2019-07-10,0.02,0.61,0.63
2019-07-11,0.0,0.61,0.63
2019-07-12,0.01,0.61,0.63
2019-07-13,0.0,0.61,0.62
2019-07-14,0.0,0.6,0.62
2019-07-15,0.02,0.6,0.62
2019-07-16,0.14,0.6,0.62
2019-07-17,0.0,0.6,0.62
2019-07-18,0.0,0.6,0.62
2019-07-19,0.01,0.6,0.62
2019-07-20,0.0,0.59,0.61
2019-07-21,0.0,0.59,0.61
2019-07-22,0.0,0.59,0.61
2019-07-23,0.0,0.59,0.61
2019-07-24,0.0,0.59,0.61
2019-07-25,0.0,0.59,0.61
2019-07-26,0.01,0.58,0.61
2019-07-27,0.0,0.58,0.61
2019-07-28,0.01,0.58,0.61
2019-07-29,0.0,0.57,0.6
2019-07-30,0.87,0.58,0.6
2019-07-31,0.06,0.58,0.6
2019-08-01,0.01,0.57,0.6
2019-08-02,0.03,0.56,0.6
2019-08-03,0.75,0.57,0.6
2019-08-04,2.0,0.59,0.6
2019-08-05,2.57,0.62,0.61
2019-08-06,0.02,0.59,0.61
2019-08-07,0.01,0.59,0.61
2019-08-08,0.0,0.58,0.61
2019-08-09,0.0,0.57,0.6
2019-08-10,0.01,0.56,0.6
2019-08-11,0.0,0.55,0.6
2019-08-12,0.0,0.53,0.6
2019-08-13,0.0,0.51,0.6
2019-08-14,0.0,0.5,0.6
2019-08-15,0.0,0.49,0.59
2019-08-16,0.01,0.48,0.59
2019-08-17,0.0,0.47,0.59
2019-08-18,0.01,0.46,0.59
2019-08-19,0.34,0.46,0.59
2019-08-20,4.79,0.51,0.59
2019-08-21,0.3,0.59,0.6
2019-08-22,0.01,0.56,0.6
2019-08-23,1.37,0.56,0.6
2019-08-24,0.18,0.56,0.6
2019-08-25,0.0,0.53,0.6
2019-08-26,0.01,0.51,0.59
2019-08-27,0.0,0.48,0.59
2019-08-28,0.0,0.47,0.59
2019-08-29,0.0,0.46,0.59
2019-08-30,0.0,0.45,0.59
2019-08-31,0.19,0.43,0.59
2019-09-01,2.99,0.46,0.59
2019-09-02,5.09,0.59,0.6
2019-09-03,1.33,0.58,0.6
2019-09-04,0.09,0.56,0.6
2019-09-05,0.65,0.54,0.6
2019-09-06,0.06,0.52,0.6
2019-09-07,0.0,0.49,0.59
2019-09-08,0.0,0.46,0.59
2019-09-09,0.0,0.43,0.59
2019-09-10,0.0,0.41,0.59
2019-09-11,0.0,0.39,0.59
2019-09-12,0.0,0.37,0.59
2019-09-13,0.0,0.35,0.59
2019-09-14,0.0,0.34,0.59
2019-09-15,0.0,0.33,0.58
2019-09-16,0.0,0.32,0.58
2019-09-17,0.0,0.32,0.58
2019-09-18,0.0,0.31,0.58
2019-09-19,0.0,0.3,0.58
2019-09-20,0.0,0.29,0.58
2019-09-21,0.02,0.29,0.58
2019-09-22,0.33,0.3,0.58
2019-09-23,0.03,0.3,0.58
2019-09-24,0.73,0.3,0.58
2019-09-25,22.12,0.62,0.61
2019-09-26,29.16,0.8,0.66
2019-09-27,0.1,0.68,0.67
2019-09-28,0.0,0.65,0.65
2019-09-29,0.0,0.62,0.64
2019-09-30,0.0,0.61,0.63
2019-10-01,0.0,0.6,0.62
2019-10-02,0.09,0.59,0.62
2019-10-03,0.01,0.58,0.61
2019-10-04,0.0,0.58,0.61
2019-10-05,0.0,0.57,0.61
2019-10-06,0.04,0.56,0.6
2019-10-07,5.4,0.6,0.6
2019-10-08,3.9,0.62,0.61
2019-10-09,11.08,0.68,0.62
2019-10-10,2.95,0.65,0.63
2019-10-11,2.82,0.65,0.64
2019-10-12,0.04,0.6,0.63
2019-10-13,0.0,0.59,0.62
2019-10-14,0.0,0.58,0.62
2019-10-15,1.25,0.59,0.61
2019-10-16,1.83,0.6,0.61
2019-10-17,0.01,0.58,0.61
2019-10-18,0.05,0.56,0.6
2019-10-19,4.75,0.59,0.6
2019-10-20,0.23,0.59,0.61
2019-10-21,4.18,0.6,0.6
2019-10-22,0.42,0.6,0.61
2019-10-23,0.23,0.58,0.61
2019-10-24,0.2,0.57,0.6
2019-10-25,0.12,0.55,0.6
2019-10-26,1.21,0.54,0.6
2019-10-27,3.46,0.56,0.6
2019-10-28,16.3,0.69,0.61
2019-10-29,4.32,0.67,0.63
2019-10-30,2.51,0.63,0.63
2019-10-31,7.64,0.65,0.63
2019-11-01,3.18,0.65,0.64
2019-11-02,0.07,0.61,0.63
2019-11-03,0.0,0.6,0.62
2019-11-04,0.01,0.58,0.62
2019-11-05,0.32,0.59,0.61
2019-11-06,6.89,0.63,0.61
2019-11-07,16.28,0.72,0.63
2019-11-08,6.84,0.71,0.65
2019-11-09,2.66,0.66,0.65
2019-11-10,0.95,0.65,0.65
2019-11-11,3.98,0.64,0.64
2019-11-12,1.43,0.63,0.64
2019-11-13,3.99,0.63,0.63
2019-11-14,40.95,0.85,0.68
2019-11-15,5.22,0.76,0.7
2019-11-16,2.6,0.72,0.69
2019-11-17,2.53,0.69,0.67
2019-11-18,2.24,0.67,0.66
2019-11-19,4.95,0.69,0.66
2019-11-20,4.39,0.69,0.66
2019-11-21,0.84,0.66,0.66
2019-11-22,3.7,0.67,0.65
2019-11-23,12.32,0.73,0.66
2019-11-24,5.92,0.72,0.67
2019-11-25,0.17,0.67,0.67
2019-11-26,0.0,0.65,0.66
2019-11-27,2.72,0.65,0.65
2019-11-28,10.22,0.71,0.66
2019-11-29,4.28,0.71,0.67
2019-11-30,1.69,0.68,0.66
2019-12-01,5.04,0.7,0.66
2019-12-02,0.39,0.66,0.66
2019-12-03,0.11,0.65,0.65
2019-12-04,4.1,0.66,0.65
2019-12-05,17.3,0.76,0.67
2019-12-06,9.97,0.76,0.68
2019-12-07,0.58,0.7,0.68
2019-12-08,0.01,0.67,0.67
2019-12-09,0.93,0.66,0.66
2019-12-10,9.64,0.72,0.66
2019-12-11,9.73,0.73,0.67
2019-12-12,9.69,0.76,0.68
2019-12-13,10.34,0.76,0.69
2019-12-14,2.01,0.73,0.69
2019-12-15,0.54,0.7,0.68
2019-12-16,0.0,0.67,0.67
2019-12-17,0.02,0.65,0.66
2019-12-18,1.08,0.64,0.65
2019-12-19,8.43,0.69,0.65
2019-12-20,2.21,0.69,0.66
2019-12-21,2.01,0.68,0.66
2019-12-22,5.06,0.67,0.66
2019-12-23,7.5,0.72,0.67
2019-12-24,8.29,0.75,0.68
2019-12-25,0.06,0.68,0.67
2019-12-26,0.09,0.66,0.66
2019-12-27,0.08,0.65,0.65
2019-12-28,0.29,0.64,0.65
2019-12-29,0.58,0.62,0.64
2019-12-30,0.17,0.61,0.64
2019-12-31,1.16,0.6,0.63
2020-01-01,4.64,0.64,0.63
2020-01-02,12.45,0.7,0.64
2020-01-03,3.78,0.68,0.66
2020-01-04,7.7,0.7,0.66
2020-01-05,11.03,0.73,0.67
2020-01-06,10.42,0.76,0.68
2020-01-07,1.53,0.69,0.67
2020-01-08,8.03,0.72,0.67
2020-01-09,2.79,0.71,0.67
2020-01-10,2.61,0.7,0.67
2020-01-11,5.09,0.7,0.67
2020-01-12,9.06,0.73,0.67
2020-01-13,11.79,0.77,0.69
2020-01-14,1.82,0.72,0.69
2020-01-15,0.03,0.69,0.67
2020-01-16,1.87,0.67,0.66
2020-01-17,4.45,0.69,0.66
2020-01-18,1.81,0.69,0.67
2020-01-19,1.79,0.67,0.66
2020-01-20,5.96,0.69,0.66
2020-01-21,0.44,0.67,0.66
2020-01-22,3.25,0.66,0.65
2020-01-23,8.22,0.71,0.66
2020-01-24,18.58,0.8,0.69
2020-01-25,1.05,0.71,0.68
2020-01-26,4.16,0.71,0.68
2020-01-27,3.41,0.71,0.67
2020-01-28,5.96,0.7,0.67
2020-01-29,9.91,0.75,0.68
2020-01-30,1.6,0.7,0.68
2020-01-31,0.79,0.69,0.67
2020-02-01,7.09,0.7,0.67
2020-02-02,5.45,0.73,0.68
2020-02-03,11.24,0.76,0.69
2020-02-04,9.82,0.76,0.69
2020-02-05,23.56,0.84,0.72
2020-02-06,32.62,0.88,0.75
2020-02-07,0.89,0.79,0.76
2020-02-08,3.06,0.77,0.74
2020-02-09,4.93,0.77,0.73
2020-02-10,15.42,0.81,0.73
2020-02-11,48.41,0.93,0.77
2020-02-12,41.59,0.92,0.81
2020-02-13,13.7,0.89,0.83
2020-02-14,0.41,0.82,0.8
2020-02-15,0.3,0.79,0.78
2020-02-16,18.26,0.83,0.77
2020-02-17,11.63,0.85,0.79
2020-02-18,18.47,0.87,0.8
2020-02-19,1.48,0.81,0.79
2020-02-20,5.52,0.81,0.78
2020-02-21,23.61,0.87,0.79
2020-02-22,5.41,0.85,0.8
2020-02-23,2.17,0.81,0.79
2020-02-24,10.0,0.85,0.79
2020-02-25,6.17,0.83,0.8
2020-02-26,5.07,0.83,0.8
2020-02-27,34.11,0.9,0.81
2020-02-28,8.47,0.88,0.83
2020-02-29,7.28,0.86,0.82
2020-03-01,12.77,0.87,0.82
2020-03-02,5.77,0.86,0.83
2020-03-03,2.61,0.84,0.82
2020-03-04,3.52,0.84,0.81
2020-03-05,0.09,0.82,0.8
2020-03-06,0.07,0.81,0.8
2020-03-07,0.2,0.81,0.79
2020-03-08,4.36,0.81,0.79
2020-03-09,4.79,0.82,0.79
2020-03-10,0.65,0.81,0.79
2020-03-11,0.23,0.8,0.78
2020-03-12,0.26,0.79,0.77
2020-03-13,0.8,0.79,0.77
2020-03-14,2.46,0.79,0.76
2020-03-15,8.55,0.82,0.76
2020-03-16,3.18,0.81,0.77
2020-03-17,6.88,0.82,0.78
2020-03-18,2.76,0.81,0.78
2020-03-19,7.71,0.82,0.77
2020-03-20,9.63,0.84,0.78
2020-03-21,17.78,0.88,0.8
2020-03-22,1.15,0.82,0.8
2020-03-23,0.09,0.81,0.79
2020-03-24,0.01,0.8,0.78
2020-03-25,0.04,0.79,0.77
2020-03-26,0.06,0.78,0.77
2020-03-27,0.06,0.78,0.76
2020-03-28,0.1,0.78,0.76
2020-03-29,4.83,0.8,0.76
2020-03-30,14.61,0.84,0.78
2020-03-31,9.17,0.85,0.79
2020-04-01,5.58,0.83,0.79
2020-04-02,3.3,0.81,0.78
2020-04-03,4.37,0.82,0.78
2020-04-04,0.15,0.8,0.78
2020-04-05,0.56,0.79,0.77
2020-04-06,0.89,0.78,0.76
2020-04-07,2.08,0.78,0.76
2020-04-08,1.93,0.79,0.76
2020-04-09,0.04,0.77,0.75
2020-04-10,0.25,0.77,0.75
2020-04-11,2.98,0.77,0.75
2020-04-12,1.19,0.77,0.74
2020-04-13,0.4,0.76,0.74
2020-04-14,2.66,0.77,0.74
2020-04-15,2.47,0.78,0.74
2020-04-16,1.71,0.77,0.74
2020-04-17,3.19,0.78,0.74
2020-04-18,0.01,0.77,0.74
2020-04-19,0.01,0.76,0.74
2020-04-20,0.02,0.76,0.74
2020-04-21,0.0,0.75,0.73
2020-04-22,0.03,0.75,0.73
2020-04-23,0.01,0.74,0.72
2020-04-24,0.01,0.74,0.72
2020-04-25,0.0,0.74,0.72
2020-04-26,0.02,0.73,0.71
2020-04-27,0.03,0.73,0.71
2020-04-28,0.04,0.72,0.71
2020-04-29,0.08,0.72,0.7
2020-04-30,0.01,0.72,0.7
2020-05-01,0.02,0.72,0.7
2020-05-02,0.01,0.71,0.69
2020-05-03,0.01,0.71,0.69
2020-05-04,0.0,0.71,0.69
2020-05-05,0.01,0.7,0.69
2020-05-06,0.09,0.7,0.68
2020-05-07,1.17,0.7,0.68
2020-05-08,0.12,0.7,0.68
2020-05-09,0.01,0.69,0.68
2020-05-10,0.0,0.69,0.68
2020-05-11,0.02,0.69,0.68
2020-05-12,0.76,0.69,0.68
2020-05-13,0.02,0.69,0.67
2020-05-14,2.3,0.7,0.68
2020-05-15,1.46,0.71,0.68
2020-05-16,0.57,0.7,0.68
2020-05-17,0.34,0.69,0.68
2020-05-18,0.13,0.69,0.67
2020-05-19,0.05,0.68,0.67
2020-05-20,0.02,0.68,0.67
2020-05-21,0.03,0.67,0.67
2020-05-22,0.04,0.67,0.66
2020-05-23,0.54,0.67,0.66
2020-05-24,14.81,0.75,0.67
2020-05-25,0.2,0.72,0.69
2020-05-26,0.08,0.7,0.68
2020-05-27,1.85,0.71,0.68
2020-05-28,0.0,0.7,0.68
2020-05-29,0.06,0.69,0.68
2020-05-30,0.02,0.68,0.67
2020-05-31,0.12,0.68,0.67
2020-06-01,0.03,0.68,0.67
2020-06-02,0.12,0.67,0.66
2020-06-03,0.09,0.67,0.66
2020-06-04,0.07,0.66,0.66
2020-06-05,0.1,0.66,0.66
2020-06-06,2.41,0.67,0.66
2020-06-07,3.41,0.69,0.66
2020-06-08,0.39,0.67,0.66
2020-06-09,0.19,0.66,0.66
2020-06-10,0.56,0.66,0.66
2020-06-11,0.21,0.66,0.66
2020-06-12,0.05,0.65,0.65
2020-06-13,0.01,0.65,0.65
2020-06-14,0.04,0.64,0.65
2020-06-15,0.03,0.64,0.65
2020-06-16,0.1,0.64,0.64
2020-06-17,0.04,0.63,0.64
2020-06-18,0.04,0.63,0.64
2020-06-19,0.06,0.63,0.64
2020-06-20,0.65,0.63,0.64
2020-06-21,0.03,0.63,0.64
2020-06-22,0.04,0.62,0.64
2020-06-23,0.04,0.62,0.64
2020-06-24,0.09,0.62,0.64
2020-06-25,0.07,0.62,0.63
2020-06-26,0.14,0.62,0.63
2020-06-27,0.42,0.62,0.63
2020-06-28,0.04,0.61,0.63
2020-06-29,0.07,0.62,0.63
2020-06-30,0.06,0.62,0.63
2020-07-01,0.14,0.62,0.63
2020-07-02,0.0,0.61,0.63
2020-07-03,0.0,0.61,0.63
2020-07-04,0.0,0.61,0.63
2020-07-05,0.02,0.61,0.63
2020-07-06,0.12,0.6,0.63
2020-07-07,0.05,0.6,0.62
2020-07-08,0.0,0.6,0.62
2020-07-09,1.88,0.61,0.62
2020-07-10,0.06,0.61,0.62
2020-07-11,0.0,0.6,0.62
2020-07-12,0.0,0.6,0.62
2020-07-13,0.0,0.6,0.62
2020-07-14,0.09,0.59,0.62
2020-07-15,0.03,0.59,0.62
2020-07-16,0.03,0.59,0.62
2020-07-17,0.23,0.59,0.62
2020-07-18,0.02,0.59,0.61
2020-07-19,0.11,0.59,0.61
2020-07-20,0.01,0.59,0.61
2020-07-21,0.04,0.59,0.61
2020-07-22,0.0,0.58,0.61
2020-07-23,0.05,0.58,0.61
2020-07-24,0.01,0.58,0.61
2020-07-25,0.48,0.58,0.61
2020-07-26,0.01,0.58,0.61
2020-07-27,0.01,0.58,0.61
2020-07-28,0.0,0.57,0.61
2020-07-29,0.03,0.57,0.6
2020-07-30,0.03,0.56,0.6
2020-07-31,0.02,0.56,0.6
2020-08-01,0.0,0.56,0.6
2020-08-02,0.01,0.56,0.6
2020-08-03,0.08,0.55,0.6
2020-08-04,0.02,0.54,0.6
2020-08-05,0.06,0.54,0.6
2020-08-06,0.95,0.55,0.6
2020-08-07,0.0,0.54,0.6
2020-08-08,0.06,0.53,0.6
2020-08-09,0.06,0.52,0.6
2020-08-10,0.02,0.52,0.6
2020-08-11,0.57,0.51,0.6
2020-08-12,0.02,0.51,0.6
2020-08-13,0.01,0.49,0.59
2020-08-14,0.0,0.48,0.59
2020-08-15,0.0,0.47,0.59
2020-08-16,0.0,0.46,0.59
2020-08-17,0.45,0.47,0.59
2020-08-18,0.1,0.46,0.59
2020-08-19,0.01,0.45,0.59
2020-08-20,5.39,0.46,0.59
2020-08-21,6.82,0.64,0.61
2020-08-22,3.82,0.65,0.62
2020-08-23,0.03,0.6,0.62
2020-08-24,0.05,0.59,0.61
2020-08-25,0.02,0.59,0.61
2020-08-26,0.02,0.58,0.61
2020-08-27,0.06,0.58,0.61
2020-08-28,0.0,0.57,0.6
2020-08-29,0.0,0.56,0.6
2020-08-30,0.0,0.54,0.6
2020-08-31,0.05,0.52,0.6
2020-09-01,0.06,0.49,0.59
2020-09-02,1.06,0.49,0.59
2020-09-03,0.06,0.47,0.59
2020-09-04,0.25,0.46,0.59
2020-09-05,0.55,0.45,0.59
2020-09-06,0.0,0.42,0.59
2020-09-07,0.0,0.4,0.59
2020-09-08,0.0,0.38,0.59
2020-09-09,0.0,0.37,0.59
2020-09-10,0.01,0.36,0.59
2020-09-11,0.05,0.35,0.59
2020-09-12,0.0,0.34,0.59
2020-09-13,0.0,0.33,0.58
2020-09-14,0.0,0.32,0.58
2020-09-15,0.01,0.32,0.58
2020-09-16,0.01,0.32,0.58
2020-09-17,0.0,0.32,0.58
2020-09-18,0.0,0.31,0.58
2020-09-19,0.83,0.31,0.58
2020-09-20,2.94,0.35,0.59
2020-09-21,13.65,0.64,0.61
2020-09-22,8.52,0.67,0.62
2020-09-23,0.3,0.63,0.63
2020-09-24,0.01,0.6,0.62
2020-09-25,0.02,0.59,0.62
2020-09-26,0.08,0.58,0.61
2020-09-27,0.0,0.57,0.61
2020-09-28,0.02,0.54,0.6
2020-09-29,1.34,0.52,0.6
2020-09-30,4.92,0.58,0.6
2020-10-01,0.29,0.56,0.6
2020-10-02,0.0,0.51,0.6
2020-10-03,0.16,0.47,0.59
2020-10-04,0.24,0.43,0.59
2020-10-05,0.03,0.4,0.59
2020-10-06,0.42,0.38,0.59
2020-10-07,1.66,0.4,0.59
2020-10-08,0.25,0.39,0.59
2020-10-09,10.36,0.42,0.59
2020-10-10,1.98,0.62,0.61
2020-10-11,0.32,0.58,0.6
2020-10-12,0.52,0.57,0.6
2020-10-13,1.16,0.57,0.6
2020-10-14,1.32,0.56,0.6
2020-10-15,2.98,0.6,0.6
2020-10-16,0.26,0.57,0.6
2020-10-17,0.54,0.55,0.6
2020-10-18,0.76,0.55,0.6
2020-10-19,0.27,0.53,0.6
2020-10-20,0.79,0.52,0.59
2020-10-21,3.42,0.55,0.6
2020-10-22,1.13,0.58,0.6
2020-10-23,0.14,0.54,0.6
2020-10-24,4.41,0.57,0.6
2020-10-25,8.57,0.66,0.61
2020-10-26,0.2,0.59,0.61
2020-10-27,0.22,0.58,0.61
2020-10-28,0.06,0.56,0.6
2020-10-29,3.27,0.55,0.6
2020-10-30,6.57,0.63,0.6
2020-10-31,1.76,0.62,0.61
2020-11-01,2.29,0.6,0.61
2020-11-02,0.13,0.58,0.61
2020-11-03,12.15,0.65,0.61
2020-11-04,2.41,0.64,0.63
2020-11-05,0.2,0.59,0.62
2020-11-06,0.06,0.58,0.61
2020-11-07,0.07,0.57,0.61
2020-11-08,6.91,0.61,0.61
2020-11-09,6.54,0.63,0.61
2020-11-10,16.66,0.72,0.63
2020-11-11,14.12,0.71,0.65
2020-11-12,8.32,0.72,0.66
2020-11-13,9.89,0.74,0.67
2020-11-14,1.49,0.69,0.67
2020-11-15,2.34,0.66,0.65
2020-11-16,8.94,0.7,0.65
2020-11-17,10.22,0.71,0.66
2020-11-18,8.49,0.73,0.67
2020-11-19,9.24,0.74,0.67
2020-11-20,1.0,0.68,0.67
2020-11-21,0.14,0.65,0.66
2020-11-22,3.15,0.65,0.65
2020-11-23,0.93,0.64,0.65
2020-11-24,0.26,0.62,0.64
2020-11-25,0.38,0.61,0.63
2020-11-26,2.41,0.61,0.63
2020-11-27,0.15,0.61,0.63
2020-11-28,0.06,0.59,0.62
2020-11-29,0.02,0.58,0.62
2020-11-30,4.86,0.6,0.61
2020-12-01,3.42,0.63,0.62
2020-12-02,3.58,0.65,0.63
2020-12-03,10.3,0.67,0.63
2020-12-04,6.99,0.67,0.64
2020-12-05,13.6,0.72,0.65
2020-12-06,21.33,0.82,0.69
2020-12-07,23.31,0.82,0.7
2020-12-08,8.12,0.8,0.72
2020-12-09,7.91,0.78,0.71
2020-12-10,7.04,0.77,0.71
2020-12-11,3.34,0.75,0.7
2020-12-12,24.82,0.79,0.7
2020-12-13,8.42,0.81,0.73
2020-12-14,4.98,0.77,0.72
2020-12-15,1.31,0.74,0.71
2020-12-16,3.57,0.75,0.7
2020-12-17,3.62,0.74,0.7
2020-12-18,9.5,0.77,0.7
2020-12-19,2.04,0.73,0.7
2020-12-20,2.87,0.73,0.7
2020-12-21,1.31,0.72,0.69
2020-12-22,5.93,0.74,0.69
2020-12-23,5.52,0.74,0.69
2020-12-24,9.49,0.77,0.7
2020-12-25,13.65,0.79,0.71
2020-12-26,6.6,0.77,0.72
2020-12-27,11.94,0.8,0.72
2020-12-28,6.19,0.78,0.73
2020-12-29,4.54,0.78,0.73
2020-12-30,1.41,0.75,0.72
2020-12-31,3.6,0.75,0.71
2021-01-01,15.89,0.8,0.72
2021-01-02,23.88,0.84,0.73
2021-01-03,9.69,0.82,0.75
2021-01-04,21.13,0.86,0.77
2021-01-05,3.72,0.79,0.76
2021-01-06,5.71,0.79,0.75
2021-01-07,17.74,0.84,0.75
2021-01-08,4.88,0.8,0.76
2021-01-09,10.07,0.82,0.76
2021-01-10,12.26,0.84,0.77
2021-01-11,14.74,0.85,0.78
2021-01-12,5.69,0.83,0.78
2021-01-13,6.05,0.82,0.78
2021-01-14,4.41,0.81,0.78
2021-01-15,10.94,0.83,0.77
2021-01-16,3.98,0.82,0.78
2021-01-17,4.48,0.81,0.77
2021-01-18,1.41,0.79,0.77
2021-01-19,0.08,0.77,0.75
2021-01-20,0.11,0.76,0.74
2021-01-21,0.19,0.75,0.73
2021-01-22,0.64,0.74,0.72
2021-01-23,0.87,0.74,0.72
2021-01-24,0.73,0.73,0.71
2021-01-25,0.18,0.73,0.71
2021-01-26,0.26,0.72,0.7
2021-01-27,0.02,0.72,0.7
2021-01-28,0.0,0.71,0.7
2021-01-29,0.0,0.7,0.69
2021-01-30,0.0,0.69,0.68
2021-01-31,0.56,0.69,0.68
2021-02-01,13.21,0.75,0.68
2021-02-02,1.28,0.74,0.7
2021-02-03,6.05,0.74,0.7
2021-02-04,7.55,0.77,0.7
2021-02-05,10.67,0.78,0.71
2021-02-06,27.01,0.86,0.74
2021-02-07,1.27,0.77,0.74
2021-02-08,12.65,0.81,0.74
2021-02-09,6.05,0.79,0.74
2021-02-10,2.39,0.77,0.74
2021-02-11,8.25,0.78,0.73
2021-02-12,11.17,0.83,0.75
2021-02-13,12.25,0.83,0.76
2021-02-14,2.29,0.8,0.76
2021-02-15,6.67,0.8,0.75
2021-02-16,0.26,0.77,0.75
2021-02-17,2.73,0.77,0.74
2021-02-18,8.04,0.79,0.74
2021-02-19,2.82,0.77,0.74
2021-02-20,3.2,0.76,0.73
2021-02-21,5.41,0.76,0.73
2021-02-22,6.1,0.78,0.73
2021-02-23,0.15,0.74,0.72
2021-02-24,0.23,0.73,0.71
2021-02-25,3.21,0.73,0.71
2021-02-26,19.02,0.82,0.72
2021-02-27,10.03,0.82,0.75
2021-02-28,1.27,0.78,0.75
2021-03-01,0.03,0.77,0.74
2021-03-02,0.07,0.75,0.73
2021-03-03,0.06,0.74,0.72
2021-03-04,0.48,0.74,0.71
2021-03-05,4.43,0.75,0.71
2021-03-06,14.49,0.8,0.72
2021-03-07,17.16,0.84,0.75
2021-03-08,5.99,0.81,0.76
2021-03-09,3.9,0.79,0.75
2021-03-10,0.32,0.77,0.74
2021-03-11,2.68,0.76,0.73
2021-03-12,1.92,0.76,0.73
2021-03-13,5.26,0.76,0.73
2021-03-14,16.97,0.84,0.74
2021-03-15,0.48,0.78,0.75
2021-03-16,0.89,0.76,0.74
2021-03-17,1.7,0.76,0.73
2021-03-18,0.84,0.75,0.72
2021-03-19,1.11,0.74,0.72
2021-03-20,0.08,0.73,0.71
2021-03-21,0.63,0.73,0.71
2021-03-22,0.33,0.72,0.7
2021-03-23,0.16,0.71,0.69
2021-03-24,0.08,0.7,0.69
2021-03-25,0.8,0.7,0.68
2021-03-26,2.34,0.71,0.68
2021-03-27,0.49,0.69,0.68
2021-03-28,2.24,0.7,0.68
2021-03-29,5.11,0.72,0.68
2021-03-30,2.85,0.7,0.68
2021-03-31,3.39,0.71,0.68
2021-04-01,0.31,0.69,0.68
2021-04-02,0.02,0.68,0.67
2021-04-03,0.01,0.67,0.67
2021-04-04,0.0,0.67,0.66
2021-04-05,0.01,0.66,0.66
2021-04-06,1.03,0.66,0.66
2021-04-07,1.46,0.68,0.66
2021-04-08,0.25,0.66,0.66
2021-04-09,0.63,0.66,0.66
2021-04-10,0.08,0.65,0.65
2021-04-11,0.01,0.64,0.65
2021-04-12,0.31,0.64,0.65
2021-04-13,0.66,0.64,0.65
2021-04-14,0.54,0.64,0.64
2021-04-15,0.02,0.63,0.64
2021-04-16,0.13,0.63,0.64
2021-04-17,1.33,0.64,0.64
2021-04-18,4.42,0.66,0.64
2021-04-19,0.67,0.65,0.65
2021-04-20,0.07,0.63,0.64
2021-04-21,1.05,0.63,0.64
2021-04-22,1.07,0.64,0.64
2021-04-23,0.05,0.62,0.64
2021-04-24,0.01,0.62,0.64
2021-04-25,0.01,0.61,0.63
2021-04-26,0.01,0.61,0.63
2021-04-27,1.21,0.62,0.63
2021-04-28,0.21,0.61,0.63
2021-04-29,0.04,0.61,0.63
2021-04-30,0.0,0.61,0.63
2021-05-01,0.04,0.61,0.63
2021-05-02,0.53,0.61,0.63
2021-05-03,1.69,0.62,0.63
2021-05-04,0.04,0.61,0.63
2021-05-05,0.0,0.6,0.62
2021-05-06,0.01,0.6,0.62
2021-05-07,0.02,0.59,0.62
2021-05-08,0.01,0.6,0.62
2021-05-09,0.01,0.59,0.62
2021-05-10,0.01,0.59,0.62
2021-05-11,0.04,0.59,0.62
2021-05-12,0.15,0.59,0.62
2021-05-13,1.39,0.61,0.62
2021-05-14,0.05,0.6,0.62
2021-05-15,3.14,0.62,0.62
2021-05-16,0.3,0.61,0.62
2021-05-17,0.11,0.6,0.62
2021-05-18,0.01,0.6,0.62
2021-05-19,0.06,0.59,0.62
2021-05-20,0.02,0.59,0.61
2021-05-21,0.03,0.59,0.61
2021-05-22,0.18,0.59,0.61
2021-05-23,2.12,0.61,0.61
2021-05-24,0.03,0.59,0.61
2021-05-25,0.0,0.59,0.61
2021-05-26,0.01,0.59,0.61
2021-05-27,0.01,0.58,0.61
2021-05-28,0.04,0.58,0.61
2021-05-29,2.96,0.6,0.61
2021-05-30,3.46,0.62,0.61
2021-05-31,13.97,0.71,0.63
2021-06-01,0.72,0.64,0.64
2021-06-02,0.55,0.63,0.64
2021-06-03,0.05,0.62,0.63
2021-06-04,0.05,0.61,0.63
2021-06-05,0.31,0.61,0.63
2021-06-06,0.45,0.61,0.62
2021-06-07,0.61,0.61,0.62
2021-06-08,0.48,0.6,0.62
2021-06-09,4.32,0.64,0.63
2021-06-10,2.27,0.63,0.63
2021-06-11,1.84,0.63,0.63
2021-06-12,0.1,0.62,0.63
2021-06-13,0.05,0.61,0.63
2021-06-14,0.05,0.61,0.62
2021-06-15,0.16,0.61,0.62
2021-06-16,0.02,0.6,0.62
2021-06-17,0.06,0.6,0.62
2021-06-18,0.11,0.6,0.62
2021-06-19,0.05,0.6,0.61
2021-06-20,0.04,0.59,0.61
2021-06-21,0.13,0.59,0.61
2021-06-22,3.59,0.62,0.61
2021-06-23,1.07,0.62,0.62
2021-06-24,0.25,0.6,0.62
2021-06-25,0.02,0.6,0.61
2021-06-26,0.09,0.59,0.61
2021-06-27,0.28,0.6,0.61
2021-06-28,0.08,0.59,0.61
2021-06-29,0.06,0.59,0.61
2021-06-30,0.01,0.59,0.61
2021-07-01,0.0,0.59,0.61
2021-07-02,0.01,0.58,0.61
2021-07-03,0.03,0.58,0.6
2021-07-04,0.02,0.58,0.6
2021-07-05,0.0,0.57,0.6
2021-07-06,0.13,0.57,0.6
2021-07-07,0.13,0.57,0.6
2021-07-08,0.0,0.56,0.6
2021-07-09,0.05,0.56,0.6
2021-07-10,0.15,0.55,0.6
2021-07-11,0.17,0.54,0.6
2021-07-12,0.03,0.53,0.6
2021-07-13,0.0,0.52,0.6
2021-07-14,0.07,0.52,0.6
2021-07-15,0.0,0.51,0.6
2021-07-16,0.13,0.5,0.59
2021-07-17,0.15,0.48,0.59
2021-07-18,0.04,0.47,0.59
2021-07-19,0.0,0.46,0.59
2021-07-20,0.26,0.46,0.59
2021-07-21,0.0,0.45,0.59
2021-07-22,0.0,0.45,0.59
2021-07-23,0.02,0.44,0.59
2021-07-24,0.02,0.43,0.59
2021-07-25,0.01,0.43,0.59
2021-07-26,0.0,0.42,0.59
2021-07-27,0.26,0.42,0.59
2021-07-28,1.89,0.44,0.59
2021-07-29,0.0,0.46,0.59
2021-07-30,0.1,0.46,0.59
2021-07-31,0.3,0.45,0.59
2021-08-01,0.01,0.45,0.59
2021-08-02,0.0,0.44,0.59
2021-08-03,0.17,0.43,0.59
2021-08-04,0.36,0.43,0.59
2021-08-05,0.08,0.42,0.59
2021-08-06,0.2,0.42,0.59
2021-08-07,0.03,0.41,0.59
2021-08-08,0.0,0.41,0.59
2021-08-09,0.0,0.4,0.59
2021-08-10,0.12,0.39,0.59
2021-08-11,0.01,0.38,0.59
2021-08-12,0.01,0.37,0.59
2021-08-13,0.29,0.37,0.59
2021-08-14,0.2,0.37,0.59
2021-08-15,0.08,0.37,0.59
2021-08-16,2.25,0.38,0.59
2021-08-17,1.23,0.46,0.59
2021-08-18,0.3,0.45,0.59
2021-08-19,0.0,0.42,0.59
2021-08-20,0.0,0.4,0.59
2021-08-21,0.0,0.39,0.59
2021-08-22,0.0,0.37,0.59
2021-08-23,0.0,0.36,0.59
2021-08-24,0.0,0.35,0.59
2021-08-25,0.0,0.34,0.59
2021-08-26,0.0,0.33,0.58
2021-08-27,0.0,0.33,0.58
2021-08-28,0.0,0.32,0.58
2021-08-29,0.02,0.32,0.58
2021-08-30,0.18,0.32,0.58
2021-08-31,0.05,0.32,0.58
2021-09-01,0.02,0.32,0.58
2021-09-02,0.03,0.32,0.58
2021-09-03,0.0,0.31,0.58
2021-09-04,0.34,0.31,0.58
2021-09-05,0.06,0.31,0.58
2021-09-06,0.15,0.3,0.58
2021-09-07,1.54,0.33,0.59
2021-09-08,1.75,0.35,0.59
2021-09-09,0.19,0.34,0.59
2021-09-10,2.55,0.39,0.59
2021-09-11,12.61,0.55,0.6
2021-09-12,3.9,0.64,0.62
2021-09-13,0.17,0.59,0.61
2021-09-14,0.0,0.56,0.61
2021-09-15,0.53,0.54,0.6
2021-09-16,2.39,0.54,0.6
2021-09-17,0.14,0.5,0.6
2021-09-18,0.2,0.47,0.6
2021-09-19,0.07,0.45,0.6
2021-09-20,0.02,0.42,0.59
2021-09-21,0.52,0.4,0.59
2021-09-22,0.15,0.4,0.59
2021-09-23,0.01,0.39,0.59
2021-09-24,0.41,0.38,0.59
2021-09-25,1.82,0.4,0.59
2021-09-26,5.47,0.51,0.6
2021-09-27,0.35,0.56,0.6
2021-09-28,0.01,0.5,0.59
2021-09-29,1.83,0.47,0.59
2021-09-30,1.72,0.49,0.59
2021-10-01,3.46,0.49,0.59
2021-10-02,8.69,0.64,0.61
2021-10-03,7.21,0.65,0.61
2021-10-04,3.19,0.62,0.62
2021-10-05,0.63,0.6,0.61
2021-10-06,12.26,0.67,0.62
2021-10-07,11.12,0.7,0.64
2021-10-08,0.57,0.63,0.64
2021-10-09,10.97,0.64,0.63
2021-10-10,25.06,0.79,0.67
2021-10-11,17.01,0.8,0.69
2021-10-12,0.2,0.7,0.69
2021-10-13,0.5,0.67,0.67
2021-10-14,3.16,0.67,0.66
2021-10-15,11.28,0.72,0.66
2021-10-16,2.11,0.69,0.67
2021-10-17,9.25,0.72,0.67
2021-10-18,10.21,0.72,0.67
2021-10-19,18.71,0.79,0.69
2021-10-20,1.66,0.74,0.69
2021-10-21,0.25,0.69,0.68
2021-10-22,0.16,0.67,0.67
2021-10-23,0.67,0.66,0.66
2021-10-24,3.5,0.68,0.66
2021-10-25,6.08,0.68,0.66
2021-10-26,5.09,0.72,0.67
2021-10-27,5.83,0.71,0.67
2021-10-28,1.94,0.7,0.67
2021-10-29,1.02,0.68,0.67
2021-10-30,0.55,0.67,0.66
2021-10-31,21.37,0.76,0.67
2021-11-01,27.34,0.86,0.72
2021-11-02,1.36,0.75,0.72
2021-11-03,0.29,0.72,0.7
2021-11-04,0.15,0.69,0.68
2021-11-05,0.06,0.67,0.67
2021-11-06,0.97,0.66,0.66
2021-11-07,2.8,0.67,0.66
2021-11-08,10.03,0.7,0.66
2021-11-09,7.6,0.72,0.67
2021-11-10,5.26,0.71,0.67
2021-11-11,8.13,0.73,0.68
2021-11-12,2.76,0.72,0.68
2021-11-13,0.12,0.68,0.68
2021-11-14,2.81,0.69,0.67
2021-11-15,1.68,0.67,0.67
2021-11-16,0.01,0.65,0.66
2021-11-17,0.03,0.64,0.65
2021-11-18,13.0,0.7,0.65
2021-11-19,24.18,0.83,0.69
2021-11-20,2.51,0.74,0.7
2021-11-21,0.42,0.71,0.69
2021-11-22,0.02,0.69,0.68
2021-11-23,0.05,0.66,0.67
2021-11-24,0.09,0.65,0.66
2021-11-25,1.92,0.65,0.65
2021-11-26,14.89,0.74,0.66
2021-11-27,2.34,0.7,0.67
2021-11-28,0.04,0.66,0.66
2021-11-29,0.43,0.64,0.66
2021-11-30,24.92,0.78,0.67
2021-12-01,3.94,0.75,0.69
2021-12-02,2.49,0.7,0.68
2021-12-03,11.51,0.76,0.69
2021-12-04,1.08,0.71,0.68
2021-12-05,6.02,0.69,0.67
2021-12-06,26.17,0.83,0.71
2021-12-07,8.91,0.78,0.72
2021-12-08,14.08,0.81,0.72
2021-12-09,0.24,0.74,0.72
2021-12-10,0.11,0.72,0.7
2021-12-11,0.16,0.7,0.69
2021-12-12,17.97,0.78,0.69
2021-12-13,8.01,0.79,0.72
2021-12-14,15.19,0.78,0.71
2021-12-15,11.9,0.83,0.74
2021-12-16,5.51,0.77,0.73
2021-12-17,49.69,0.91,0.76
2021-12-18,4.4,0.82,0.78
2021-12-19,0.47,0.78,0.76
2021-12-20,0.01,0.76,0.74
2021-12-21,0.19,0.75,0.73
2021-12-22,2.05,0.75,0.72
2021-12-23,4.1,0.77,0.72
2021-12-24,0.12,0.73,0.71
2021-12-25,0.2,0.73,0.71
2021-12-26,0.85,0.72,0.7
2021-12-27,6.24,0.74,0.69
2021-12-28,7.6,0.76,0.7
2021-12-29,10.83,0.77,0.7
2021-12-30,18.49,0.82,0.73
2021-12-31,31.57,0.9,0.77
2022-01-01,32.91,0.92,0.81
2022-01-02,11.72,0.86,0.81
2022-01-03,18.34,0.89,0.81
2022-01-04,13.71,0.87,0.81
2022-01-05,36.03,0.92,0.83
2022-01-06,18.19,0.9,0.84
2022-01-07,32.57,0.93,0.85
2022-01-08,10.37,0.89,0.86
2022-01-09,10.8,0.89,0.85
2022-01-10,4.99,0.87,0.85
2022-01-11,20.92,0.91,0.86
2022-01-12,2.64,0.86,0.85
2022-01-13,3.74,0.86,0.84
2022-01-14,1.38,0.85,0.84
2022-01-15,4.55,0.85,0.83
2022-01-16,10.17,0.88,0.84
2022-01-17,7.87,0.87,0.84
2022-01-18,3.1,0.86,0.84
2022-01-19,11.14,0.88,0.85
2022-01-20,2.18,0.85,0.84
2022-01-21,2.32,0.85,0.84
2022-01-22,0.53,0.84,0.83
2022-01-23,1.78,0.84,0.82
2022-01-24,0.78,0.83,0.82
2022-01-25,0.66,0.82,0.81
2022-01-26,6.98,0.84,0.81
2022-01-27,1.59,0.83,0.81
2022-01-28,1.65,0.82,0.8
2022-01-29,28.34,0.91,0.83
2022-01-30,35.43,0.96,0.87
2022-01-31,15.84,0.93,0.89
2022-02-01,6.19,0.89,0.88
2022-02-02,5.0,0.88,0.87
2022-02-03,13.02,0.9,0.87
2022-02-04,2.38,0.88,0.87
2022-02-05,19.97,0.91,0.87
2022-02-06,20.68,0.93,0.89
2022-02-07,40.71,0.98,0.92
2022-02-08,22.6,0.95,0.92
2022-02-09,9.62,0.93,0.93
2022-02-10,5.13,0.91,0.92
2022-02-11,6.97,0.92,0.92
2022-02-12,3.85,0.9,0.91
2022-02-13,2.8,0.91,0.91
2022-02-14,2.99,0.9,0.9
2022-02-15,3.36,0.89,0.9
2022-02-16,3.1,0.89,0.9
2022-02-17,7.36,0.9,0.89
2022-02-18,5.06,0.9,0.9
2022-02-19,12.71,0.91,0.9
2022-02-20,3.93,0.91,0.9
2022-02-21,5.87,0.9,0.9
2022-02-22,5.29,0.9,0.9
2022-02-23,0.63,0.89,0.89
2022-02-24,3.48,0.89,0.88
2022-02-25,3.62,0.89,0.89
2022-02-26,0.17,0.88,0.88
2022-02-27,0.39,0.87,0.87
2022-02-28,1.1,0.87,0.87
2022-03-01,4.34,0.88,0.86
2022-03-02,4.42,0.88,0.86
2022-03-03,0.03,0.86,0.86
2022-03-04,1.27,0.86,0.85
2022-03-05,1.36,0.86,0.85
2022-03-06,0.76,0.85,0.85
2022-03-07,0.07,0.85,0.84
2022-03-08,0.31,0.84,0.83
2022-03-09,0.59,0.84,0.83
2022-03-10,0.53,0.83,0.82
2022-03-11,4.99,0.84,0.82
2022-03-12,2.94,0.85,0.83
2022-03-13,8.7,0.86,0.83
2022-03-14,11.3,0.88,0.84
2022-03-15,12.85,0.89,0.85
2022-03-16,9.4,0.89,0.86
2022-03-17,0.04,0.85,0.85
2022-03-18,0.28,0.85,0.84
2022-03-19,0.14,0.84,0.83
2022-03-20,3.74,0.85,0.83
2022-03-21,1.65,0.84,0.83
2022-03-22,0.02,0.83,0.82
2022-03-23,0.62,0.83,0.82
2022-03-24,0.38,0.82,0.81
2022-03-25,1.98,0.83,0.81
2022-03-26,2.7,0.83,0.81
2022-03-27,2.59,0.83,0.8
2022-03-28,13.0,0.87,0.81
2022-03-29,5.62,0.86,0.83
2022-03-30,0.17,0.83,0.82
2022-03-31,6.19,0.84,0.81
2022-04-01,8.88,0.87,0.83
2022-04-02,1.8,0.84,0.82
2022-04-03,0.75,0.83,0.82
2022-04-04,3.49,0.83,0.81
2022-04-05,3.62,0.83,0.81
2022-04-06,1.37,0.83,0.81
2022-04-07,0.11,0.82,0.8
2022-04-08,2.92,0.82,0.8
2022-04-09,5.45,0.84,0.8
2022-04-10,1.14,0.83,0.81
2022-04-11,0.02,0.81,0.8
2022-04-12,3.76,0.82,0.8
2022-04-13,0.5,0.82,0.8
2022-04-14,1.79,0.81,0.79
2022-04-15,0.14,0.8,0.79
2022-04-16,0.02,0.8,0.78
2022-04-17,0.04,0.8,0.78
2022-04-18,0.11,0.79,0.77
2022-04-19,0.05,0.79,0.77
2022-04-20,0.02,0.79,0.77
2022-04-21,0.2,0.78,0.76
2022-04-22,0.03,0.78,0.76
2022-04-23,0.0,0.77,0.75
2022-04-24,0.0,0.77,0.75
2022-04-25,0.07,0.77,0.75
2022-04-26,0.13,0.77,0.74
2022-04-27,0.26,0.76,0.74
2022-04-28,0.01,0.76,0.74
2022-04-29,0.05,0.76,0.73
2022-04-30,0.32,0.76,0.73
2022-05-01,0.32,0.75,0.73
2022-05-02,0.12,0.75,0.73
2022-05-03,0.01,0.75,0.72
2022-05-04,4.48,0.76,0.72
2022-05-05,0.08,0.75,0.73
2022-05-06,0.05,0.75,0.72
2022-05-07,0.01,0.74,0.72
2022-05-08,0.03,0.74,0.72
2022-05-09,0.02,0.74,0.71
2022-05-10,0.03,0.74,0.71
2022-05-11,0.09,0.73,0.71
2022-05-12,0.06,0.73,0.71
2022-05-13,0.02,0.73,0.71
2022-05-14,0.4,0.72,0.7
2022-05-15,9.19,0.77,0.71
2022-05-16,2.13,0.75,0.72
2022-05-17,0.06,0.74,0.71
2022-05-18,0.02,0.73,0.71
2022-05-19,0.0,0.73,0.71
2022-05-20,0.02,0.73,0.71
2022-05-21,0.02,0.72,0.7
2022-05-22,0.0,0.72,0.7
2022-05-23,0.04,0.72,0.7
2022-05-24,0.0,0.71,0.7
2022-05-25,0.15,0.71,0.69
2022-05-26,0.69,0.71,0.69
2022-05-27,0.01,0.71,0.69
2022-05-28,0.0,0.71,0.69
2022-05-29,0.04,0.7,0.69
2022-05-30,0.02,0.7,0.69
2022-05-31,0.25,0.7,0.68
2022-06-01,0.0,0.7,0.68
2022-06-02,0.0,0.69,0.68
2022-06-03,0.01,0.69,0.68
2022-06-04,0.0,0.69,0.68
2022-06-05,0.02,0.68,0.68
2022-06-06,0.03,0.68,0.67
2022-06-07,0.01,0.68,0.67
2022-06-08,0.57,0.68,0.67
2022-06-09,1.4,0.68,0.67
2022-06-10,2.71,0.7,0.67
2022-06-11,0.71,0.69,0.67
2022-06-12,0.0,0.68,0.67
2022-06-13,0.01,0.68,0.67
2022-06-14,0.04,0.68,0.67
2022-06-15,0.01,0.67,0.67
2022-06-16,0.05,0.67,0.67
2022-06-17,0.01,0.67,0.66
2022-06-18,0.14,0.67,0.66
2022-06-19,0.19,0.66,0.66
2022-06-20,0.46,0.67,0.66
2022-06-21,0.01,0.66,0.66
2022-06-22,0.04,0.66,0.66
2022-06-23,0.02,0.65,0.66
2022-06-24,0.01,0.65,0.65
2022-06-25,0.0,0.65,0.65
2022-06-26,0.01,0.65,0.65
2022-06-27,0.01,0.65,0.65
2022-06-28,0.05,0.64,0.65
2022-06-29,0.18,0.64,0.65
2022-06-30,0.01,0.64,0.65
2022-07-01,0.01,0.64,0.65
2022-07-02,0.01,0.64,0.64
2022-07-03,0.03,0.64,0.64
2022-07-04,0.06,0.63,0.64
2022-07-05,0.05,0.63,0.64
2022-07-06,0.06,0.63,0.64
2022-07-07,0.07,0.63,0.64
2022-07-08,0.04,0.63,0.64
2022-07-09,0.06,0.62,0.64
2022-07-10,0.03,0.62,0.63
2022-07-11,0.08,0.62,0.63
2022-07-12,0.03,0.62,0.63
2022-07-13,0.07,0.62,0.63
2022-07-14,0.08,0.62,0.63
2022-07-15,0.12,0.62,0.63
2022-07-16,0.01,0.62,0.63
2022-07-17,0.07,0.61,0.63
2022-07-18,0.07,0.61,0.63
2022-07-19,0.01,0.61,0.62
2022-07-20,0.07,0.61,0.62
2022-07-21,0.21,0.61,0.62
2022-07-22,0.06,0.61,0.62
2022-07-23,0.11,0.6,0.62
2022-07-24,0.1,0.6,0.62
2022-07-25,0.11,0.6,0.62
2022-07-26,0.11,0.6,0.62
2022-07-27,0.09,0.6,0.62
2022-07-28,0.09,0.6,0.62
2022-07-29,0.41,0.59,0.61
2022-07-30,0.34,0.6,0.61
2022-07-31,0.14,0.59,0.61
2022-08-01,0.28,0.59,0.61
2022-08-02,0.0,0.58,0.61
2022-08-03,0.0,0.58,0.61
2022-08-04,0.29,0.58,0.61
2022-08-05,0.01,0.57,0.61
2022-08-06,0.18,0.57,0.61
2022-08-07,0.03,0.56,0.61
2022-08-08,0.53,0.56,0.61
2022-08-09,5.03,0.59,0.61
2022-08-10,8.06,0.69,0.63
2022-08-11,0.11,0.62,0.63
2022-08-12,1.09,0.62,0.63
2022-08-13,1.01,0.62,0.63
2022-08-14,1.31,0.62,0.63
2022-08-15,1.08,0.62,0.63
2022-08-16,2.25,0.62,0.62
2022-08-17,0.0,0.61,0.62
2022-08-18,1.13,0.61,0.62
2022-08-19,2.05,0.61,0.62
2022-08-20,1.41,0.61,0.62
2022-08-21,0.55,0.6,0.62
2022-08-22,0.93,0.6,0.62
2022-08-23,1.51,0.59,0.62
2022-08-24,1.28,0.59,0.62
2022-08-25,1.78,0.58,0.62
2022-08-26,1.99,0.58,0.62
2022-08-27,1.49,0.56,0.62
2022-08-28,0.04,0.54,0.61
2022-08-29,2.05,0.54,0.61
2022-08-30,0.46,0.52,0.61
2022-08-31,1.15,0.52,0.61
2022-09-01,1.09,0.51,0.61
2022-09-02,1.43,0.51,0.61
2022-09-03,0.99,0.5,0.61
2022-09-04,0.62,0.48,0.61
2022-09-05,2.03,0.49,0.61
2022-09-06,1.46,0.49,0.61
2022-09-07,0.05,0.48,0.61
2022-09-08,0.55,0.47,0.61
2022-09-09,0.42,0.46,0.61
2022-09-10,0.06,0.44,0.61
2022-09-11,2.28,0.45,0.61
2022-09-12,2.7,0.49,0.61
2022-09-13,1.02,0.51,0.61
2022-09-14,1.83,0.49,0.61
2022-09-15,4.97,0.6,0.62
2022-09-16,7.34,0.67,0.63
2022-09-17,0.14,0.62,0.63
2022-09-18,0.15,0.61,0.62
2022-09-19,1.82,0.61,0.62
2022-09-20,0.01,0.58,0.62
2022-09-21,1.89,0.58,0.62
2022-09-22,27.87,0.76,0.64
2022-09-23,0.27,0.68,0.66
2022-09-24,0.36,0.64,0.65
2022-09-25,0.01,0.63,0.64
2022-09-26,14.71,0.68,0.64
2022-09-27,26.37,0.81,0.69
2022-09-28,14.22,0.78,0.69
2022-09-29,0.27,0.72,0.7
2022-09-30,7.0,0.73,0.69
2022-10-01,6.87,0.74,0.69
2022-10-02,3.22,0.71,0.68
2022-10-03,12.12,0.74,0.68
2022-10-04,12.85,0.78,0.7
2022-10-05,0.59,0.71,0.7
2022-10-06,2.84,0.7,0.68
2022-10-07,24.93,0.81,0.71
2022-10-08,0.0,0.72,0.7
2022-10-09,4.38,0.73,0.69
2022-10-10,1.47,0.72,0.69
2022-10-11,0.26,0.7,0.69
2022-10-12,0.04,0.68,0.68
2022-10-13,0.0,0.66,0.67
2022-10-14,0.01,0.65,0.66
2022-10-15,0.15,0.64,0.66
2022-10-16,0.01,0.64,0.65
2022-10-17,2.16,0.65,0.65
2022-10-18,1.7,0.65,0.65
2022-10-19,6.27,0.69,0.65
2022-10-20,2.84,0.67,0.66
2022-10-21,5.05,0.7,0.66
2022-10-22,0.61,0.66,0.66
2022-10-23,0.82,0.65,0.66
2022-10-24,1.04,0.64,0.65
2022-10-25,0.45,0.63,0.65
2022-10-26,0.06,0.62,0.64
2022-10-27,0.76,0.62,0.64
2022-10-28,3.71,0.65,0.64
2022-10-29,17.69,0.73,0.65
2022-10-30,1.59,0.69,0.67
2022-10-31,7.82,0.71,0.67
2022-11-01,3.64,0.7,0.67
2022-11-02,1.31,0.68,0.67
2022-11-03,0.63,0.67,0.66
2022-11-04,0.17,0.66,0.66
2022-11-05,0.74,0.65,0.65
2022-11-06,3.09,0.66,0.65
2022-11-07,8.92,0.71,0.66
2022-11-08,11.22,0.73,0.67
2022-11-09,8.19,0.74,0.68
2022-11-10,0.65,0.69,0.68
2022-11-11,5.22,0.68,0.67
2022-11-12,1.1,0.69,0.67
2022-11-13,6.89,0.67,0.66
2022-11-14,21.94,0.82,0.69
2022-11-15,5.5,0.76,0.7
2022-11-16,7.33,0.75,0.7
2022-11-17,5.93,0.75,0.7
2022-11-18,0.07,0.69,0.68
2022-11-19,0.13,0.68,0.67
2022-11-20,0.35,0.67,0.67
2022-11-21,0.05,0.65,0.66
2022-11-22,0.03,0.64,0.65
2022-11-23,8.94,0.7,0.66
2022-11-24,9.07,0.73,0.68
2022-11-25,4.38,0.7,0.67
2022-11-26,3.7,0.7,0.67
2022-11-27,0.74,0.67,0.67
2022-11-28,9.69,0.72,0.67
2022-11-29,4.76,0.72,0.68
2022-11-30,6.63,0.72,0.68
2022-12-01,9.91,0.75,0.68
2022-12-02,2.49,0.71,0.68
2022-12-03,12.38,0.77,0.69
2022-12-04,14.77,0.8,0.7
2022-12-05,18.81,0.83,0.72
2022-12-06,31.76,0.88,0.75
2022-12-07,16.96,0.86,0.78
2022-12-08,1.97,0.79,0.76
2022-12-09,0.02,0.76,0.74
2022-12-10,3.59,0.75,0.72
2022-12-11,3.31,0.75,0.71
2022-12-12,8.34,0.77,0.71
2022-12-13,16.38,0.83,0.73
2022-12-14,0.12,0.76,0.73
2022-12-15,1.41,0.75,0.72
2022-12-16,4.08,0.75,0.72
2022-12-17,7.08,0.77,0.71
2022-12-18,0.57,0.73,0.71
2022-12-19,6.57,0.75,0.71
2022-12-20,22.71,0.83,0.72
2022-12-21,1.66,0.77,0.73
2022-12-22,7.2,0.77,0.73
2022-12-23,0.5,0.75,0.72
2022-12-24,1.25,0.74,0.71
2022-12-25,13.47,0.77,0.71
2022-12-26,25.15,0.87,0.75
2022-12-27,4.64,0.8,0.76
2022-12-28,31.64,0.89,0.78
2022-12-29,12.88,0.85,0.78
2022-12-30,15.81,0.87,0.79
2022-12-31,11.88,0.84,0.79
2023-01-01,6.53,0.84,0.79
2023-01-02,5.93,0.82,0.78
2023-01-03,11.58,0.84,0.78
2023-01-04,18.4,0.87,0.8
2023-01-05,18.99,0.89,0.81
2023-01-06,44.54,0.96,0.85
2023-01-07,4.92,0.88,0.86
2023-01-08,12.82,0.88,0.84
2023-01-09,28.03,0.91,0.85
2023-01-10,10.86,0.89,0.86
2023-01-11,19.99,0.91,0.86
2023-01-12,8.95,0.89,0.86
2023-01-13,10.35,0.89,0.86
2023-01-14,7.01,0.89,0.87
2023-01-15,4.9,0.87,0.85
2023-01-16,12.57,0.9,0.86
2023-01-17,1.27,0.86,0.86
2023-01-18,5.18,0.86,0.85
2023-01-19,15.36,0.9,0.86
2023-01-20,27.88,0.94,0.88
2023-01-21,10.73,0.91,0.89
2023-01-22,11.36,0.91,0.89
2023-01-23,7.71,0.9,0.88
2023-01-24,15.17,0.92,0.89
2023-01-25,1.96,0.89,0.89
2023-01-26,0.02,0.87,0.88
2023-01-27,6.72,0.88,0.87
2023-01-28,13.52,0.92,0.88
2023-01-29,9.59,0.91,0.89
2023-01-30,11.24,0.92,0.89
2023-01-31,5.66,0.9,0.89
2023-02-01,7.1,0.91,0.89
2023-02-02,14.79,0.93,0.9
2023-02-03,4.6,0.91,0.9
2023-02-04,1.98,0.9,0.9
2023-02-05,5.72,0.9,0.9
2023-02-06,3.35,0.9,0.89
2023-02-07,2.39,0.89,0.89
2023-02-08,8.18,0.9,0.89
2023-02-09,3.21,0.89,0.89
2023-02-10,9.5,0.9,0.89
2023-02-11,28.55,0.95,0.91
2023-02-12,15.04,0.94,0.92
2023-02-13,15.79,0.93,0.93
2023-02-14,2.91,0.91,0.92
2023-02-15,9.22,0.91,0.91
2023-02-16,4.4,0.92,0.92
2023-02-17,1.95,0.91,0.91
2023-02-18,3.43,0.9,0.91
2023-02-19,11.03,0.92,0.92
2023-02-20,6.93,0.91,0.91
2023-02-21,9.43,0.92,0.92
2023-02-22,7.32,0.92,0.92
2023-02-23,16.2,0.94,0.93
2023-02-24,4.0,0.92,0.93
2023-02-25,5.87,0.92,0.92
2023-02-26,1.09,0.91,0.93
2023-02-27,2.2,0.91,0.92
2023-02-28,1.86,0.91,0.92
2023-03-01,0.18,0.9,0.91
2023-03-02,3.74,0.9,0.91
2023-03-03,3.17,0.9,0.9
2023-03-04,1.56,0.89,0.9
2023-03-05,17.49,0.93,0.9
2023-03-06,8.57,0.92,0.91
2023-03-07,8.76,0.92,0.92
2023-03-08,5.08,0.92,0.92
2023-03-09,2.27,0.9,0.91
2023-03-10,5.08,0.91,0.91
2023-03-11,13.7,0.93,0.92
2023-03-12,6.32,0.92,0.92
2023-03-13,1.98,0.91,0.92
2023-03-14,0.85,0.9,0.92
2023-03-15,0.15,0.9,0.91
2023-03-16,0.63,0.89,0.9
2023-03-17,0.12,0.89,0.9
2023-03-18,0.01,0.89,0.89
2023-03-19,0.52,0.88,0.89
2023-03-20,5.43,0.9,0.89
2023-03-21,2.49,0.89,0.89
2023-03-22,3.55,0.89,0.89
2023-03-23,0.54,0.88,0.88
2023-03-24,0.09,0.87,0.87
2023-03-25,0.04,0.87,0.87
2023-03-26,0.24,0.87,0.86
2023-03-27,1.23,0.87,0.86
2023-03-28,1.92,0.87,0.86
2023-03-29,3.68,0.88,0.86
2023-03-30,1.35,0.87,0.86
2023-03-31,1.83,0.87,0.86
2023-04-01,0.19,0.86,0.85
2023-04-02,0.26,0.85,0.85
2023-04-03,0.14,0.85,0.84
2023-04-04,0.02,0.84,0.84
2023-04-05,0.11,0.84,0.83
2023-04-06,0.61,0.84,0.83
2023-04-07,7.55,0.86,0.83
2023-04-08,2.91,0.85,0.84
2023-04-09,3.86,0.86,0.84
2023-04-10,0.08,0.84,0.84
2023-04-11,0.05,0.84,0.83
2023-04-12,0.11,0.84,0.83
2023-04-13,2.57,0.84,0.83
2023-04-14,17.37,0.89,0.84
2023-04-15,0.31,0.85,0.84
2023-04-16,0.0,0.84,0.83
2023-04-17,1.12,0.84,0.83
2023-04-18,15.11,0.89,0.84
2023-04-19,0.4,0.85,0.84
2023-04-20,0.03,0.84,0.83
2023-04-21,0.01,0.84,0.83
2023-04-22,0.01,0.83,0.82
2023-04-23,0.03,0.83,0.82
2023-04-24,0.03,0.83,0.81
2023-04-25,0.04,0.82,0.81
2023-04-26,2.87,0.83,0.81
2023-04-27,0.6,0.82,0.81
2023-04-28,1.4,0.82,0.8
2023-04-29,0.37,0.82,0.8
2023-04-30,0.65,0.82,0.8
2023-05-01,2.97,0.83,0.8
2023-05-02,0.36,0.81,0.8
2023-05-03,0.02,0.81,0.79
2023-05-04,0.02,0.81,0.79
2023-05-05,0.02,0.81,0.79
2023-05-06,0.02,0.8,0.78
2023-05-07,0.01,0.8,0.78
2023-05-08,0.03,0.8,0.78
2023-05-09,0.01,0.8,0.78
2023-05-10,0.35,0.8,0.77
2023-05-11,0.02,0.79,0.77
2023-05-12,0.01,0.79,0.77
2023-05-13,0.02,0.79,0.77
2023-05-14,0.01,0.78,0.76
2023-05-15,0.03,0.78,0.76
2023-05-16,0.03,0.78,0.76
2023-05-17,0.02,0.78,0.76
2023-05-18,0.02,0.78,0.75
2023-05-19,0.03,0.78,0.75
2023-05-20,0.06,0.77,0.75
2023-05-21,0.03,0.77,0.75
2023-05-22,0.01,0.77,0.74
2023-05-23,0.0,0.77,0.74
2023-05-24,0.01,0.76,0.74
2023-05-25,0.01,0.76,0.74
2023-05-26,0.0,0.76,0.73
2023-05-27,0.02,0.76,0.73
2023-05-28,0.13,0.76,0.73
2023-05-29,0.05,0.75,0.73
2023-05-30,1.14,0.76,0.73
2023-05-31,9.96,0.81,0.74
2023-06-01,0.09,0.77,0.75
2023-06-02,0.02,0.76,0.74
2023-06-03,0.03,0.76,0.74
2023-06-04,0.05,0.76,0.73
2023-06-05,0.05,0.76,0.73
2023-06-06,0.03,0.75,0.73
2023-06-07,0.1,0.75,0.72
2023-06-08,0.06,0.75,0.72
2023-06-09,0.04,0.74,0.72
2023-06-10,0.05,0.74,0.72
2023-06-11,0.08,0.74,0.71
2023-06-12,0.0,0.73,0.71
2023-06-13,0.02,0.73,0.71
2023-06-14,8.91,0.78,0.71
2023-06-15,1.82,0.76,0.72
2023-06-16,0.43,0.76,0.72
2023-06-17,0.03,0.75,0.72
2023-06-18,0.03,0.74,0.72
2023-06-19,0.06,0.74,0.71
2023-06-20,0.13,0.74,0.71
2023-06-21,0.53,0.74,0.71
2023-06-22,0.58,0.74,0.71
2023-06-23,0.09,0.73,0.71
2023-06-24,0.03,0.73,0.7
2023-06-25,0.01,0.73,0.7
2023-06-26,0.05,0.72,0.7
2023-06-27,0.05,0.72,0.7
2023-06-28,0.01,0.72,0.69
2023-06-29,0.02,0.71,0.69
2023-06-30,0.03,0.71,0.69
2023-07-01,0.03,0.71,0.69
2023-07-02,0.04,0.7,0.69
2023-07-03,0.1,0.7,0.68
2023-07-04,0.01,0.7,0.68
2023-07-05,0.03,0.7,0.68
2023-07-06,0.01,0.69,0.68
2023-07-07,0.0,0.69,0.68
2023-07-08,0.05,0.69,0.68
2023-07-09,0.2,0.69,0.68
2023-07-10,0.03,0.69,0.68
2023-07-11,0.0,0.68,0.67
2023-07-12,0.0,0.68,0.67
2023-07-13,0.03,0.67,0.67
2023-07-14,3.26,0.7,0.67
2023-07-15,0.0,0.68,0.67
2023-07-16,0.0,0.67,0.67
2023-07-17,0.0,0.67,0.67
2023-07-18,0.04,0.67,0.66
2023-07-19,0.04,0.66,0.66
2023-07-20,0.0,0.66,0.66
2023-07-21,0.0,0.66,0.66
2023-07-22,0.0,0.66,0.66
2023-07-23,0.0,0.65,0.66
2023-07-24,0.0,0.65,0.65
2023-07-25,0.0,0.65,0.65
2023-07-26,0.0,0.65,0.65
2023-07-27,0.0,0.64,0.65
2023-07-28,0.07,0.64,0.65
2023-07-29,0.36,0.64,0.65
2023-07-30,0.07,0.64,0.64
2023-07-31,0.01,0.64,0.64
2023-08-01,0.15,0.63,0.64
2023-08-02,0.02,0.63,0.64
2023-08-03,0.0,0.63,0.64
2023-08-04,0.0,0.62,0.64
2023-08-05,0.01,0.62,0.64
2023-08-06,0.0,0.62,0.63
2023-08-07,0.0,0.62,0.63
2023-08-08,0.01,0.61,0.63
2023-08-09,0.0,0.61,0.63
2023-08-10,0.0,0.61,0.63
2023-08-11,0.01,0.61,0.63
2023-08-12,0.06,0.6,0.62
2023-08-13,0.08,0.6,0.62
2023-08-14,0.15,0.6,0.62
2023-08-15,0.32,0.61,0.62
2023-08-16,0.03,0.61,0.62
2023-08-17,0.17,0.6,0.62
2023-08-18,0.03,0.6,0.62
2023-08-19,0.12,0.6,0.62
2023-08-20,5.61,0.64,0.62
2023-08-21,0.03,0.61,0.63
2023-08-22,0.0,0.6,0.62
2023-08-23,0.0,0.59,0.62
2023-08-24,0.06,0.59,0.62
2023-08-25,1.12,0.6,0.62
2023-08-26,3.41,0.61,0.61
2023-08-27,7.88,0.65,0.62
2023-08-28,2.33,0.67,0.64
2023-08-29,0.58,0.63,0.64
2023-08-30,0.12,0.62,0.63
2023-08-31,0.04,0.61,0.63
2023-09-01,0.01,0.61,0.63
2023-09-02,4.19,0.64,0.63
2023-09-03,0.38,0.62,0.63
2023-09-04,0.02,0.6,0.62
2023-09-05,0.29,0.6,0.62
2023-09-06,0.01,0.59,0.62
2023-09-07,0.0,0.59,0.62
2023-09-08,0.0,0.59,0.61
2023-09-09,0.0,0.58,0.61
2023-09-10,0.0,0.58,0.61
2023-09-11,0.0,0.57,0.61
2023-09-12,0.0,0.56,0.6
2023-09-13,0.0,0.55,0.6
2023-09-14,0.95,0.54,0.6
2023-09-15,0.26,0.55,0.6
2023-09-16,0.02,0.53,0.6
2023-09-17,0.0,0.51,0.6
2023-09-18,0.0,0.49,0.6
2023-09-19,0.0,0.46,0.59
2023-09-20,0.26,0.44,0.59
2023-09-21,0.21,0.43,0.59
2023-09-22,0.0,0.42,0.59
2023-09-23,0.0,0.41,0.59
2023-09-24,0.0,0.39,0.59
2023-09-25,0.23,0.38,0.59
2023-09-26,0.54,0.38,0.59
2023-09-27,17.66,0.55,0.6
2023-09-28,2.72,0.64,0.63
2023-09-29,0.01,0.6,0.62
2023-09-30,2.13,0.59,0.62
2023-10-01,31.0,0.8,0.65
2023-10-02,6.29,0.71,0.67
2023-10-03,8.23,0.73,0.67
2023-10-04,2.52,0.68,0.66
2023-10-05,5.22,0.67,0.65
2023-10-06,4.18,0.68,0.66
2023-10-07,7.07,0.7,0.66
2023-10-08,6.56,0.71,0.66
2023-10-09,5.0,0.69,0.66
2023-10-10,0.02,0.64,0.65
2023-10-11,0.05,0.63,0.64
2023-10-12,4.42,0.63,0.64
2023-10-13,7.75,0.7,0.65
2023-10-14,0.02,0.64,0.65
2023-10-15,0.0,0.62,0.64
2023-10-16,11.65,0.69,0.65
2023-10-17,3.71,0.66,0.65
2023-10-18,2.98,0.66,0.65
2023-10-19,1.1,0.64,0.64
2023-10-20,1.75,0.63,0.64
2023-10-21,0.23,0.62,0.64
2023-10-22,0.03,0.6,0.63
2023-10-23,0.35,0.6,0.63
2023-10-24,0.45,0.59,0.62
2023-10-25,0.68,0.6,0.62
2023-10-26,11.64,0.63,0.62
2023-10-27,6.46,0.71,0.64
2023-10-28,0.77,0.64,0.65
2023-10-29,7.09,0.67,0.65
2023-10-30,1.57,0.65,0.65
2023-10-31,13.3,0.7,0.65
2023-11-01,0.34,0.67,0.66
2023-11-02,2.36,0.65,0.65
2023-11-03,12.85,0.71,0.65
2023-11-04,3.1,0.69,0.66
2023-11-05,0.05,0.64,0.65
2023-11-06,0.39,0.63,0.64
2023-11-07,0.0,0.61,0.64
2023-11-08,0.0,0.6,0.63
2023-11-09,0.16,0.59,0.62
2023-11-10,0.77,0.59,0.62
2023-11-11,0.22,0.58,0.61
2023-11-12,0.0,0.57,0.61
2023-11-13,0.0,0.56,0.61
2023-11-14,0.06,0.54,0.6
2023-11-15,0.33,0.52,0.6
2023-11-16,1.04,0.53,0.6
2023-11-17,0.93,0.5,0.6
2023-11-18,2.81,0.53,0.6
2023-11-19,7.43,0.55,0.6
2023-11-20,12.16,0.71,0.63
2023-11-21,3.59,0.64,0.63
2023-11-22,2.1,0.62,0.63
2023-11-23,4.31,0.64,0.63
2023-11-24,4.9,0.63,0.63
2023-11-25,1.89,0.64,0.63
2023-11-26,1.44,0.61,0.63
2023-11-27,1.75,0.61,0.63
2023-11-28,8.04,0.65,0.63
2023-11-29,9.59,0.71,0.65
2023-11-30,1.88,0.64,0.65
2023-12-01,0.14,0.62,0.64
2023-12-02,0.11,0.6,0.63
2023-12-03,2.75,0.6,0.62
2023-12-04,6.32,0.65,0.63
2023-12-05,3.76,0.62,0.63
2023-12-06,12.34,0.7,0.64
2023-12-07,11.6,0.71,0.65
2023-12-08,4.03,0.67,0.65
2023-12-09,6.38,0.68,0.65
2023-12-10,2.8,0.66,0.65
2023-12-11,24.01,0.72,0.65
2023-12-12,5.19,0.74,0.68
2023-12-13,1.15,0.67,0.67
2023-12-14,8.9,0.7,0.66
2023-12-15,5.44,0.69,0.66
2023-12-16,2.3,0.66,0.65
2023-12-17,15.03,0.71,0.66
2023-12-18,5.73,0.72,0.67
2023-12-19,4.46,0.68,0.66
2023-12-20,0.43,0.65,0.65
2023-12-21,4.43,0.66,0.65
2023-12-22,3.09,0.67,0.65
2023-12-23,15.9,0.75,0.67
2023-12-24,3.34,0.69,0.67
2023-12-25,3.62,0.68,0.66
2023-12-26,4.72,0.67,0.66
2023-12-27,4.03,0.68,0.66
2023-12-28,1.31,0.65,0.65
2023-12-29,3.98,0.65,0.65
2023-12-30,6.05,0.66,0.64
2023-12-31,6.51,0.68,0.65
2024-01-01,7.59,0.71,0.66
2024-01-02,6.12,0.69,0.66
2024-01-03,14.4,0.75,0.67
2024-01-04,18.86,0.81,0.71
2024-01-05,1.9,0.72,0.7
2024-01-06,2.84,0.71,0.68
2024-01-07,2.81,0.69,0.67
2024-01-08,11.16,0.74,0.67
2024-01-09,3.07,0.72,0.68
2024-01-10,3.47,0.69,0.67
2024-01-11,3.95,0.71,0.67
2024-01-12,3.33,0.68,0.67
2024-01-13,19.23,0.76,0.68
2024-01-14,11.69,0.79,0.7
2024-01-15,13.29,0.79,0.71
2024-01-16,2.2,0.73,0.71
2024-01-17,1.79,0.71,0.69
2024-01-18,6.59,0.73,0.68
2024-01-19,11.87,0.76,0.69
2024-01-20,11.48,0.77,0.7
2024-01-21,3.61,0.74,0.7
2024-01-22,3.35,0.72,0.69
2024-01-23,3.16,0.72,0.69
2024-01-24,4.77,0.74,0.69
2024-01-25,3.47,0.71,0.68
2024-01-26,1.89,0.69,0.68
2024-01-27,2.49,0.69,0.67
2024-01-28,6.35,0.71,0.67
2024-01-29,3.07,0.69,0.67
2024-01-30,1.61,0.67,0.67
2024-01-31,6.03,0.7,0.67
2024-02-01,6.52,0.71,0.67
2024-02-02,7.99,0.73,0.67
2024-02-03,4.45,0.73,0.68
2024-02-04,3.44,0.72,0.68
2024-02-05,5.4,0.72,0.68
2024-02-06,1.36,0.71,0.68
2024-02-07,3.7,0.71,0.68
2024-02-08,4.33,0.72,0.68
2024-02-09,4.29,0.71,0.68
2024-02-10,0.64,0.69,0.68
2024-02-11,4.32,0.68,0.67
2024-02-12,2.01,0.68,0.67
2024-02-13,1.19,0.67,0.66
2024-02-14,5.59,0.68,0.66
2024-02-15,10.88,0.74,0.67
2024-02-16,0.64,0.7,0.68
2024-02-17,2.81,0.69,0.67
2024-02-18,3.01,0.69,0.67
2024-02-19,3.02,0.67,0.66
2024-02-20,11.65,0.74,0.67
2024-02-21,3.91,0.71,0.68
2024-02-22,8.57,0.74,0.68
2024-02-23,16.36,0.79,0.7
2024-02-24,1.97,0.73,0.7
2024-02-25,1.88,0.73,0.7
2024-02-26,2.42,0.71,0.69
2024-02-27,0.75,0.69,0.68
2024-02-28,0.53,0.67,0.67
2024-02-29,3.5,0.68,0.67
2024-03-01,6.42,0.69,0.67
2024-03-02,0.96,0.67,0.66
2024-03-03,0.86,0.65,0.66
2024-03-04,1.84,0.65,0.65
2024-03-05,4.27,0.67,0.65
2024-03-06,8.59,0.7,0.66
2024-03-07,4.17,0.69,0.67
2024-03-08,13.12,0.74,0.67
2024-03-09,7.89,0.75,0.69
2024-03-10,2.12,0.71,0.69
2024-03-11,2.54,0.7,0.68
2024-03-12,0.49,0.67,0.67
2024-03-13,0.17,0.66,0.66
2024-03-14,0.17,0.64,0.66
2024-03-15,0.21,0.63,0.65
2024-03-16,0.27,0.62,0.64
2024-03-17,0.14,0.62,0.64
2024-03-18,3.66,0.63,0.64
2024-03-19,2.7,0.64,0.64
2024-03-20,4.75,0.67,0.65
2024-03-21,4.07,0.66,0.65
2024-03-22,8.68,0.71,0.66
2024-03-23,0.69,0.68,0.66
2024-03-24,1.92,0.67,0.66
2024-03-25,6.52,0.7,0.67
2024-03-26,4.54,0.71,0.67
2024-03-27,12.63,0.75,0.68
2024-03-28,24.41,0.84,0.71
2024-03-29,4.23,0.77,0.72
2024-03-30,6.83,0.77,0.72
2024-03-31,0.45,0.73,0.71
2024-04-01,1.4,0.72,0.7
2024-04-02,0.43,0.7,0.69
2024-04-03,0.12,0.69,0.68
2024-04-04,0.94,0.68,0.67
2024-04-05,0.03,0.66,0.67
2024-04-06,0.04,0.65,0.66
2024-04-07,0.1,0.65,0.65
2024-04-08,0.01,0.64,0.65
2024-04-09,0.42,0.64,0.65
2024-04-10,0.13,0.63,0.65
2024-04-11,1.6,0.63,0.64
2024-04-12,1.5,0.64,0.64
2024-04-13,0.31,0.63,0.64
2024-04-14,0.24,0.63,0.64
2024-04-15,0.04,0.62,0.64
2024-04-16,0.1,0.62,0.64
2024-04-17,0.17,0.62,0.63
2024-04-18,7.16,0.67,0.64
2024-04-19,0.79,0.64,0.64
2024-04-20,0.12,0.63,0.64
2024-04-21,0.28,0.62,0.64
2024-04-22,1.72,0.63,0.63
2024-04-23,0.18,0.62,0.63
2024-04-24,1.14,0.63,0.63
2024-04-25,0.05,0.61,0.63
2024-04-26,0.03,0.61,0.63
2024-04-27,0.01,0.61,0.62
2024-04-28,0.02,0.6,0.62
2024-04-29,0.01,0.6,0.62
2024-04-30,0.01,0.6,0.62
2024-05-01,0.0,0.59,0.62
2024-05-02,0.01,0.59,0.61
2024-05-03,0.02,0.59,0.61
2024-05-04,0.0,0.58,0.61
2024-05-05,0.02,0.58,0.61
2024-05-06,0.04,0.58,0.61
2024-05-07,0.03,0.58,0.61
2024-05-08,0.03,0.57,0.61
2024-05-09,0.0,0.57,0.61
2024-05-10,0.01,0.57,0.61
2024-05-11,0.01,0.56,0.61
2024-05-12,0.01,0.55,0.6
2024-05-13,0.0,0.54,0.6
2024-05-14,0.01,0.53,0.6
2024-05-15,0.08,0.53,0.6
2024-05-16,1.23,0.54,0.6
2024-05-17,0.01,0.52,0.6
2024-05-18,0.0,0.52,0.6
2024-05-19,0.01,0.51,0.6
2024-05-20,0.01,0.5,0.6
2024-05-21,0.04,0.49,0.6
2024-05-22,0.15,0.49,0.6
2024-05-23,0.01,0.49,0.6
2024-05-24,0.04,0.48,0.6
2024-05-25,0.15,0.48,0.6
2024-05-26,5.85,0.55,0.6
2024-05-27,9.76,0.68,0.62
2024-05-28,0.26,0.61,0.62
2024-05-29,0.02,0.6,0.62
2024-05-30,0.13,0.6,0.62
2024-05-31,0.11,0.6,0.62
2024-06-01,0.08,0.6,0.61
2024-06-02,0.06,0.59,0.61
2024-06-03,0.02,0.59,0.61
2024-06-04,0.01,0.59,0.61
2024-06-05,0.01,0.58,0.61
2024-06-06,0.01,0.58,0.61
2024-06-07,0.02,0.57,0.6
2024-06-08,0.01,0.57,0.6
2024-06-09,0.0,0.56,0.6
2024-06-10,0.04,0.55,0.6
2024-06-11,0.02,0.54,0.6
2024-06-12,0.04,0.52,0.6
2024-06-13,1.85,0.53,0.6
2024-06-14,0.0,0.52,0.6
2024-06-15,0.05,0.5,0.6
2024-06-16,1.47,0.51,0.6
2024-06-17,0.1,0.5,0.6
2024-06-18,0.04,0.49,0.6
2024-06-19,0.2,0.48,0.6
2024-06-20,0.2,0.47,0.6
2024-06-21,0.1,0.46,0.6
2024-06-22,0.02,0.46,0.6
2024-06-23,0.13,0.46,0.6
2024-06-24,0.03,0.45,0.59
2024-06-25,0.0,0.44,0.59
2024-06-26,0.02,0.44,0.59
2024-06-27,0.03,0.43,0.59
2024-06-28,0.0,0.42,0.59
2024-06-29,0.02,0.42,0.59
2024-06-30,0.89,0.42,0.59
2024-07-01,3.09,0.49,0.59
2024-07-02,0.36,0.53,0.6
2024-07-03,1.51,0.53,0.6
2024-07-04,0.45,0.51,0.6
2024-07-05,0.08,0.49,0.6
2024-07-06,0.26,0.48,0.6
2024-07-07,0.72,0.47,0.6
2024-07-08,0.9,0.46,0.6
2024-07-09,1.59,0.46,0.6
2024-07-10,1.33,0.46,0.6
2024-07-11,0.25,0.46,0.6
2024-07-12,0.0,0.45,0.6
2024-07-13,0.08,0.44,0.6
2024-07-14,0.31,0.44,0.6
2024-07-15,0.0,0.43,0.6
2024-07-16,0.03,0.42,0.59
2024-07-17,0.02,0.42,0.59
2024-07-18,0.0,0.41,0.59
2024-07-19,0.0,0.4,0.59
2024-07-20,0.03,0.4,0.59
2024-07-21,0.42,0.4,0.59
2024-07-22,0.19,0.4,0.59
2024-07-23,0.0,0.39,0.59
2024-07-24,0.0,0.38,0.59
2024-07-25,0.14,0.38,0.59
2024-07-26,0.01,0.38,0.59
2024-07-27,0.0,0.37,0.59
2024-07-28,0.3,0.37,0.59
2024-07-29,0.0,0.36,0.59
2024-07-30,0.14,0.36,0.59
2024-07-31,0.03,0.36,0.59
2024-08-01,0.0,0.36,0.59
2024-08-02,0.02,0.35,0.59
2024-08-03,0.06,0.35,0.59
2024-08-04,0.13,0.34,0.59
2024-08-05,0.03,0.34,0.59
2024-08-06,0.03,0.34,0.59
2024-08-07,0.01,0.33,0.58
2024-08-08,0.03,0.33,0.58
2024-08-09,0.1,0.32,0.58
2024-08-10,3.42,0.4,0.59
2024-08-11,0.01,0.44,0.59
2024-08-12,0.01,0.42,0.59
2024-08-13,0.22,0.41,0.59
2024-08-14,0.0,0.4,0.59
2024-08-15,0.19,0.39,0.59
2024-08-16,0.0,0.37,0.59
2024-08-17,0.01,0.35,0.59
2024-08-18,0.0,0.34,0.59
2024-08-19,0.0,0.33,0.58
2024-08-20,0.0,0.32,0.58
2024-08-21,0.06,0.31,0.58
2024-08-22,0.04,0.3,0.58
2024-08-23,0.0,0.29,0.58
2024-08-24,0.0,0.29,0.58
2024-08-25,2.06,0.29,0.58
2024-08-26,1.09,0.39,0.59
2024-08-27,0.01,0.38,0.59
2024-08-28,0.0,0.37,0.59
2024-08-29,0.0,0.35,0.59
2024-08-30,0.05,0.34,0.59
2024-08-31,0.12,0.33,0.58
2024-09-01,0.1,0.32,0.58
2024-09-02,0.0,0.31,0.58
2024-09-03,0.14,0.3,0.58
2024-09-04,0.0,0.29,0.58
2024-09-05,0.0,0.28,0.58
2024-09-06,0.08,0.28,0.58
2024-09-07,0.08,0.28,0.58
2024-09-08,0.0,0.27,0.58
2024-09-09,0.05,0.27,0.58
2024-09-10,0.0,0.26,0.58
2024-09-11,0.0,0.25,0.58
2024-09-12,0.0,0.25,0.58
2024-09-13,0.0,0.24,0.58
2024-09-14,0.0,0.24,0.58
2024-09-15,0.0,0.24,0.58
2024-09-16,0.04,0.23,0.58
2024-09-17,0.06,0.23,0.58
2024-09-18,0.02,0.23,0.58
2024-09-19,0.02,0.23,0.58
2024-09-20,0.23,0.23,0.58
2024-09-21,3.68,0.29,0.58
2024-09-22,4.29,0.5,0.59
2024-09-23,0.0,0.46,0.59
2024-09-24,0.0,0.41,0.59
2024-09-25,0.0,0.38,0.59
2024-09-26,0.0,0.35,0.59
2024-09-27,0.32,0.34,0.59
2024-09-28,0.14,0.33,0.58
2024-09-29,0.0,0.32,0.58
2024-09-30,0.0,0.3,0.58
2024-10-01,0.17,0.3,0.58
2024-10-02,0.01,0.28,0.58
2024-10-03,0.28,0.28,0.58
2024-10-04,0.23,0.27,0.58
2024-10-05,0.02,0.27,0.58
2024-10-06,0.02,0.26,0.58
2024-10-07,0.33,0.26,0.58
2024-10-08,0.05,0.26,0.58
2024-10-09,1.94,0.26,0.58
2024-10-10,16.33,0.6,0.6
2024-10-11,10.32,0.69,0.62
2024-10-12,0.07,0.61,0.62
2024-10-13,0.02,0.59,0.62
2024-10-14,0.01,0.58,0.61
2024-10-15,0.0,0.57,0.6
2024-10-16,4.76,0.61,0.6
2024-10-17,0.11,0.58,0.6
2024-10-18,2.25,0.56,0.6
2024-10-19,25.72,0.75,0.63
2024-10-20,13.41,0.76,0.67
2024-10-21,0.24,0.66,0.66
2024-10-22,0.81,0.64,0.65
2024-10-23,2.37,0.63,0.64
2024-10-24,21.66,0.76,0.65
2024-10-25,7.51,0.73,0.67
2024-10-26,1.62,0.68,0.66
2024-10-27,8.76,0.71,0.66
2024-10-28,9.05,0.74,0.67
2024-10-29,0.28,0.67,0.66
2024-10-30,0.14,0.64,0.65
2024-10-31,0.03,0.63,0.64
2024-11-01,0.0,0.61,0.64
2024-11-02,0.57,0.61,0.63
2024-11-03,4.12,0.64,0.63
2024-11-04,13.85,0.72,0.65
2024-11-05,55.8,0.87,0.69
2024-11-06,8.16,0.8,0.73
2024-11-07,7.21,0.77,0.72
2024-11-08,11.15,0.8,0.72
2024-11-09,7.71,0.78,0.72
2024-11-10,0.19,0.73,0.71
2024-11-11,0.12,0.7,0.69
2024-11-12,0.07,0.68,0.68
2024-11-13,12.5,0.75,0.68
2024-11-14,1.45,0.71,0.68
2024-11-15,21.1,0.78,0.69
2024-11-16,40.04,0.89,0.73
2024-11-17,3.26,0.8,0.76
2024-11-18,0.19,0.75,0.73
2024-11-19,0.53,0.73,0.71
2024-11-20,0.59,0.72,0.7
2024-11-21,1.1,0.71,0.69
2024-11-22,2.14,0.71,0.68
2024-11-23,0.79,0.69,0.68
2024-11-24,0.07,0.68,0.67
2024-11-25,0.01,0.66,0.66
2024-11-26,0.02,0.65,0.66
2024-11-27,0.0,0.64,0.65
2024-11-28,1.27,0.63,0.65
2024-11-29,2.16,0.66,0.65
2024-11-30,1.07,0.65,0.65
2024-12-01,0.34,0.63,0.65
2024-12-02,5.72,0.67,0.65
2024-12-03,20.36,0.79,0.67
2024-12-04,8.91,0.76,0.69
2024-12-05,6.46,0.76,0.7
2024-12-06,0.09,0.71,0.69
2024-12-07,0.41,0.7,0.68
2024-12-08,0.11,0.68,0.67
2024-12-09,3.52,0.69,0.67
2024-12-10,7.21,0.73,0.68
2024-12-11,0.36,0.69,0.67
2024-12-12,0.28,0.66,0.66
2024-12-13,0.1,0.66,0.66
2024-12-14,8.5,0.71,0.66
2024-12-15,5.36,0.72,0.67
2024-12-16,3.18,0.7,0.67
2024-12-17,1.23,0.68,0.67
2024-12-18,0.51,0.66,0.66
2024-12-19,0.69,0.64,0.65
2024-12-20,14.83,0.71,0.65
2024-12-21,4.78,0.73,0.68
2024-12-22,11.62,0.77,0.69
2024-12-23,1.28,0.71,0.68
2024-12-24,0.61,0.69,0.68
2024-12-25,3.61,0.68,0.67
2024-12-26,23.26,0.81,0.68
2024-12-27,7.3,0.77,0.71
2024-12-28,8.5,0.76,0.7
2024-12-29,12.5,0.8,0.71
2024-12-30,1.97,0.74,0.71
2024-12-31,3.37,0.73,0.69
2025-01-01,2.38,0.73,0.69
2025-01-02,1.52,0.7,0.68
2025-01-03,2.27,0.7,0.67
2025-01-04,3.38,0.71,0.67
2025-01-05,2.24,0.69,0.67
2025-01-06,0.56,0.67,0.66
2025-01-07,1.7,0.66,0.66
2025-01-08,2.11,0.66,0.66
2025-01-09,6.34,0.68,0.65
2025-01-10,0.51,0.66,0.65
2025-01-11,0.29,0.63,0.65
2025-01-12,4.06,0.65,0.64
2025-01-13,1.66,0.64,0.65
2025-01-14,5.81,0.66,0.64
2025-01-15,0.75,0.66,0.65
2025-01-16,5.1,0.67,0.65
2025-01-17,3.62,0.7,0.66
2025-01-18,0.11,0.65,0.66
2025-01-19,2.45,0.65,0.65
2025-01-20,2.13,0.65,0.65
2025-01-21,0.19,0.62,0.64
2025-01-22,1.37,0.63,0.64
2025-01-23,1.19,0.63,0.64
2025-01-24,0.51,0.63,0.64
2025-01-25,1.75,0.63,0.63
2025-01-26,3.08,0.64,0.64
2025-01-27,3.7,0.66,0.64
2025-01-28,3.25,0.64,0.64
2025-01-29,5.29,0.66,0.64
2025-01-30,12.4,0.73,0.66
2025-01-31,9.27,0.74,0.67
2025-02-01,12.29,0.77,0.68
2025-02-02,10.72,0.77,0.69
2025-02-03,2.51,0.73,0.69
2025-02-04,0.92,0.7,0.68
2025-02-05,2.3,0.7,0.67
2025-02-06,0.04,0.66,0.66
2025-02-07,1.09,0.65,0.65
2025-02-08,0.22,0.64,0.65
2025-02-09,0.64,0.63,0.64
2025-02-10,0.95,0.63,0.64
2025-02-11,0.14,0.62,0.64
2025-02-12,0.01,0.61,0.63
2025-02-13,0.01,0.61,0.63
2025-02-14,0.98,0.61,0.63
2025-02-15,0.54,0.61,0.63
2025-02-16,0.0,0.59,0.62
2025-02-17,0.0,0.58,0.62
2025-02-18,0.05,0.58,0.61
2025-02-19,0.05,0.57,0.61
2025-02-20,0.08,0.57,0.61
2025-02-21,0.95,0.57,0.61
2025-02-22,0.19,0.57,0.61
2025-02-23,1.06,0.58,0.6
2025-02-24,0.23,0.57,0.6
2025-02-25,0.0,0.56,0.6
2025-02-26,0.0,0.55,0.6
2025-02-27,0.96,0.54,0.6
2025-02-28,0.32,0.54,0.6
2025-03-01,0.16,0.52,0.6
2025-03-02,0.08,0.51,0.6
2025-03-03,0.11,0.49,0.6
2025-03-04,0.05,0.48,0.59
2025-03-05,0.01,0.47,0.59
2025-03-06,0.02,0.46,0.59
2025-03-07,0.01,0.45,0.59
2025-03-08,0.45,0.45,0.59
2025-03-09,2.24,0.46,0.59
2025-03-10,0.44,0.49,0.59
2025-03-11,1.05,0.48,0.59
2025-03-12,1.97,0.49,0.59
2025-03-13,2.58,0.53,0.6
2025-03-14,1.2,0.54,0.6
2025-03-15,1.19,0.53,0.6
2025-03-16,10.49,0.58,0.6
2025-03-17,20.94,0.75,0.64
2025-03-18,2.73,0.66,0.65
2025-03-19,4.19,0.66,0.64
2025-03-20,0.12,0.63,0.64
2025-03-21,0.12,0.61,0.63
2025-03-22,0.47,0.6,0.62
2025-03-23,22.09,0.69,0.63
2025-03-24,15.99,0.77,0.67
2025-03-25,5.76,0.74,0.68
2025-03-26,1.88,0.68,0.67
2025-03-27,0.23,0.66,0.66
2025-03-28,0.46,0.64,0.65
2025-03-29,0.44,0.63,0.64
2025-03-30,1.88,0.62,0.64
2025-03-31,2.52,0.63,0.63
2025-04-01,22.91,0.75,0.65
2025-04-02,3.49,0.71,0.67
2025-04-03,6.15,0.69,0.66
2025-04-04,29.68,0.81,0.68
2025-04-05,14.55,0.82,0.72
2025-04-06,0.03,0.73,0.71
2025-04-07,0.0,0.71,0.69
2025-04-08,0.09,0.69,0.68
2025-04-09,7.12,0.7,0.67
2025-04-10,3.39,0.73,0.68
2025-04-11,0.06,0.68,0.67
2025-04-12,0.01,0.67,0.66
2025-04-13,0.12,0.66,0.66
2025-04-14,0.51,0.65,0.65
2025-04-15,3.67,0.66,0.65
2025-04-16,5.75,0.69,0.66
2025-04-17,0.16,0.65,0.65
2025-04-18,0.07,0.64,0.65
2025-04-19,4.57,0.67,0.65
2025-04-20,0.32,0.65,0.65
2025-04-21,0.51,0.64,0.65
2025-04-22,0.52,0.63,0.64
2025-04-23,0.59,0.63,0.64
2025-04-24,6.62,0.68,0.64
2025-04-25,5.91,0.7,0.66
2025-04-26,2.19,0.68,0.66
2025-04-27,0.11,0.66,0.65
2025-04-28,0.71,0.65,0.65
2025-04-29,0.18,0.65,0.65
2025-04-30,0.07,0.63,0.64
2025-05-01,0.02,0.63,0.64
2025-05-02,0.03,0.62,0.64
2025-05-03,0.0,0.62,0.63
2025-05-04,0.0,0.62,0.63
2025-05-05,0.21,0.62,0.63
2025-05-06,0.44,0.61,0.63
2025-05-07,0.57,0.61,0.63
2025-05-08,0.28,0.61,0.63
2025-05-09,0.44,0.61,0.63
2025-05-10,0.21,0.6,0.62
2025-05-11,1.82,0.61,0.62
2025-05-12,0.97,0.62,0.62
2025-05-13,0.21,0.61,0.62
2025-05-14,0.84,0.61,0.62
2025-05-15,0.52,0.61,0.62
2025-05-16,0.15,0.6,0.62
2025-05-17,0.49,0.61,0.62
2025-05-18,0.04,0.6,0.62
2025-05-19,0.05,0.6,0.62
2025-05-20,0.01,0.6,0.62
2025-05-21,1.31,0.61,0.62
2025-05-22,1.3,0.61,0.62
2025-05-23,0.9,0.6,0.62
2025-05-24,0.44,0.6,0.62
2025-05-25,0.09,0.6,0.62
2025-05-26,0.01,0.6,0.61
2025-05-27,1.25,0.61,0.62
2025-05-28,0.01,0.6,0.62
2025-05-29,0.39,0.6,0.61
2025-05-30,0.09,0.6,0.61
2025-05-31,1.56,0.61,0.61
2025-06-01,0.37,0.6,0.61
2025-06-02,0.66,0.6,0.61
2025-06-03,1.08,0.61,0.61
2025-06-04,0.18,0.6,0.61
2025-06-05,0.36,0.6,0.61
2025-06-06,1.27,0.6,0.61
2025-06-07,2.73,0.62,0.61
2025-06-08,3.75,0.63,0.62
2025-06-09,39.24,0.74,0.64
2025-06-10,11.07,0.78,0.69
2025-06-11,0.04,0.69,0.68
2025-06-12,0.02,0.67,0.66
2025-06-13,0.0,0.66,0.66
2025-06-14,0.0,0.65,0.65
2025-06-15,0.0,0.64,0.65
2025-06-16,0.0,0.64,0.64
2025-06-17,0.27,0.64,0.64
2025-06-18,0.53,0.64,0.64
2025-06-19,0.55,0.63,0.64
2025-06-20,0.32,0.63,0.64
2025-06-21,0.06,0.62,0.63
2025-06-22,0.0,0.62,0.63
2025-06-23,0.03,0.61,0.63
2025-06-24,0.27,0.62,0.63
2025-06-25,0.0,0.61,0.63
2025-06-26,0.04,0.61,0.62
2025-06-27,0.01,0.61,0.62
2025-06-28,0.0,0.6,0.62
2025-06-29,0.01,0.6,0.62
2025-06-30,0.0,0.6,0.62
2025-07-01,0.0,0.6,0.62
2025-07-02,0.0,0.6,0.62
2025-07-03,0.0,0.6,0.61
2025-07-04,0.0,0.6,0.61
2025-07-05,0.0,0.6,0.61
2025-07-06,0.0,0.59,0.61
2025-07-07,0.0,0.59,0.61
2025-07-08,0.0,0.59,0.61
2025-07-09,0.0,0.59,0.61
2025-07-10,0.0,0.59,0.61
2025-07-11,0.0,0.59,0.61
2025-07-12,0.0,0.59,0.61
2025-07-13,0.0,0.59,0.61
2025-07-14,0.0,0.58,0.61
2025-07-15,0.0,0.58,0.61
2025-07-16,0.0,0.58,0.6
2025-07-17,0.0,0.57,0.6
2025-07-18,0.0,0.57,0.6
2025-07-19,0.0,0.56,0.6
2025-07-20,0.0,0.56,0.6
2025-07-21,0.0,0.55,0.6
2025-07-22,0.0,0.54,0.6
2025-07-23,0.0,0.53,0.6
2025-07-24,0.0,0.52,0.6
2025-07-25,4.6,0.58,0.6
2025-07-26,0.26,0.59,0.6
2025-07-27,0.01,0.58,0.6
2025-07-28,1.42,0.58,0.6
2025-07-29,0.15,0.58,0.6
2025-07-30,0.0,0.56,0.6
2025-07-31,0.0,0.55,0.6
2025-08-01,0.01,0.54,0.6
2025-08-02,0.01,0.53,0.6
2025-08-03,0.26,0.52,0.6
2025-08-04,0.03,0.51,0.6
2025-08-05,0.02,0.5,0.59
2025-08-06,0.26,0.49,0.59
2025-08-07,0.14,0.48,0.59
2025-08-08,0.83,0.48,0.59
2025-08-09,0.57,0.48,0.59
2025-08-10,0.0,0.47,0.59
2025-08-11,0.0,0.46,0.59
2025-08-12,0.01,0.46,0.59
2025-08-13,0.01,0.45,0.59
2025-08-14,0.01,0.44,0.59
2025-08-15,0.3,0.43,0.59
2025-08-16,0.01,0.43,0.59
2025-08-17,0.02,0.42,0.59
2025-08-18,0.0,0.41,0.59
2025-08-19,0.03,0.4,0.59
2025-08-20,0.32,0.4,0.59
2025-08-21,0.0,0.39,0.59
2025-08-22,0.0,0.38,0.59
2025-08-23,0.01,0.37,0.59
2025-08-24,0.25,0.37,0.59
2025-08-25,0.01,0.36,0.59
2025-08-26,0.02,0.35,0.59
2025-08-27,0.69,0.36,0.59
2025-08-28,0.03,0.36,0.59
2025-08-29,1.62,0.38,0.59
2025-08-30,0.45,0.42,0.59
2025-08-31,0.08,0.41,0.59
2025-09-01,0.15,0.4,0.59
2025-09-02,0.04,0.39,0.59
2025-09-03,0.01,0.38,0.59
2025-09-04,0.0,0.37,0.59
2025-09-05,0.0,0.36,0.59
2025-09-06,0.0,0.35,0.59
2025-09-07,0.0,0.34,0.59
2025-09-08,0.0,0.34,0.59
2025-09-09,0.0,0.33,0.58
2025-09-10,0.0,0.32,0.58
2025-09-11,0.0,0.31,0.58
2025-09-12,0.0,0.31,0.58
2025-09-13,0.02,0.3,0.58
2025-09-14,0.0,0.3,0.58
2025-09-15,0.0,0.3,0.58
2025-09-16,2.57,0.32,0.58
2025-09-17,0.01,0.38,0.59
2025-09-18,0.0,0.36,0.59
2025-09-19,0.72,0.35,0.59
2025-09-20,0.65,0.38,0.59
2025-09-21,0.02,0.36,0.59
2025-09-22,9.12,0.41,0.59
2025-09-23,0.08,0.59,0.6
2025-09-24,0.18,0.55,0.6
2025-09-25,0.02,0.52,0.6
2025-09-26,0.19,0.49,0.59
2025-09-27,0.02,0.46,0.59
2025-09-28,0.0,0.43,0.59
2025-09-29,0.01,0.39,0.59
2025-09-30,0.0,0.37,0.59
2025-10-01,0.23,0.35,0.59
2025-10-02,0.39,0.34,0.59
2025-10-03,0.0,0.33,0.58
2025-10-04,0.0,0.32,0.58
2025-10-05,0.0,0.32,0.58
2025-10-06,0.0,0.3,0.58
2025-10-07,0.02,0.29,0.58
2025-10-08,4.49,0.31,0.58
2025-10-09,11.79,0.64,0.61
2025-10-10,3.05,0.62,0.61
2025-10-11,1.26,0.6,0.61
2025-10-12,5.33,0.63,0.61
2025-10-13,2.32,0.61,0.61
2025-10-14,0.92,0.59,0.61
2025-10-15,0.02,0.57,0.6
2025-10-16,0.0,0.55,0.6
2025-10-17,0.01,0.52,0.6
2025-10-18,3.71,0.53,0.59
2025-10-19,2.33,0.6,0.6
2025-10-20,0.0,0.55,0.6
2025-10-21,0.11,0.51,0.6
2025-10-22,0.17,0.48,0.59
2025-10-23,0.33,0.45,0.59
2025-10-24,0.21,0.43,0.59
2025-10-25,0.44,0.41,0.59
2025-10-26,0.14,0.39,0.59
2025-10-27,2.85,0.39,0.59
2025-10-28,2.78,0.54,0.6
2025-10-29,0.49,0.49,0.59
2025-10-30,2.49,0.49,0.59
2025-10-31,6.41,0.57,0.6
2025-11-01,3.75,0.62,0.61
2025-11-02,10.95,0.66,0.61
2025-11-03,1.5,0.63,0.62
2025-11-04,4.91,0.63,0.62
2025-11-05,1.74,0.61,0.62
2025-11-06,0.27,0.59,0.61
2025-11-07,2.59,0.59,0.61
2025-11-08,18.87,0.72,0.63
2025-11-09,5.32,0.68,0.64
2025-11-10,0.67,0.62,0.63
2025-11-11,0.0,0.6,0.62
2025-11-12,0.0,0.59,0.62
2025-11-13,0.01,0.58,0.61
2025-11-14,1.09,0.58,0.61
2025-11-15,0.76,0.58,0.6
2025-11-16,10.32,0.65,0.61
2025-11-17,4.98,0.67,0.63
2025-11-18,2.72,0.62,0.62
2025-11-19,0.01,0.6,0.62
2025-11-20,0.0,0.58,0.61
2025-11-21,0.0,0.58,0.61
2025-11-22,2.7,0.59,0.61
2025-11-23,4.52,0.61,0.61
2025-11-24,4.63,0.64,0.62
2025-11-25,0.22,0.59,0.61
2025-11-26,0.0,0.58,0.61
2025-11-27,0.0,0.56,0.6
2025-11-28,0.64,0.55,0.6
2025-11-29,0.06,0.52,0.6
2025-11-30,0.0,0.47,0.59
2025-12-01,0.18,0.44,0.59
2025-12-02,0.74,0.43,0.59
2025-12-03,7.29,0.5,0.59
2025-12-04,1.46,0.6,0.6
2025-12-05,0.05,0.55,0.6
2025-12-06,0.09,0.51,0.6
2025-12-07,0.0,0.47,0.59
2025-12-08,2.08,0.46,0.59
2025-12-09,14.38,0.62,0.6
2025-12-10,11.65,0.72,0.64
2025-12-11,0.79,0.62,0.63
2025-12-12,0.23,0.6,0.62
2025-12-13,22.07,0.75,0.65
2025-12-14,4.75,0.68,0.66
2025-12-15,5.43,0.67,0.65
2025-12-16,3.41,0.64,0.64
2025-12-17,5.9,0.68,0.65
2025-12-18,2.61,0.64,0.64
2025-12-19,8.22,0.67,0.64
2025-12-20,2.7,0.67,0.65
2025-12-21,0.03,0.62,0.64
2025-12-22,0.02,0.6,0.63
2025-12-23,0.0,0.59,0.62
2025-12-24,0.0,0.58,0.62
2025-12-25,4.76,0.59,0.61
2025-12-26,1.42,0.61,0.62
2025-12-27,1.19,0.58,0.61
2025-12-28,2.64,0.59,0.61
2025-12-29,1.01,0.58,0.61
2025-12-30,17.98,0.68,0.62
2025-12-31,2.65,0.63,0.63
2026-01-01,7.07,0.65,0.63
2026-01-02,3.4,0.65,0.64
2026-01-03,6.78,0.67,0.64
2026-01-04,1.73,0.64,0.64
2026-01-05,3.25,0.63,0.63
2026-01-06,0.53,0.62,0.63
2026-01-07,1.27,0.61,0.63
2026-01-08,0.04,0.6,0.62
2026-01-09,0.04,0.6,0.62
2026-01-10,0.02,0.58,0.61
2026-01-11,0.0,0.58,0.61
2026-01-12,0.01,0.56,0.6
2026-01-13,6.01,0.6,0.61
2026-01-14,1.93,0.61,0.61
2026-01-15,9.64,0.66,0.62
2026-01-16,2.17,0.62,0.62
2026-01-17,5.48,0.64,0.62
2026-01-18,10.46,0.7,0.64
2026-01-19,5.35,0.66,0.64
2026-01-20,0.49,0.65,0.64
2026-01-21,0.87,0.62,0.64
2026-01-22,12.15,0.7,0.64
2026-01-23,17.12,0.74,0.66
2026-01-24,13.57,0.79,0.69
2026-01-25,9.52,0.75,0.68
2026-01-26,3.39,0.73,0.69
2026-01-27,15.75,0.77,0.68
2026-01-28,6.88,0.76,0.69
2026-01-29,10.83,0.75,0.69
2026-01-30,7.75,0.77,0.7
2026-01-31,0.74,0.71,0.69
2026-02-01,6.91,0.72,0.68
2026-02-02,10.34,0.76,0.68
2026-02-03,5.89,0.74,0.69
2026-02-04,1.7,0.71,0.68
2026-02-05,0.93,0.69,0.68
2026-02-06,2.07,0.68,0.67
2026-02-07,11.65,0.73,0.67
2026-02-08,7.54,0.74,0.68
2026-02-09,13.24,0.78,0.69
2026-02-10,10.08,0.79,0.71
2026-02-11,3.66,0.75,0.71
2026-02-12,0.59,0.72,0.7
2026-02-13,0.3,0.71,0.69
2026-02-14,0.01,0.69,0.68
2026-02-15,0.01,0.67,0.67
2026-02-16,0.02,0.65,0.66
2026-02-17,1.18,0.64,0.65
2026-02-18,2.14,0.64,0.65
2026-02-19,1.8,0.65,0.65
2026-02-20,6.21,0.67,0.65
2026-02-21,1.65,0.66,0.65
2026-02-22,1.86,0.65,0.65
2026-02-23,12.44,0.71,0.66
2026-02-24,9.02,0.74,0.68
2026-02-25,3.61,0.7,0.67
2026-02-26,4.87,0.71,0.67
2026-02-27,1.27,0.69,0.67
2026-02-28,0.13,0.66,0.66
2026-03-01,0.01,0.64,0.65
2026-03-02,0.01,0.63,0.65
2026-03-03,0.87,0.63,0.64
2026-03-04,1.1,0.63,0.64
2026-03-05,1.02,0.63,0.64
2026-03-06,1.76,0.63,0.63
2026-03-07,6.7,0.67,0.64
2026-03-08,1.23,0.64,0.64
2026-03-09,11.82,0.7,0.65
2026-03-10,2.26,0.69,0.66
2026-03-11,5.74,0.71,0.67
2026-03-12,8.67,0.73,0.67
2026-03-13,8.48,0.74,0.68
2026-03-14,1.54,0.72,0.68
2026-03-15,0.48,0.68,0.67
2026-03-16,0.04,0.66,0.66
2026-03-17,0.05,0.64,0.65
2026-03-18,10.41,0.7,0.65
2026-03-19,13.62,0.76,0.67
2026-03-20,3.56,0.73,0.68
2026-03-21,0.21,0.69,0.67
2026-03-22,0.01,0.66,0.66
2026-03-23,0.0,0.65,0.65
2026-03-24,0.8,0.64,0.65
2026-03-25,0.46,0.64,0.65
2026-03-26,0.35,0.63,0.64
2026-03-27,0.0,0.62,0.64
2026-03-28,0.01,0.61,0.63
2026-03-29,0.1,0.61,0.63
2026-03-30,0.27,0.61,0.63
2026-03-31,19.5,0.73,0.64
2026-04-01,1.52,0.68,0.66
2026-04-02,1.14,0.66,0.66
2026-04-03,3.42,0.67,0.65
2026-04-04,4.13,0.69,0.66
2026-04-05,1.01,0.66,0.65
2026-04-06,4.32,0.68,0.65
2026-04-07,1.18,0.67,0.66
2026-04-08,8.59,0.7,0.66
2026-04-09,1.19,0.68,0.66
2026-04-10,0.79,0.66,0.66
2026-04-11,2.57,0.66,0.65
2026-04-12,0.2,0.65,0.65
2026-04-13,0.0,0.64,0.65
2026-04-14,0.01,0.63,0.64
2026-04-15,0.01,0.62,0.64
2026-04-16,0.09,0.62,0.63
2026-04-17,0.0,0.61,0.63
2026-04-18,0.0,0.6,0.63
2026-04-19,0.02,0.6,0.62
2026-04-20,0.92,0.6,0.62
2026-04-21,0.0,0.6,0.62
2026-04-22,0.03,0.6,0.62
2026-04-23,0.01,0.6,0.62
2026-04-24,0.0,0.59,0.62
2026-04-25,0.0,0.59,0.61
2026-04-26,0.0,0.59,0.61
2026-04-27,0.01,0.59,0.61
2026-04-28,0.22,0.58,0.61
2026-04-29,0.68,0.59,0.61
2026-04-30,0.03,0.58,0.61
2026-05-01,0.05,0.58,0.61
2026-05-02,0.0,0.58,0.61
2026-05-03,0.0,0.57,0.6
2026-05-04,0.01,0.57,0.6
2026-05-05,0.01,0.57,0.6
2026-05-06,0.02,0.56,0.6
2026-05-07,0.0,0.55,0.6
2026-05-08,0.0,0.55,0.6
2026-05-09,0.01,0.54,0.6
2026-05-10,0.24,0.54,0.6
2026-05-11,0.75,0.55,0.6
2026-05-12,0.1,0.55,0.6
2026-05-13,0.09,0.54,0.6
2026-05-14,0.08,0.53,0.6
2026-05-15,0.38,0.53,0.6
2026-05-16,0.07,0.53,0.6
2026-05-17,0.61,0.53,0.6
2026-05-18,0.29,0.54,0.6
2026-05-19,1.67,0.56,0.6
2026-05-20,14.81,0.68,0.61
2026-05-21,1.05,0.63,0.63
2026-05-22,0.03,0.61,0.63
2026-05-23,0.01,0.61,0.62
2026-05-24,0.02,0.6,0.62
2026-05-25,0.01,0.6,0.62
2026-05-26,0.02,0.6,0.62
2026-05-27,0.01,0.59,0.61
2026-05-28,0.0,0.59,0.61
2026-05-29,0.04,0.59,0.61
2026-05-30,0.24,0.59,0.61
2026-05-31,0.09,0.59,0.61
2026-06-01,0.17,0.58,0.6
2026-06-02,0.51,0.58,0.6
2026-06-03,0.03,0.58,0.6
2026-06-04,0.01,0.57,0.6
2026-06-05,0.01,0.57,0.6
2026-06-06,0.02,0.56,0.6
2026-06-07,0.02,0.55,0.6
2026-06-08,0.0,0.54,0.6
2026-06-09,0.01,0.53,0.6
2026-06-10,0.01,0.51,0.6
2026-06-11,10.04,0.63,0.6
2026-06-12,2.88,0.63,0.62
2026-06-13,2.67,0.63,0.62
2026-06-14,0.06,0.6,0.62
2026-06-15,4.55,0.64,0.62
2026-06-16,0.07,0.61,0.62
2026-06-17,0.04,0.6,0.62
2026-06-18,0.05,0.6,0.62
2026-06-19,0.02,0.6,0.61
2026-06-20,0.01,0.6,0.61
2026-06-21,0.02,0.59,0.61
2026-06-22,0.01,0.59,0.61
2026-06-23,0.02,0.59,0.61
2026-06-24,14.34,0.69,0.62
2026-06-25,10.62,0.7,0.64
2026-06-26,3.15,0.68,0.65
2026-06-27,0.01,0.64,0.64
2026-06-28,0.01,0.63,0.64
2026-06-29,0.01,0.62,0.63
2026-06-30,0.15,0.61,0.63
2026-07-01,0.01,0.61,0.62
2026-07-02,0.04,0.61,0.62
2026-07-03,0.21,0.6,0.62
2026-07-04,0.33,0.6,0.62
2026-07-05,0.23,0.6,0.62
2026-07-06,0.58,0.6,0.61
2026-07-07,0.01,0.6,0.61
2026-07-08,0.03,0.59,0.61
2026-07-09,0.13,0.59,0.61
2026-07-10,0.03,0.59,0.61
2026-07-11,0.02,0.58,0.61
2026-07-12,0.23,0.58,0.6
2026-07-13,0.81,0.59,0.6
2026-07-14,0.02,0.58,0.6
2026-07-15,0.38,0.58,0.6
2026-07-16,0.0,0.57,0.6
2026-07-17,0.02,0.57,0.6
2026-07-18,0.03,0.56,0.6
2026-07-19,0.05,0.55,0.6
2026-07-20,0.09,0.54,0.6
2026-07-21,0.07,0.53,0.6
2026-07-22,0.51,0.53,0.6
2026-07-23,0.03,0.52,0.6
2026-07-24,13.04,0.64,0.6
2026-07-25,1.03,0.64,0.62
2026-07-26,0.12,0.6,0.62
2026-07-27,0.08,0.6,0.61
2026-07-28,0.12,0.59,0.61
2026-07-29,0.01,0.59,0.61
2026-07-30,0.02,0.58,0.61
2026-07-31,0.14,0.58,0.6
2026-08-01,0.0,0.31,0.4
2026-08-02,0.0,0.31,0.4
2026-08-03,0.0,0.3,0.4
2026-08-04,0.0,0.3,0.4
2026-08-05,0.0,0.29,0.4
2026-08-06,0.14,0.29,0.39
2026-08-07,0.03,0.29,0.39
2026-08-08,0.02,0.28,0.39
2026-08-09,0.01,0.27,0.39
2026-08-10,0.18,0.27,0.39
2026-08-11,0.01,0.27,0.39
2026-08-12,0.0,0.28,0.39
2026-08-13,0.04,0.28,0.39
2026-08-14,0.02,0.27,0.38
2026-08-15,0.46,0.27,0.38
2026-08-16,0.12,0.28,0.38
2026-08-17,0.11,0.27,0.38
2026-08-18,0.0,0.27,0.38
2026-08-19,0.0,0.26,0.38
2026-08-20,0.0,0.25,0.38
2026-08-21,0.0,0.25,0.38
2026-08-22,0.0,0.25,0.38
2026-08-23,0.05,0.25,0.37
2026-08-24,0.04,0.25,0.37
2026-08-25,0.34,0.26,0.37
2026-08-26,0.01,0.27,0.37
2026-08-27,0.22,0.27,0.37
2026-08-28,0.04,0.27,0.37
2026-08-29,0.02,0.26,0.37
2026-08-30,0.22,0.25,0.37
2026-08-31,1.18,0.26,0.37
2026-09-01,10.97,0.32,0.37
2026-09-02,1.55,0.39,0.39
2026-09-03,0.02,0.33,0.38
2026-09-04,0.0,0.3,0.38
2026-09-05,0.85,0.28,0.38
2026-09-06,22.81,0.44,0.39
2026-09-07,0.58,0.41,0.41
2026-09-08,1.36,0.38,0.4
