date,precip_mm,surface_wetness,root_wetness
2016-01-01,1.53,0.7,0.68
2016-01-02,3.74,0.7,0.68
2016-01-03,1.2,0.7,0.68
2016-01-04,0.28,0.69,0.67
2016-01-05,0.26,0.68,0.67
2016-01-06,0.03,0.68,0.67
2016-01-07,0.0,0.67,0.66
2016-01-08,0.0,0.67,0.66
2016-01-09,0.0,0.67,0.66
2016-01-10,0.41,0.67,0.65
2016-01-11,0.02,0.66,0.65
2016-01-12,0.02,0.66,0.65
2016-01-13,0.07,0.66,0.64
2016-01-14,0.16,0.65,0.64
2016-01-15,0.54,0.65,0.64
2016-01-16,27.88,0.75,0.66
2016-01-17,22.33,0.77,0.7
2016-01-18,27.61,0.8,0.73
2016-01-19,17.63,0.79,0.74
2016-01-20,32.49,0.82,0.75
2016-01-21,14.7,0.81,0.77
2016-01-22,2.79,0.77,0.76
2016-01-23,0.26,0.75,0.74
2016-01-24,0.33,0.74,0.73
2016-01-25,0.86,0.73,0.72
2016-01-26,0.0,0.73,0.71
2016-01-27,0.0,0.72,0.71
2016-01-28,0.0,0.72,0.7
2016-01-29,0.0,0.72,0.7
2016-01-30,0.0,0.71,0.7
2016-01-31,0.0,0.71,0.69
2016-02-01,0.0,0.71,0.69
2016-02-02,0.0,0.7,0.69
2016-02-03,0.0,0.7,0.68
2016-02-04,0.0,0.7,0.68
2016-02-05,0.0,0.69,0.68
2016-02-06,0.0,0.69,0.68
2016-02-07,0.0,0.69,0.67
2016-02-08,0.0,0.68,0.67
2016-02-09,0.0,0.68,0.67
2016-02-10,0.0,0.68,0.66
2016-02-11,0.01,0.67,0.66
2016-02-12,0.0,0.67,0.66
2016-02-13,0.01,0.67,0.65
2016-02-14,0.06,0.66,0.65
2016-02-15,0.0,0.66,0.65
2016-02-16,0.0,0.66,0.65
2016-02-17,0.0,0.65,0.64
2016-02-18,0.0,0.65,0.64
2016-02-19,0.0,0.65,0.64
2016-02-20,0.53,0.65,0.64
2016-02-21,0.56,0.65,0.64
2016-02-22,1.69,0.65,0.63
2016-02-23,1.69,0.65,0.63
2016-02-24,0.65,0.64,0.63
2016-02-25,2.52,0.65,0.63
2016-02-26,3.19,0.65,0.63
2016-02-27,4.01,0.66,0.63
2016-02-28,2.4,0.66,0.63
2016-02-29,4.36,0.66,0.64
2016-03-01,2.67,0.66,0.64
2016-03-02,0.0,0.65,0.64
2016-03-03,0.0,0.64,0.63
2016-03-04,0.0,0.63,0.62
2016-03-05,0.0,0.62,0.61
2016-03-06,0.0,0.62,0.61
2016-03-07,11.58,0.66,0.61
2016-03-08,19.54,0.72,0.64
2016-03-09,8.12,0.71,0.67
2016-03-10,11.91,0.72,0.67
2016-03-11,15.26,0.73,0.67
2016-03-12,1.2,0.7,0.68
2016-03-13,1.66,0.68,0.66
2016-03-14,1.52,0.67,0.65
2016-03-15,0.79,0.66,0.65
2016-03-16,1.64,0.66,0.64
2016-03-17,2.6,0.66,0.64
2016-03-18,12.4,0.7,0.65
2016-03-19,6.48,0.7,0.67
2016-03-20,1.45,0.67,0.66
2016-03-21,4.44,0.68,0.65
2016-03-22,7.84,0.7,0.66
2016-03-23,12.42,0.71,0.67
2016-03-24,20.91,0.76,0.69
2016-03-25,3.54,0.71,0.7
2016-03-26,8.06,0.72,0.69
2016-03-27,1.14,0.69,0.68
2016-03-28,2.12,0.69,0.67
2016-03-29,1.53,0.68,0.66
2016-03-30,1.04,0.67,0.66
2016-03-31,0.56,0.67,0.65
2016-04-01,1.93,0.67,0.65
2016-04-02,5.11,0.68,0.65
2016-04-03,2.01,0.67,0.65
2016-04-04,3.67,0.67,0.65
2016-04-05,6.99,0.69,0.65
2016-04-06,4.32,0.69,0.66
2016-04-07,3.45,0.68,0.66
2016-04-08,4.83,0.69,0.66
2016-04-09,2.42,0.68,0.66
2016-04-10,4.7,0.69,0.66
2016-04-11,2.09,0.68,0.66
2016-04-12,2.55,0.68,0.65
2016-04-13,6.42,0.68,0.65
2016-04-14,8.15,0.7,0.66
2016-04-15,6.75,0.69,0.66
2016-04-16,3.22,0.68,0.66
2016-04-17,1.86,0.67,0.65
2016-04-18,2.82,0.67,0.65
2016-04-19,0.52,0.66,0.65
2016-04-20,0.83,0.65,0.64
2016-04-21,0.13,0.64,0.63
2016-04-22,0.02,0.64,0.63
2016-04-23,0.1,0.63,0.62
2016-04-24,0.13,0.62,0.61
2016-04-25,0.19,0.62,0.61
2016-04-26,3.69,0.64,0.61
2016-04-27,7.5,0.65,0.62
2016-04-28,10.58,0.68,0.63
2016-04-29,7.49,0.68,0.64
2016-04-30,3.73,0.66,0.64
2016-05-01,0.32,0.64,0.63
2016-05-02,0.98,0.64,0.62
2016-05-03,0.52,0.63,0.62
2016-05-04,0.28,0.62,0.61
2016-05-05,0.58,0.61,0.61
2016-05-06,2.82,0.63,0.61
2016-05-07,0.34,0.62,0.61
2016-05-08,0.89,0.61,0.6
2016-05-09,1.84,0.61,0.6
2016-05-10,0.91,0.61,0.6
2016-05-11,4.0,0.62,0.6
2016-05-12,19.86,0.7,0.62
2016-05-13,2.59,0.66,0.64
2016-05-14,8.46,0.67,0.64
2016-05-15,1.32,0.65,0.64
2016-05-16,6.94,0.66,0.63
2016-05-17,17.83,0.7,0.64
2016-05-18,30.3,0.78,0.68
2016-05-19,12.56,0.74,0.7
2016-05-20,2.03,0.7,0.69
2016-05-21,19.9,0.75,0.68
2016-05-22,13.94,0.75,0.7
2016-05-23,7.48,0.72,0.69
2016-05-24,33.74,0.79,0.71
2016-05-25,33.98,0.83,0.77
2016-05-26,6.06,0.76,0.75
2016-05-27,8.27,0.76,0.73
2016-05-28,8.05,0.75,0.72
2016-05-29,14.23,0.77,0.72
2016-05-30,25.94,0.8,0.74
2016-05-31,10.65,0.78,0.75
2016-06-01,2.41,0.75,0.74
2016-06-02,4.01,0.75,0.72
2016-06-03,4.08,0.74,0.72
2016-06-04,4.37,0.74,0.72
2016-06-05,6.24,0.75,0.72
2016-06-06,23.18,0.79,0.72
2016-06-07,21.44,0.81,0.76
2016-06-08,36.09,0.85,0.79
2016-06-09,43.5,0.87,0.82
2016-06-10,36.15,0.88,0.85
2016-06-11,8.12,0.84,0.84
2016-06-12,2.1,0.82,0.82
2016-06-13,41.49,0.88,0.83
2016-06-14,17.53,0.87,0.86
2016-06-15,1.11,0.83,0.84
2016-06-16,3.29,0.83,0.83
2016-06-17,2.73,0.83,0.83
2016-06-18,0.35,0.82,0.82
2016-06-19,1.31,0.82,0.81
2016-06-20,34.56,0.87,0.83
2016-06-21,17.8,0.86,0.85
2016-06-22,22.71,0.87,0.86
2016-06-23,26.8,0.89,0.88
2016-06-24,26.67,0.89,0.89
2016-06-25,8.02,0.88,0.89
2016-06-26,2.78,0.86,0.88
2016-06-27,2.4,0.86,0.88
2016-06-28,9.8,0.86,0.87
2016-06-29,2.69,0.86,0.87
2016-06-30,8.37,0.86,0.87
2016-07-01,8.89,0.86,0.87
2016-07-02,9.68,0.86,0.87
2016-07-03,13.28,0.87,0.88
2016-07-04,56.11,0.92,0.91
2016-07-05,0.67,0.88,0.92
2016-07-06,0.93,0.88,0.9
2016-07-07,0.74,0.87,0.9
2016-07-08,0.5,0.86,0.89
2016-07-09,0.73,0.86,0.88
2016-07-10,9.0,0.87,0.88
2016-07-11,5.03,0.87,0.88
2016-07-12,0.42,0.85,0.88
2016-07-13,0.16,0.85,0.87
2016-07-14,1.6,0.85,0.86
2016-07-15,4.08,0.85,0.86
2016-07-16,6.88,0.85,0.86
2016-07-17,12.5,0.86,0.86
2016-07-18,9.79,0.86,0.87
2016-07-19,2.61,0.85,0.86
2016-07-20,0.09,0.84,0.85
2016-07-21,0.08,0.84,0.85
2016-07-22,0.02,0.83,0.84
2016-07-23,0.06,0.83,0.84
2016-07-24,0.13,0.83,0.83
2016-07-25,5.4,0.83,0.83
2016-07-26,3.06,0.83,0.83
2016-07-27,5.7,0.83,0.83
2016-07-28,4.28,0.83,0.83
2016-07-29,4.71,0.83,0.83
2016-07-30,4.06,0.83,0.82
2016-07-31,2.69,0.82,0.82
2016-08-01,1.04,0.82,0.82
2016-08-02,0.99,0.81,0.81
2016-08-03,2.98,0.81,0.81
2016-08-04,6.35,0.82,0.81
2016-08-05,3.83,0.82,0.81
2016-08-06,4.88,0.82,0.81
2016-08-07,3.89,0.81,0.81
2016-08-08,7.03,0.82,0.81
2016-08-09,1.86,0.81,0.81
2016-08-10,0.84,0.8,0.8
2016-08-11,0.1,0.8,0.79
2016-08-12,1.25,0.8,0.79
2016-08-13,3.35,0.8,0.79
2016-08-14,6.59,0.81,0.79
2016-08-15,0.28,0.8,0.79
2016-08-16,0.6,0.79,0.78
2016-08-17,3.59,0.79,0.78
2016-08-18,4.34,0.8,0.78
2016-08-19,11.91,0.81,0.78
2016-08-20,32.23,0.86,0.81
2016-08-21,34.85,0.88,0.85
2016-08-22,4.79,0.84,0.84
2016-08-23,9.59,0.84,0.83
2016-08-24,9.39,0.85,0.84
2016-08-25,5.75,0.84,0.83
2016-08-26,7.24,0.84,0.83
2016-08-27,6.77,0.84,0.83
2016-08-28,10.08,0.85,0.84
2016-08-29,2.11,0.83,0.83
2016-08-30,2.56,0.83,0.83
2016-08-31,17.01,0.85,0.83
2016-09-01,6.69,0.85,0.85
2016-09-02,3.54,0.83,0.84
2016-09-03,8.1,0.84,0.84
2016-09-04,20.1,0.86,0.85
2016-09-05,20.59,0.88,0.87
2016-09-06,2.16,0.85,0.86
2016-09-07,3.78,0.85,0.85
2016-09-08,1.98,0.84,0.85
2016-09-09,2.16,0.83,0.84
2016-09-10,2.22,0.83,0.84
2016-09-11,3.15,0.83,0.83
2016-09-12,1.56,0.83,0.83
2016-09-13,13.88,0.84,0.83
2016-09-14,25.9,0.87,0.85
2016-09-15,32.99,0.89,0.88
2016-09-16,13.59,0.88,0.89
2016-09-17,15.58,0.87,0.88
2016-09-18,6.48,0.87,0.89
2016-09-19,3.48,0.86,0.88
2016-09-20,3.21,0.86,0.87
2016-09-21,7.83,0.86,0.87
2016-09-22,10.86,0.87,0.88
2016-09-23,8.43,0.87,0.88
2016-09-24,9.92,0.87,0.88
2016-09-25,13.03,0.88,0.88
2016-09-26,24.05,0.9,0.9
2016-09-27,11.37,0.89,0.9
2016-09-28,12.64,0.89,0.91
2016-09-29,24.88,0.91,0.92
2016-09-30,1.75,0.88,0.91
2016-10-01,3.58,0.88,0.91
2016-10-02,6.09,0.88,0.9
2016-10-03,19.38,0.89,0.91
2016-10-04,19.0,0.9,0.92
2016-10-05,5.93,0.89,0.92
2016-10-06,8.37,0.89,0.92
2016-10-07,5.48,0.89,0.91
2016-10-08,7.35,0.89,0.91
2016-10-09,39.12,0.92,0.94
2016-10-10,1.5,0.9,0.94
2016-10-11,3.74,0.9,0.93
2016-10-12,3.11,0.89,0.92
2016-10-13,6.26,0.89,0.92
2016-10-14,13.28,0.9,0.92
2016-10-15,23.76,0.92,0.94
2016-10-16,8.89,0.91,0.94
2016-10-17,7.37,0.91,0.94
2016-10-18,11.21,0.91,0.94
2016-10-19,11.94,0.91,0.94
2016-10-20,6.96,0.91,0.94
2016-10-21,6.71,0.9,0.93
2016-10-22,9.0,0.9,0.93
2016-10-23,5.67,0.9,0.93
2016-10-24,1.5,0.89,0.93
2016-10-25,2.4,0.89,0.92
2016-10-26,4.62,0.89,0.91
2016-10-27,7.33,0.89,0.91
2016-10-28,4.0,0.89,0.91
2016-10-29,2.58,0.88,0.91
2016-10-30,3.25,0.88,0.91
2016-10-31,3.61,0.88,0.9
2016-11-01,3.34,0.88,0.9
2016-11-02,0.8,0.87,0.9
2016-11-03,0.75,0.87,0.89
2016-11-04,0.59,0.86,0.89
2016-11-05,0.62,0.86,0.88
2016-11-06,0.66,0.86,0.88
2016-11-07,4.67,0.86,0.87
2016-11-08,2.55,0.86,0.87
2016-11-09,3.95,0.86,0.87
2016-11-10,5.67,0.86,0.87
2016-11-11,5.8,0.86,0.87
2016-11-12,5.65,0.86,0.87
2016-11-13,3.61,0.85,0.86
2016-11-14,6.16,0.86,0.86
2016-11-15,6.78,0.86,0.86
2016-11-16,4.82,0.85,0.87
2016-11-17,2.3,0.85,0.86
2016-11-18,2.42,0.85,0.86
2016-11-19,2.22,0.84,0.85
2016-11-20,3.96,0.84,0.85
2016-11-21,6.55,0.85,0.85
2016-11-22,8.88,0.86,0.86
2016-11-23,2.56,0.85,0.86
2016-11-24,2.44,0.85,0.85
2016-11-25,4.42,0.85,0.85
2016-11-26,5.79,0.85,0.86
2016-11-27,2.57,0.85,0.86
2016-11-28,2.22,0.84,0.85
2016-11-29,1.41,0.84,0.85
2016-11-30,1.34,0.83,0.84
2016-12-01,2.29,0.83,0.84
2016-12-02,3.01,0.83,0.83
2016-12-03,5.1,0.84,0.83
2016-12-04,2.16,0.83,0.84
2016-12-05,1.39,0.83,0.83
2016-12-06,2.32,0.83,0.83
2016-12-07,5.67,0.83,0.83
2016-12-08,7.2,0.84,0.83
2016-12-09,3.43,0.83,0.83
2016-12-10,7.25,0.84,0.83
2016-12-11,6.02,0.84,0.84
2016-12-12,5.21,0.84,0.84
2016-12-13,2.81,0.84,0.84
2016-12-14,2.01,0.83,0.83
2016-12-15,7.67,0.85,0.84
2016-12-16,2.3,0.84,0.84
2016-12-17,0.49,0.83,0.83
2016-12-18,0.85,0.83,0.83
2016-12-19,0.54,0.82,0.83
2016-12-20,0.34,0.82,0.82
2016-12-21,0.39,0.82,0.81
2016-12-22,1.61,0.81,0.81
2016-12-23,1.56,0.81,0.81
2016-12-24,0.66,0.81,0.8
2016-12-25,0.62,0.81,0.8
2016-12-26,2.34,0.81,0.8
2016-12-27,0.0,0.81,0.8
2016-12-28,0.0,0.8,0.79
2016-12-29,0.0,0.8,0.79
2016-12-30,0.0,0.8,0.79
2016-12-31,0.0,0.79,0.78
2017-01-01,1.42,0.79,0.78
2017-01-02,2.87,0.79,0.78
2017-01-03,3.31,0.79,0.78
2017-01-04,3.11,0.79,0.78
2017-01-05,4.05,0.79,0.77
2017-01-06,0.04,0.78,0.77
2017-01-07,0.07,0.78,0.77
2017-01-08,0.19,0.78,0.76
2017-01-09,0.2,0.78,0.76
2017-01-10,0.2,0.77,0.75
2017-01-11,1.13,0.77,0.75
2017-01-12,0.84,0.77,0.75
2017-01-13,1.02,0.76,0.75
2017-01-14,0.71,0.76,0.74
2017-01-15,0.16,0.76,0.74
2017-01-16,0.12,0.75,0.73
2017-01-17,0.45,0.75,0.73
2017-01-18,0.76,0.75,0.73
2017-01-19,0.82,0.75,0.73
2017-01-20,2.41,0.76,0.73
2017-01-21,8.14,0.78,0.74
2017-01-22,3.07,0.76,0.74
2017-01-23,3.03,0.76,0.74
2017-01-24,0.62,0.75,0.73
2017-01-25,1.28,0.75,0.73
2017-01-26,0.01,0.74,0.72
2017-01-27,0.01,0.74,0.72
2017-01-28,0.01,0.73,0.71
2017-01-29,0.01,0.73,0.71
2017-01-30,0.01,0.73,0.71
2017-01-31,3.81,0.74,0.71
2017-02-01,5.99,0.76,0.72
2017-02-02,0.43,0.74,0.72
2017-02-03,4.36,0.74,0.72
2017-02-04,8.78,0.76,0.72
2017-02-05,1.32,0.75,0.72
2017-02-06,1.62,0.74,0.72
2017-02-07,0.95,0.74,0.72
2017-02-08,1.21,0.74,0.71
2017-02-09,1.72,0.74,0.71
2017-02-10,9.22,0.76,0.72
2017-02-11,2.78,0.74,0.72
2017-02-12,6.11,0.76,0.72
2017-02-13,11.07,0.77,0.73
2017-02-14,2.03,0.76,0.73
2017-02-15,2.37,0.75,0.73
2017-02-16,9.72,0.77,0.73
2017-02-17,14.17,0.79,0.74
2017-02-18,3.07,0.76,0.74
2017-02-19,0.96,0.75,0.74
2017-02-20,2.72,0.75,0.73
2017-02-21,2.96,0.75,0.73
2017-02-22,5.31,0.76,0.73
2017-02-23,5.36,0.77,0.74
2017-02-24,9.98,0.78,0.74
2017-02-25,3.48,0.77,0.75
2017-02-26,9.6,0.78,0.75
2017-02-27,3.22,0.77,0.75
2017-02-28,3.55,0.76,0.74
2017-03-01,5.91,0.77,0.74
2017-03-02,0.67,0.76,0.74
2017-03-03,1.16,0.75,0.73
2017-03-04,2.16,0.76,0.73
2017-03-05,3.38,0.76,0.73
2017-03-06,1.81,0.75,0.73
2017-03-07,0.77,0.75,0.73
2017-03-08,0.59,0.74,0.72
2017-03-09,1.09,0.74,0.72
2017-03-10,1.08,0.73,0.71
2017-03-11,0.91,0.73,0.71
2017-03-12,8.39,0.76,0.71
2017-03-13,2.44,0.75,0.72
2017-03-14,3.19,0.74,0.72
2017-03-15,1.07,0.74,0.71
2017-03-16,2.85,0.74,0.71
2017-03-17,0.41,0.73,0.71
2017-03-18,0.39,0.73,0.71
2017-03-19,0.65,0.73,0.71
2017-03-20,0.36,0.72,0.7
2017-03-21,0.61,0.72,0.7
2017-03-22,3.85,0.73,0.7
2017-03-23,5.56,0.74,0.71
2017-03-24,5.44,0.74,0.71
2017-03-25,1.33,0.73,0.71
2017-03-26,1.58,0.72,0.7
2017-03-27,2.37,0.73,0.7
2017-03-28,1.63,0.72,0.7
2017-03-29,5.61,0.74,0.7
2017-03-30,7.73,0.75,0.71
2017-03-31,0.4,0.72,0.71
2017-04-01,1.18,0.71,0.7
2017-04-02,1.64,0.72,0.69
2017-04-03,5.75,0.72,0.69
2017-04-04,1.74,0.72,0.7
2017-04-05,1.41,0.71,0.69
2017-04-06,6.62,0.72,0.69
2017-04-07,11.33,0.75,0.7
2017-04-08,8.55,0.75,0.71
2017-04-09,8.35,0.75,0.71
2017-04-10,3.74,0.74,0.72
2017-04-11,0.04,0.73,0.71
2017-04-12,0.16,0.72,0.7
2017-04-13,0.05,0.72,0.7
2017-04-14,0.1,0.71,0.69
2017-04-15,0.06,0.71,0.69
2017-04-16,4.97,0.72,0.69
2017-04-17,1.42,0.71,0.69
2017-04-18,3.26,0.71,0.69
2017-04-19,0.9,0.7,0.68
2017-04-20,4.22,0.71,0.68
2017-04-21,10.32,0.74,0.69
2017-04-22,2.6,0.72,0.7
2017-04-23,1.38,0.7,0.68
2017-04-24,5.26,0.72,0.68
2017-04-25,9.47,0.74,0.69
2017-04-26,2.61,0.72,0.7
2017-04-27,2.53,0.71,0.69
2017-04-28,1.87,0.71,0.69
2017-04-29,2.1,0.71,0.68
2017-04-30,2.43,0.71,0.68
2017-05-01,2.07,0.7,0.68
2017-05-02,2.59,0.7,0.68
2017-05-03,3.08,0.7,0.67
2017-05-04,6.02,0.71,0.67
2017-05-05,1.11,0.7,0.67
2017-05-06,1.69,0.69,0.67
2017-05-07,5.42,0.7,0.67
2017-05-08,6.32,0.71,0.67
2017-05-09,5.65,0.71,0.68
2017-05-10,7.56,0.72,0.68
2017-05-11,8.0,0.73,0.69
2017-05-12,4.68,0.72,0.69
2017-05-13,2.11,0.71,0.68
2017-05-14,4.29,0.71,0.68
2017-05-15,4.09,0.72,0.68
2017-05-16,3.08,0.71,0.68
2017-05-17,4.18,0.71,0.68
2017-05-18,4.82,0.71,0.68
2017-05-19,1.9,0.7,0.67
2017-05-20,2.91,0.69,0.67
2017-05-21,17.49,0.74,0.68
2017-05-22,11.77,0.74,0.7
2017-05-23,10.69,0.74,0.7
2017-05-24,19.36,0.78,0.72
2017-05-25,14.7,0.78,0.73
2017-05-26,1.38,0.74,0.73
2017-05-27,5.68,0.75,0.72
2017-05-28,5.18,0.74,0.71
2017-05-29,3.63,0.74,0.71
2017-05-30,5.65,0.74,0.71
2017-05-31,5.07,0.75,0.71
2017-06-01,1.73,0.73,0.71
2017-06-02,4.17,0.73,0.7
2017-06-03,18.75,0.77,0.71
2017-06-04,59.04,0.87,0.78
2017-06-05,36.91,0.86,0.82
2017-06-06,32.05,0.87,0.84
2017-06-07,9.59,0.83,0.83
2017-06-08,19.15,0.84,0.81
2017-06-09,30.99,0.86,0.83
2017-06-10,21.8,0.86,0.84
2017-06-11,35.46,0.89,0.86
2017-06-12,46.28,0.9,0.89
2017-06-13,38.86,0.91,0.91
2017-06-14,38.19,0.92,0.92
2017-06-15,12.31,0.9,0.92
2017-06-16,5.37,0.89,0.91
2017-06-17,7.59,0.89,0.9
2017-06-18,22.44,0.9,0.91
2017-06-19,51.66,0.93,0.93
2017-06-20,13.08,0.92,0.93
2017-06-21,3.1,0.91,0.93
2017-06-22,1.06,0.9,0.93
2017-06-23,5.34,0.9,0.92
2017-06-24,13.29,0.91,0.93
2017-06-25,9.23,0.91,0.93
2017-06-26,4.4,0.9,0.93
2017-06-27,11.87,0.9,0.93
2017-06-28,13.46,0.91,0.93
2017-06-29,16.42,0.91,0.93
2017-06-30,25.7,0.92,0.94
2017-07-01,29.4,0.93,0.95
2017-07-02,19.54,0.93,0.95
2017-07-03,22.28,0.94,0.96
2017-07-04,17.45,0.94,0.96
2017-07-05,17.11,0.93,0.96
2017-07-06,14.4,0.93,0.96
2017-07-07,15.42,0.94,0.96
2017-07-08,138.39,0.97,0.98
2017-07-09,24.24,0.96,0.99
2017-07-10,0.34,0.95,0.98
2017-07-11,0.04,0.95,0.98
2017-07-12,0.02,0.93,0.97
2017-07-13,0.02,0.92,0.96
2017-07-14,0.13,0.91,0.95
2017-07-15,0.68,0.91,0.95
2017-07-16,0.49,0.9,0.94
2017-07-17,0.56,0.9,0.93
2017-07-18,0.77,0.89,0.93
2017-07-19,1.11,0.89,0.92
2017-07-20,1.84,0.88,0.91
2017-07-21,1.04,0.88,0.91
2017-07-22,0.49,0.87,0.9
2017-07-23,1.18,0.87,0.89
2017-07-24,0.87,0.86,0.89
2017-07-25,3.17,0.86,0.88
2017-07-26,11.1,0.87,0.88
2017-07-27,11.71,0.88,0.89
2017-07-28,4.56,0.87,0.89
2017-07-29,3.04,0.86,0.88
2017-07-30,2.61,0.86,0.88
2017-07-31,2.54,0.86,0.87
2017-08-01,3.99,0.86,0.87
2017-08-02,6.4,0.86,0.87
2017-08-03,4.02,0.86,0.87
2017-08-04,1.79,0.85,0.86
2017-08-05,5.69,0.85,0.86
2017-08-06,8.41,0.86,0.87
2017-08-07,0.69,0.85,0.86
2017-08-08,0.54,0.84,0.85
2017-08-09,1.7,0.84,0.85
2017-08-10,3.82,0.84,0.84
2017-08-11,2.28,0.84,0.84
2017-08-12,1.94,0.83,0.83
2017-08-13,5.09,0.83,0.83
2017-08-14,3.43,0.83,0.83
2017-08-15,2.33,0.83,0.83
2017-08-16,1.64,0.83,0.83
2017-08-17,0.67,0.82,0.82
2017-08-18,3.31,0.82,0.82
2017-08-19,2.55,0.82,0.81
2017-08-20,0.41,0.81,0.81
2017-08-21,1.73,0.81,0.8
2017-08-22,4.99,0.82,0.8
2017-08-23,0.77,0.81,0.8
2017-08-24,3.53,0.81,0.8
2017-08-25,25.97,0.85,0.81
2017-08-26,11.61,0.84,0.83
2017-08-27,7.89,0.84,0.83
2017-08-28,1.74,0.82,0.82
2017-08-29,6.59,0.83,0.82
2017-08-30,9.05,0.83,0.82
2017-08-31,5.98,0.83,0.82
2017-09-01,4.14,0.82,0.82
2017-09-02,5.08,0.83,0.82
2017-09-03,5.01,0.82,0.82
2017-09-04,14.53,0.84,0.82
2017-09-05,6.52,0.83,0.82
2017-09-06,8.05,0.83,0.82
2017-09-07,14.91,0.85,0.83
2017-09-08,7.21,0.84,0.83
2017-09-09,2.81,0.83,0.83
2017-09-10,4.56,0.83,0.82
2017-09-11,6.12,0.83,0.82
2017-09-12,18.39,0.85,0.83
2017-09-13,4.99,0.84,0.84
2017-09-14,2.64,0.83,0.83
2017-09-15,7.22,0.83,0.83
2017-09-16,9.05,0.84,0.83
2017-09-17,3.14,0.83,0.83
2017-09-18,1.34,0.82,0.82
2017-09-19,1.17,0.82,0.81
2017-09-20,3.07,0.82,0.81
2017-09-21,4.08,0.82,0.81
2017-09-22,5.2,0.82,0.81
2017-09-23,2.98,0.81,0.81
2017-09-24,3.13,0.81,0.8
2017-09-25,6.26,0.81,0.8
2017-09-26,6.04,0.82,0.8
2017-09-27,54.41,0.89,0.83
2017-09-28,7.03,0.86,0.86
2017-09-29,11.78,0.85,0.85
2017-09-30,6.71,0.85,0.85
2017-10-01,1.89,0.84,0.85
2017-10-02,1.64,0.83,0.84
2017-10-03,5.74,0.84,0.84
2017-10-04,10.38,0.85,0.84
2017-10-05,8.56,0.84,0.84
2017-10-06,122.14,0.95,0.9
2017-10-07,40.35,0.93,0.95
2017-10-08,30.99,0.93,0.95
2017-10-09,28.59,0.93,0.96
2017-10-10,16.73,0.93,0.96
2017-10-11,22.17,0.93,0.96
2017-10-12,22.97,0.94,0.97
2017-10-13,7.91,0.93,0.96
2017-10-14,11.97,0.93,0.96
2017-10-15,14.59,0.93,0.96
2017-10-16,35.59,0.95,0.97
2017-10-17,13.53,0.94,0.97
2017-10-18,3.09,0.94,0.97
2017-10-19,2.61,0.93,0.96
2017-10-20,3.44,0.93,0.96
2017-10-21,4.97,0.92,0.96
2017-10-22,4.0,0.92,0.95
2017-10-23,1.26,0.91,0.95
2017-10-24,2.25,0.9,0.94
2017-10-25,3.53,0.9,0.93
2017-10-26,2.66,0.9,0.93
2017-10-27,3.01,0.89,0.93
2017-10-28,4.63,0.89,0.92
2017-10-29,2.57,0.89,0.92
2017-10-30,3.32,0.89,0.92
2017-10-31,3.99,0.89,0.91
2017-11-01,2.89,0.88,0.91
2017-11-02,4.21,0.89,0.91
2017-11-03,3.6,0.88,0.91
2017-11-04,6.05,0.88,0.91
2017-11-05,6.14,0.88,0.9
2017-11-06,8.13,0.88,0.91
2017-11-07,10.42,0.89,0.91
2017-11-08,4.04,0.88,0.91
2017-11-09,7.22,0.88,0.91
2017-11-10,4.67,0.88,0.9
2017-11-11,1.81,0.88,0.9
2017-11-12,2.75,0.87,0.9
2017-11-13,4.67,0.87,0.89
2017-11-14,6.3,0.87,0.89
2017-11-15,9.73,0.88,0.89
2017-11-16,14.93,0.89,0.9
2017-11-17,8.23,0.88,0.91
2017-11-18,2.47,0.88,0.9
2017-11-19,3.29,0.87,0.9
2017-11-20,4.05,0.87,0.89
2017-11-21,2.99,0.87,0.89
2017-11-22,2.89,0.87,0.89
2017-11-23,5.47,0.87,0.88
2017-11-24,4.98,0.87,0.89
2017-11-25,3.4,0.86,0.89
2017-11-26,0.91,0.86,0.88
2017-11-27,0.02,0.85,0.87
2017-11-28,0.0,0.85,0.87
2017-11-29,0.0,0.85,0.86
2017-11-30,0.01,0.84,0.85
2017-12-01,0.01,0.84,0.85
2017-12-02,0.57,0.83,0.84
2017-12-03,0.87,0.83,0.83
2017-12-04,1.01,0.83,0.83
2017-12-05,1.58,0.83,0.83
2017-12-06,1.2,0.83,0.82
2017-12-07,0.63,0.82,0.82
2017-12-08,0.82,0.82,0.82
2017-12-09,0.25,0.82,0.81
2017-12-10,0.58,0.81,0.81
2017-12-11,0.02,0.81,0.8
2017-12-12,0.03,0.81,0.8
2017-12-13,0.27,0.8,0.79
2017-12-14,1.9,0.8,0.79
2017-12-15,2.24,0.8,0.79
2017-12-16,4.63,0.81,0.79
2017-12-17,0.67,0.8,0.79
2017-12-18,0.58,0.8,0.79
2017-12-19,2.14,0.8,0.78
2017-12-20,1.27,0.8,0.78
2017-12-21,5.45,0.81,0.79
2017-12-22,0.18,0.79,0.78
2017-12-23,0.02,0.79,0.78
2017-12-24,0.0,0.78,0.77
2017-12-25,0.0,0.78,0.77
2017-12-26,0.01,0.78,0.76
2017-12-27,0.0,0.77,0.76
2017-12-28,0.0,0.77,0.76
2017-12-29,0.0,0.77,0.75
2017-12-30,0.0,0.76,0.75
2017-12-31,0.0,0.76,0.74
2018-01-01,0.0,0.76,0.74
2018-01-02,0.0,0.75,0.74
2018-01-03,0.0,0.75,0.73
2018-01-04,0.0,0.75,0.73
2018-01-05,0.0,0.75,0.73
2018-01-06,1.5,0.75,0.73
2018-01-07,3.46,0.75,0.73
2018-01-08,3.52,0.76,0.73
2018-01-09,4.46,0.76,0.73
2018-01-10,1.38,0.75,0.73
2018-01-11,0.26,0.74,0.72
2018-01-12,0.52,0.74,0.72
2018-01-13,0.05,0.73,0.72
2018-01-14,0.09,0.73,0.71
2018-01-15,0.13,0.72,0.71
2018-01-16,1.16,0.73,0.7
2018-01-17,1.73,0.73,0.7
2018-01-18,2.12,0.73,0.71
2018-01-19,2.98,0.73,0.71
2018-01-20,3.2,0.73,0.71
2018-01-21,0.53,0.72,0.71
2018-01-22,0.33,0.72,0.7
2018-01-23,0.39,0.72,0.7
2018-01-24,0.41,0.72,0.7
2018-01-25,0.47,0.72,0.7
2018-01-26,0.14,0.71,0.7
2018-01-27,0.63,0.71,0.69
2018-01-28,0.24,0.71,0.69
2018-01-29,0.35,0.7,0.69
2018-01-30,0.16,0.7,0.68
2018-01-31,0.14,0.69,0.68
2018-02-01,0.18,0.69,0.67
2018-02-02,0.22,0.69,0.67
2018-02-03,0.92,0.69,0.67
2018-02-04,2.09,0.69,0.67
2018-02-05,0.17,0.68,0.67
2018-02-06,0.08,0.68,0.67
2018-02-07,0.06,0.68,0.66
2018-02-08,0.07,0.67,0.66
2018-02-09,0.1,0.67,0.65
2018-02-10,0.23,0.66,0.65
2018-02-11,0.13,0.66,0.65
2018-02-12,0.85,0.66,0.65
2018-02-13,0.93,0.66,0.65
2018-02-14,1.9,0.66,0.64
2018-02-15,3.61,0.67,0.64
2018-02-16,3.21,0.67,0.65
2018-02-17,12.77,0.71,0.65
2018-02-18,5.05,0.7,0.67
2018-02-19,9.42,0.71,0.67
2018-02-20,21.2,0.76,0.7
2018-02-21,8.27,0.74,0.71
2018-02-22,1.67,0.71,0.7
2018-02-23,6.11,0.73,0.69
2018-02-24,5.7,0.72,0.69
2018-02-25,2.07,0.71,0.69
2018-02-26,9.24,0.74,0.69
2018-02-27,4.0,0.72,0.69
2018-02-28,1.36,0.71,0.69
2018-03-01,6.29,0.72,0.68
2018-03-02,2.18,0.71,0.68
2018-03-03,1.02,0.69,0.68
2018-03-04,1.39,0.69,0.67
2018-03-05,1.98,0.69,0.67
2018-03-06,1.27,0.68,0.66
2018-03-07,2.06,0.68,0.66
2018-03-08,0.28,0.67,0.66
2018-03-09,1.25,0.66,0.65
2018-03-10,3.19,0.67,0.65
2018-03-11,2.69,0.67,0.65
2018-03-12,9.03,0.69,0.65
2018-03-13,6.97,0.7,0.66
2018-03-14,3.13,0.68,0.66
2018-03-15,4.93,0.68,0.66
2018-03-16,9.87,0.7,0.66
2018-03-17,0.87,0.68,0.67
2018-03-18,0.16,0.67,0.66
2018-03-19,0.4,0.67,0.65
2018-03-20,0.47,0.66,0.65
2018-03-21,0.6,0.66,0.65
2018-03-22,6.44,0.68,0.65
2018-03-23,9.44,0.71,0.66
2018-03-24,4.64,0.69,0.67
2018-03-25,5.19,0.69,0.66
2018-03-26,6.98,0.7,0.67
2018-03-27,0.27,0.67,0.66
2018-03-28,0.64,0.66,0.65
2018-03-29,0.73,0.66,0.65
2018-03-30,0.89,0.66,0.64
2018-03-31,1.97,0.66,0.64
2018-04-01,9.1,0.69,0.65
2018-04-02,3.71,0.68,0.65
2018-04-03,4.71,0.68,0.65
2018-04-04,6.33,0.69,0.66
2018-04-05,4.31,0.69,0.66
2018-04-06,1.36,0.68,0.66
2018-04-07,2.58,0.68,0.65
2018-04-08,3.19,0.68,0.65
2018-04-09,0.26,0.66,0.65
2018-04-10,1.28,0.66,0.64
2018-04-11,0.25,0.65,0.64
2018-04-12,0.42,0.64,0.63
2018-04-13,0.99,0.64,0.62
2018-04-14,2.14,0.64,0.62
2018-04-15,1.25,0.64,0.62
2018-04-16,8.69,0.67,0.63
2018-04-17,13.18,0.71,0.65
2018-04-18,10.1,0.71,0.66
2018-04-19,6.56,0.7,0.67
2018-04-20,11.77,0.71,0.67
2018-04-21,7.32,0.72,0.68
2018-04-22,1.27,0.69,0.67
2018-04-23,4.78,0.69,0.66
2018-04-24,3.39,0.69,0.66
2018-04-25,2.23,0.68,0.66
2018-04-26,4.64,0.69,0.66
2018-04-27,1.63,0.68,0.66
2018-04-28,4.81,0.68,0.65
2018-04-29,6.64,0.7,0.66
2018-04-30,4.06,0.69,0.66
2018-05-01,1.14,0.67,0.66
2018-05-02,1.62,0.67,0.65
2018-05-03,1.73,0.67,0.65
2018-05-04,2.31,0.67,0.65
2018-05-05,1.55,0.66,0.64
2018-05-06,15.91,0.72,0.66
2018-05-07,0.85,0.68,0.66
2018-05-08,2.73,0.68,0.65
2018-05-09,3.77,0.68,0.66
2018-05-10,6.16,0.69,0.66
2018-05-11,19.58,0.74,0.67
2018-05-12,2.19,0.71,0.68
2018-05-13,3.33,0.7,0.67
2018-05-14,6.88,0.71,0.67
2018-05-15,7.54,0.72,0.68
2018-05-16,1.41,0.7,0.68
2018-05-17,6.08,0.71,0.67
2018-05-18,1.91,0.7,0.68
2018-05-19,1.45,0.69,0.67
2018-05-20,2.3,0.69,0.66
2018-05-21,8.26,0.71,0.67
2018-05-22,11.92,0.73,0.68
2018-05-23,25.2,0.78,0.7
2018-05-24,21.65,0.79,0.73
2018-05-25,18.11,0.79,0.75
2018-05-26,27.21,0.81,0.76
2018-05-27,13.37,0.8,0.77
2018-05-28,3.26,0.77,0.75
2018-05-29,2.48,0.75,0.74
2018-05-30,7.27,0.76,0.73
2018-05-31,43.81,0.84,0.77
2018-06-01,33.17,0.85,0.8
2018-06-02,29.13,0.85,0.82
2018-06-03,27.77,0.85,0.83
2018-06-04,14.76,0.83,0.82
2018-06-05,12.92,0.83,0.82
2018-06-06,16.1,0.84,0.82
2018-06-07,14.14,0.84,0.82
2018-06-08,7.68,0.83,0.83
2018-06-09,9.48,0.83,0.82
2018-06-10,4.79,0.82,0.82
2018-06-11,3.19,0.82,0.81
2018-06-12,2.94,0.81,0.81
2018-06-13,1.33,0.8,0.81
2018-06-14,0.88,0.8,0.8
2018-06-15,19.37,0.83,0.8
2018-06-16,34.1,0.87,0.84
2018-06-17,53.92,0.9,0.88
2018-06-18,14.86,0.87,0.88
2018-06-19,35.22,0.9,0.89
2018-06-20,1.01,0.87,0.89
2018-06-21,2.45,0.87,0.87
2018-06-22,5.16,0.87,0.87
2018-06-23,2.94,0.86,0.87
2018-06-24,5.32,0.86,0.86
2018-06-25,9.35,0.87,0.87
2018-06-26,0.48,0.85,0.86
2018-06-27,3.56,0.85,0.85
2018-06-28,4.65,0.85,0.85
2018-06-29,2.74,0.84,0.85
2018-06-30,5.16,0.84,0.85
2018-07-01,8.67,0.86,0.86
2018-07-02,1.69,0.84,0.85
2018-07-03,3.17,0.84,0.85
2018-07-04,2.3,0.84,0.84
2018-07-05,1.22,0.83,0.84
2018-07-06,2.67,0.83,0.83
2018-07-07,1.24,0.83,0.83
2018-07-08,1.22,0.82,0.83
2018-07-09,3.7,0.83,0.82
2018-07-10,5.62,0.83,0.82
2018-07-11,5.04,0.82,0.82
2018-07-12,7.14,0.83,0.82
2018-07-13,8.14,0.84,0.83
2018-07-14,20.92,0.85,0.83
2018-07-15,27.91,0.88,0.86
2018-07-16,6.61,0.85,0.86
2018-07-17,4.77,0.85,0.85
2018-07-18,4.13,0.84,0.85
2018-07-19,4.6,0.84,0.85
2018-07-20,0.1,0.83,0.84
2018-07-21,0.25,0.83,0.83
2018-07-22,0.05,0.82,0.83
2018-07-23,0.01,0.82,0.82
2018-07-24,0.23,0.82,0.82
2018-07-25,1.5,0.82,0.82
2018-07-26,0.4,0.81,0.81
2018-07-27,0.04,0.81,0.81
2018-07-28,0.17,0.81,0.8
2018-07-29,0.41,0.8,0.8
2018-07-30,0.35,0.8,0.79
2018-07-31,0.01,0.79,0.79
2018-08-01,0.0,0.79,0.78
2018-08-02,0.14,0.79,0.78
2018-08-03,0.26,0.78,0.77
2018-08-04,1.77,0.78,0.77
2018-08-05,0.1,0.78,0.77
2018-08-06,0.28,0.77,0.76
2018-08-07,1.02,0.77,0.76
2018-08-08,0.99,0.77,0.76
2018-08-09,0.63,0.77,0.75
2018-08-10,2.52,0.77,0.75
2018-08-11,1.67,0.77,0.75
2018-08-12,1.29,0.76,0.74
2018-08-13,0.8,0.76,0.74
2018-08-14,4.92,0.77,0.74
2018-08-15,4.64,0.77,0.74
2018-08-16,4.07,0.76,0.74
2018-08-17,4.46,0.76,0.74
2018-08-18,10.89,0.79,0.75
2018-08-19,10.86,0.79,0.76
2018-08-20,13.74,0.8,0.76
2018-08-21,12.34,0.81,0.78
2018-08-22,5.62,0.79,0.77
2018-08-23,11.8,0.8,0.77
2018-08-24,7.04,0.8,0.77
2018-08-25,25.09,0.84,0.79
2018-08-26,11.01,0.82,0.8
2018-08-27,3.13,0.8,0.79
2018-08-28,1.63,0.79,0.78
2018-08-29,4.18,0.79,0.77
2018-08-30,5.89,0.79,0.77
2018-08-31,16.61,0.82,0.78
2018-09-01,13.35,0.82,0.79
2018-09-02,14.91,0.83,0.8
2018-09-03,9.45,0.82,0.8
2018-09-04,8.77,0.82,0.8
2018-09-05,7.38,0.82,0.8
2018-09-06,14.27,0.83,0.81
2018-09-07,47.33,0.89,0.84
2018-09-08,6.16,0.85,0.86
2018-09-09,1.0,0.83,0.84
2018-09-10,5.06,0.83,0.83
2018-09-11,8.51,0.84,0.83
2018-09-12,17.64,0.85,0.83
2018-09-13,6.73,0.85,0.85
2018-09-14,4.05,0.84,0.84
2018-09-15,2.41,0.83,0.84
2018-09-16,2.79,0.83,0.83
2018-09-17,21.53,0.86,0.85
2018-09-18,3.36,0.84,0.85
2018-09-19,4.85,0.84,0.84
2018-09-20,8.11,0.84,0.84
2018-09-21,13.25,0.85,0.85
2018-09-22,7.53,0.85,0.85
2018-09-23,1.44,0.83,0.84
2018-09-24,1.43,0.83,0.84
2018-09-25,0.87,0.82,0.83
2018-09-26,2.45,0.82,0.82
2018-09-27,0.82,0.82,0.82
2018-09-28,2.93,0.82,0.82
2018-09-29,6.58,0.83,0.81
2018-09-30,4.07,0.82,0.82
2018-10-01,9.64,0.83,0.82
2018-10-02,16.22,0.84,0.82
2018-10-03,25.06,0.88,0.85
2018-10-04,2.25,0.84,0.85
2018-10-05,16.77,0.86,0.85
2018-10-06,1.68,0.84,0.85
2018-10-07,1.95,0.83,0.84
2018-10-08,1.43,0.83,0.84
2018-10-09,10.48,0.85,0.84
2018-10-10,2.44,0.83,0.84
2018-10-11,0.55,0.83,0.84
2018-10-12,0.89,0.82,0.83
2018-10-13,8.39,0.84,0.83
2018-10-14,8.62,0.84,0.84
2018-10-15,8.58,0.84,0.84
2018-10-16,8.11,0.84,0.84
2018-10-17,9.39,0.85,0.85
2018-10-18,14.16,0.86,0.85
2018-10-19,5.25,0.85,0.85
2018-10-20,4.69,0.84,0.85
2018-10-21,2.86,0.84,0.84
2018-10-22,8.6,0.85,0.84
2018-10-23,1.34,0.84,0.84
2018-10-24,0.82,0.83,0.84
2018-10-25,1.41,0.83,0.83
2018-10-26,0.94,0.82,0.83
2018-10-27,0.56,0.82,0.82
2018-10-28,1.74,0.82,0.82
2018-10-29,3.44,0.82,0.81
2018-10-30,4.88,0.82,0.82
2018-10-31,5.77,0.82,0.82
2018-11-01,4.64,0.82,0.82
2018-11-02,3.68,0.82,0.82
2018-11-03,4.11,0.82,0.81
2018-11-04,4.48,0.82,0.81
2018-11-05,2.36,0.81,0.81
2018-11-06,2.27,0.81,0.8
2018-11-07,2.45,0.81,0.8
2018-11-08,1.72,0.81,0.8
2018-11-09,0.6,0.8,0.79
2018-11-10,0.86,0.8,0.79
2018-11-11,0.77,0.79,0.79
2018-11-12,2.27,0.8,0.78
2018-11-13,0.74,0.79,0.78
2018-11-14,1.45,0.79,0.78
2018-11-15,7.23,0.8,0.78
2018-11-16,4.95,0.8,0.78
2018-11-17,2.95,0.8,0.78
2018-11-18,0.77,0.79,0.78
2018-11-19,1.47,0.79,0.78
2018-11-20,5.46,0.8,0.78
2018-11-21,1.65,0.79,0.78
2018-11-22,0.68,0.78,0.77
2018-11-23,0.45,0.78,0.77
2018-11-24,2.43,0.78,0.76
2018-11-25,1.68,0.78,0.77
2018-11-26,2.06,0.78,0.76
2018-11-27,3.34,0.78,0.76
2018-11-28,3.84,0.78,0.76
2018-11-29,3.89,0.79,0.76
2018-11-30,2.78,0.78,0.76
2018-12-01,3.92,0.78,0.76
2018-12-02,3.71,0.78,0.76
2018-12-03,2.71,0.78,0.76
2018-12-04,1.45,0.77,0.75
2018-12-05,6.6,0.78,0.75
2018-12-06,4.73,0.78,0.76
2018-12-07,0.18,0.77,0.76
2018-12-08,0.07,0.77,0.75
2018-12-09,0.05,0.76,0.75
2018-12-10,0.19,0.76,0.74
2018-12-11,0.06,0.76,0.74
2018-12-12,7.37,0.77,0.74
2018-12-13,4.7,0.77,0.75
2018-12-14,2.55,0.77,0.75
2018-12-15,1.18,0.76,0.74
2018-12-16,0.98,0.75,0.74
2018-12-17,0.88,0.75,0.73
2018-12-18,1.65,0.75,0.73
2018-12-19,4.0,0.76,0.73
2018-12-20,1.6,0.75,0.73
2018-12-21,1.14,0.74,0.73
2018-12-22,1.35,0.74,0.72
2018-12-23,0.92,0.74,0.72
2018-12-24,1.07,0.73,0.72
2018-12-25,0.97,0.73,0.71
2018-12-26,1.16,0.73,0.71
2018-12-27,0.0,0.72,0.71
2018-12-28,0.0,0.72,0.7
2018-12-29,0.0,0.72,0.7
2018-12-30,0.0,0.72,0.7
2018-12-31,0.01,0.71,0.7
2019-01-01,0.01,0.71,0.69
2019-01-02,0.01,0.7,0.69
2019-01-03,0.02,0.7,0.68
2019-01-04,0.04,0.7,0.68
2019-01-05,0.04,0.7,0.68
2019-01-06,0.0,0.69,0.68
2019-01-07,0.0,0.7,0.68
2019-01-08,0.0,0.69,0.67
2019-01-09,0.0,0.69,0.67
2019-01-10,0.0,0.68,0.67
2019-01-11,0.25,0.68,0.67
2019-01-12,0.16,0.68,0.66
2019-01-13,0.04,0.67,0.66
2019-01-14,0.24,0.68,0.66
2019-01-15,0.13,0.67,0.66
2019-01-16,1.57,0.67,0.66
2019-01-17,5.15,0.69,0.66
2019-01-18,2.43,0.69,0.67
2019-01-19,1.04,0.68,0.67
2019-01-20,12.63,0.72,0.67
2019-01-21,0.72,0.69,0.68
2019-01-22,0.31,0.68,0.67
2019-01-23,0.31,0.68,0.67
2019-01-24,0.6,0.68,0.66
2019-01-25,0.84,0.68,0.66
2019-01-26,0.04,0.67,0.66
2019-01-27,0.03,0.67,0.66
2019-01-28,0.07,0.66,0.65
2019-01-29,0.06,0.66,0.65
2019-01-30,0.1,0.65,0.64
2019-01-31,2.91,0.66,0.64
2019-02-01,3.66,0.67,0.65
2019-02-02,6.28,0.69,0.65
2019-02-03,1.03,0.67,0.65
2019-02-04,1.12,0.67,0.65
2019-02-05,1.76,0.67,0.65
2019-02-06,2.36,0.66,0.65
2019-02-07,4.11,0.67,0.65
2019-02-08,1.06,0.66,0.65
2019-02-09,0.83,0.65,0.64
2019-02-10,0.0,0.65,0.64
2019-02-11,0.0,0.64,0.63
2019-02-12,0.0,0.63,0.63
2019-02-13,0.0,0.63,0.62
2019-02-14,0.0,0.62,0.62
2019-02-15,2.76,0.64,0.62
2019-02-16,4.22,0.65,0.62
2019-02-17,3.08,0.64,0.62
2019-02-18,14.92,0.7,0.64
2019-02-19,15.55,0.72,0.66
2019-02-20,0.0,0.68,0.66
2019-02-21,0.0,0.66,0.65
2019-02-22,0.0,0.65,0.65
2019-02-23,0.0,0.65,0.64
2019-02-24,0.0,0.64,0.64
2019-02-25,2.17,0.64,0.63
2019-02-26,3.13,0.66,0.63
2019-02-27,2.52,0.65,0.63
2019-02-28,0.46,0.64,0.63
2019-03-01,1.33,0.64,0.63
2019-03-02,0.01,0.63,0.62
2019-03-03,0.0,0.62,0.62
2019-03-04,0.03,0.62,0.61
2019-03-05,0.03,0.62,0.61
2019-03-06,0.07,0.61,0.61
2019-03-07,0.09,0.61,0.6
2019-03-08,0.02,0.61,0.6
2019-03-09,0.07,0.6,0.6
2019-03-10,0.01,0.6,0.6
2019-03-11,0.03,0.59,0.59
2019-03-12,1.81,0.6,0.59
2019-03-13,2.03,0.6,0.59
2019-03-14,3.92,0.61,0.59
2019-03-15,7.61,0.63,0.6
2019-03-16,3.69,0.63,0.61
2019-03-17,14.06,0.68,0.62
2019-03-18,1.4,0.64,0.62
2019-03-19,4.07,0.63,0.62
2019-03-20,17.96,0.7,0.63
2019-03-21,14.23,0.71,0.65
2019-03-22,8.57,0.71,0.67
2019-03-23,2.15,0.67,0.66
2019-03-24,3.11,0.66,0.65
2019-03-25,3.45,0.67,0.64
2019-03-26,0.38,0.65,0.64
2019-03-27,2.06,0.64,0.63
2019-03-28,2.33,0.64,0.62
2019-03-29,8.7,0.67,0.63
2019-03-30,7.06,0.68,0.64
2019-03-31,12.17,0.71,0.65
2019-04-01,2.01,0.67,0.65
2019-04-02,6.19,0.68,0.65
2019-04-03,4.11,0.68,0.65
2019-04-04,6.02,0.68,0.65
2019-04-05,5.7,0.69,0.65
2019-04-06,1.22,0.67,0.65
2019-04-07,5.39,0.68,0.65
2019-04-08,14.6,0.73,0.67
2019-04-09,0.62,0.67,0.66
2019-04-10,3.32,0.67,0.65
2019-04-11,15.88,0.72,0.66
2019-04-12,10.92,0.73,0.68
2019-04-13,3.47,0.69,0.67
2019-04-14,6.57,0.7,0.67
2019-04-15,1.4,0.69,0.67
2019-04-16,2.68,0.68,0.66
2019-04-17,0.54,0.67,0.65
2019-04-18,3.26,0.67,0.65
2019-04-19,3.96,0.68,0.65
2019-04-20,1.46,0.66,0.65
2019-04-21,0.02,0.65,0.64
2019-04-22,0.16,0.65,0.63
2019-04-23,0.12,0.65,0.63
2019-04-24,0.04,0.64,0.63
2019-04-25,0.02,0.63,0.62
2019-04-26,4.39,0.63,0.62
2019-04-27,10.97,0.69,0.64
2019-04-28,2.54,0.65,0.63
2019-04-29,3.65,0.66,0.63
2019-04-30,4.26,0.66,0.63
2019-05-01,6.03,0.67,0.63
2019-05-02,8.52,0.69,0.65
2019-05-03,8.17,0.69,0.65
2019-05-04,14.83,0.73,0.66
2019-05-05,5.07,0.69,0.66
2019-05-06,0.65,0.68,0.66
2019-05-07,0.62,0.67,0.65
2019-05-08,0.59,0.66,0.64
2019-05-09,1.0,0.65,0.64
2019-05-10,1.34,0.65,0.63
2019-05-11,0.03,0.64,0.63
2019-05-12,0.06,0.64,0.62
2019-05-13,0.11,0.63,0.62
2019-05-14,0.13,0.63,0.62
2019-05-15,0.13,0.63,0.61
2019-05-16,4.1,0.64,0.61
2019-05-17,1.34,0.62,0.61
2019-05-18,5.86,0.65,0.61
2019-05-19,3.32,0.65,0.62
2019-05-20,7.19,0.66,0.62
2019-05-21,2.89,0.65,0.63
2019-05-22,4.73,0.66,0.63
2019-05-23,13.24,0.7,0.64
2019-05-24,7.56,0.69,0.65
2019-05-25,12.3,0.7,0.65
2019-05-26,3.24,0.69,0.66
2019-05-27,2.04,0.67,0.65
2019-05-28,1.38,0.67,0.65
2019-05-29,0.68,0.66,0.64
2019-05-30,3.99,0.66,0.64
2019-05-31,22.72,0.75,0.66
2019-06-01,12.94,0.73,0.68
2019-06-02,17.77,0.75,0.69
2019-06-03,4.14,0.72,0.7
2019-06-04,2.01,0.69,0.68
2019-06-05,8.03,0.7,0.67
2019-06-06,36.77,0.8,0.7
2019-06-07,53.65,0.85,0.75
2019-06-08,64.18,0.9,0.84
2019-06-09,13.11,0.83,0.83
2019-06-10,14.79,0.82,0.8
2019-06-11,16.39,0.82,0.8
2019-06-12,11.79,0.81,0.79
2019-06-13,9.04,0.8,0.78
2019-06-14,35.84,0.83,0.79
2019-06-15,52.32,0.9,0.86
2019-06-16,2.89,0.83,0.84
2019-06-17,4.3,0.82,0.82
2019-06-18,2.42,0.81,0.81
2019-06-19,2.96,0.8,0.8
2019-06-20,8.45,0.81,0.8
2019-06-21,5.74,0.81,0.8
2019-06-22,10.97,0.82,0.8
2019-06-23,43.28,0.88,0.83
2019-06-24,57.19,0.92,0.9
2019-06-25,13.14,0.87,0.88
2019-06-26,26.9,0.89,0.89
2019-06-27,10.13,0.88,0.89
2019-06-28,8.12,0.87,0.88
2019-06-29,11.74,0.87,0.88
2019-06-30,12.59,0.88,0.88
2019-07-01,3.68,0.86,0.88
2019-07-02,10.04,0.87,0.88
2019-07-03,17.65,0.88,0.89
2019-07-04,23.08,0.9,0.9
2019-07-05,2.95,0.87,0.9
2019-07-06,1.08,0.87,0.89
2019-07-07,1.74,0.86,0.88
2019-07-08,2.11,0.86,0.88
2019-07-09,2.44,0.86,0.87
2019-07-10,2.42,0.85,0.87
2019-07-11,0.77,0.85,0.87
2019-07-12,2.77,0.85,0.86
2019-07-13,3.51,0.85,0.86
2019-07-14,0.29,0.84,0.85
2019-07-15,0.2,0.83,0.85
2019-07-16,3.23,0.84,0.84
2019-07-17,6.65,0.84,0.84
2019-07-18,8.07,0.84,0.84
2019-07-19,16.45,0.86,0.86
2019-07-20,4.18,0.85,0.86
2019-07-21,3.66,0.84,0.85
2019-07-22,6.15,0.85,0.85
2019-07-23,2.12,0.84,0.85
2019-07-24,1.04,0.83,0.84
2019-07-25,5.6,0.84,0.84
2019-07-26,9.61,0.84,0.84
2019-07-27,32.16,0.89,0.87
2019-07-28,4.0,0.86,0.87
2019-07-29,12.63,0.86,0.86
2019-07-30,9.16,0.87,0.88
2019-07-31,1.31,0.85,0.87
2019-08-01,2.02,0.85,0.86
2019-08-02,1.9,0.84,0.85
2019-08-03,0.77,0.84,0.85
2019-08-04,0.76,0.83,0.84
2019-08-05,2.58,0.83,0.84
2019-08-06,6.69,0.84,0.84
2019-08-07,1.25,0.83,0.84
2019-08-08,0.34,0.83,0.83
2019-08-09,1.55,0.83,0.83
2019-08-10,0.93,0.82,0.82
2019-08-11,0.43,0.82,0.82
2019-08-12,0.76,0.81,0.81
2019-08-13,1.62,0.81,0.81
2019-08-14,14.96,0.83,0.82
2019-08-15,6.84,0.82,0.82
2019-08-16,9.02,0.83,0.82
2019-08-17,3.85,0.82,0.82
2019-08-18,7.09,0.82,0.82
2019-08-19,5.01,0.82,0.81
2019-08-20,5.89,0.82,0.81
2019-08-21,3.07,0.82,0.81
2019-08-22,1.82,0.81,0.81
2019-08-23,3.0,0.81,0.8
2019-08-24,21.75,0.85,0.82
2019-08-25,15.67,0.85,0.83
2019-08-26,20.17,0.86,0.85
2019-08-27,18.15,0.86,0.85
2019-08-28,21.97,0.88,0.87
2019-08-29,5.47,0.86,0.87
2019-08-30,6.84,0.85,0.86
2019-08-31,11.04,0.86,0.86
2019-09-01,10.05,0.86,0.87
2019-09-02,9.96,0.86,0.87
2019-09-03,13.18,0.87,0.88
2019-09-04,4.49,0.86,0.87
2019-09-05,10.47,0.86,0.87
2019-09-06,6.52,0.86,0.87
2019-09-07,6.78,0.86,0.87
2019-09-08,6.46,0.85,0.87
2019-09-09,8.43,0.86,0.87
2019-09-10,5.24,0.85,0.87
2019-09-11,7.28,0.86,0.87
2019-09-12,10.82,0.86,0.87
2019-09-13,4.51,0.86,0.87
2019-09-14,2.26,0.85,0.87
2019-09-15,16.96,0.87,0.87
2019-09-16,2.08,0.86,0.88
2019-09-17,1.87,0.85,0.87
2019-09-18,1.78,0.85,0.86
2019-09-19,2.67,0.85,0.86
2019-09-20,7.61,0.86,0.86
2019-09-21,2.09,0.85,0.86
2019-09-22,2.61,0.85,0.86
2019-09-23,6.27,0.85,0.86
2019-09-24,3.77,0.84,0.85
2019-09-25,6.82,0.85,0.85
2019-09-26,10.57,0.85,0.85
2019-09-27,13.33,0.86,0.86
2019-09-28,9.47,0.86,0.87
2019-09-29,3.05,0.85,0.87
2019-09-30,1.48,0.85,0.86
2019-10-01,4.4,0.85,0.86
2019-10-02,4.26,0.85,0.86
2019-10-03,4.78,0.85,0.85
2019-10-04,14.59,0.86,0.85
2019-10-05,13.14,0.87,0.87
2019-10-06,6.01,0.86,0.87
2019-10-07,4.95,0.85,0.86
2019-10-08,7.82,0.85,0.86
2019-10-09,11.1,0.86,0.87
2019-10-10,6.05,0.86,0.87
2019-10-11,8.85,0.86,0.87
2019-10-12,24.34,0.88,0.88
2019-10-13,6.8,0.87,0.89
2019-10-14,2.51,0.86,0.89
2019-10-15,3.0,0.86,0.88
2019-10-16,3.34,0.86,0.88
2019-10-17,2.77,0.85,0.87
2019-10-18,16.74,0.87,0.87
2019-10-19,12.62,0.87,0.88
2019-10-20,9.32,0.87,0.89
2019-10-21,14.84,0.88,0.89
2019-10-22,24.65,0.9,0.9
2019-10-23,20.07,0.9,0.92
2019-10-24,2.22,0.88,0.92
2019-10-25,2.68,0.88,0.91
2019-10-26,0.41,0.88,0.9
2019-10-27,1.29,0.87,0.9
2019-10-28,4.11,0.87,0.89
2019-10-29,31.03,0.9,0.91
2019-10-30,1.98,0.88,0.91
2019-10-31,2.53,0.88,0.91
2019-11-01,2.59,0.88,0.9
2019-11-02,4.05,0.88,0.9
2019-11-03,2.19,0.87,0.9
2019-11-04,1.1,0.86,0.89
2019-11-05,1.06,0.86,0.88
2019-11-06,0.52,0.86,0.88
2019-11-07,3.29,0.86,0.87
2019-11-08,1.71,0.85,0.87
2019-11-09,1.04,0.85,0.86
2019-11-10,5.83,0.85,0.86
2019-11-11,6.12,0.86,0.86
2019-11-12,4.15,0.85,0.86
2019-11-13,6.54,0.85,0.86
2019-11-14,10.76,0.86,0.86
2019-11-15,2.77,0.85,0.86
2019-11-16,2.22,0.85,0.86
2019-11-17,0.19,0.84,0.86
2019-11-18,0.17,0.84,0.85
2019-11-19,0.22,0.84,0.85
2019-11-20,0.36,0.84,0.85
2019-11-21,0.28,0.84,0.84
2019-11-22,2.11,0.84,0.84
2019-11-23,1.57,0.83,0.84
2019-11-24,2.17,0.83,0.83
2019-11-25,0.84,0.83,0.83
2019-11-26,1.88,0.82,0.82
2019-11-27,1.45,0.82,0.82
2019-11-28,1.0,0.82,0.82
2019-11-29,1.31,0.81,0.81
2019-11-30,1.52,0.81,0.81
2019-12-01,2.53,0.81,0.8
2019-12-02,1.3,0.81,0.8
2019-12-03,0.98,0.81,0.8
2019-12-04,1.85,0.81,0.79
2019-12-05,0.99,0.8,0.79
2019-12-06,1.97,0.8,0.79
2019-12-07,4.31,0.8,0.79
2019-12-08,16.61,0.83,0.8
2019-12-09,3.93,0.82,0.81
2019-12-10,3.73,0.81,0.8
2019-12-11,3.89,0.81,0.8
2019-12-12,1.93,0.81,0.8
2019-12-13,5.01,0.81,0.8
2019-12-14,3.88,0.81,0.8
2019-12-15,6.46,0.82,0.8
2019-12-16,1.98,0.81,0.8
2019-12-17,0.21,0.8,0.79
2019-12-18,0.22,0.79,0.79
2019-12-19,0.79,0.79,0.78
2019-12-20,0.71,0.79,0.78
2019-12-21,0.8,0.79,0.78
2019-12-22,0.0,0.78,0.77
2019-12-23,0.0,0.78,0.77
2019-12-24,0.0,0.77,0.76
2019-12-25,0.0,0.77,0.76
2019-12-26,0.0,0.77,0.75
2019-12-27,0.06,0.76,0.75
2019-12-28,0.12,0.76,0.74
2019-12-29,0.29,0.76,0.74
2019-12-30,0.27,0.75,0.74
2019-12-31,0.28,0.75,0.73
2020-01-01,1.68,0.75,0.73
2020-01-02,0.49,0.74,0.73
2020-01-03,0.35,0.74,0.72
2020-01-04,0.0,0.73,0.72
2020-01-05,0.0,0.73,0.71
2020-01-06,0.0,0.73,0.71
2020-01-07,0.0,0.72,0.71
2020-01-08,0.0,0.72,0.7
2020-01-09,0.05,0.72,0.7
2020-01-10,0.3,0.72,0.7
2020-01-11,2.89,0.73,0.7
2020-01-12,1.77,0.73,0.7
2020-01-13,2.43,0.72,0.7
2020-01-14,3.27,0.72,0.7
2020-01-15,3.48,0.73,0.7
2020-01-16,0.06,0.71,0.7
2020-01-17,0.14,0.71,0.69
2020-01-18,0.28,0.7,0.69
2020-01-19,0.19,0.7,0.68
2020-01-20,0.41,0.7,0.68
2020-01-21,0.49,0.7,0.68
2020-01-22,0.25,0.7,0.68
2020-01-23,0.29,0.7,0.68
2020-01-24,0.12,0.7,0.68
2020-01-25,0.04,0.69,0.67
2020-01-26,0.0,0.69,0.67
2020-01-27,0.0,0.68,0.67
2020-01-28,0.0,0.68,0.66
2020-01-29,0.0,0.68,0.66
2020-01-30,0.0,0.68,0.66
2020-01-31,1.31,0.68,0.66
2020-02-01,2.8,0.68,0.66
2020-02-02,3.68,0.69,0.66
2020-02-03,0.96,0.68,0.66
2020-02-04,0.86,0.67,0.66
2020-02-05,0.02,0.67,0.66
2020-02-06,0.03,0.66,0.65
2020-02-07,0.03,0.66,0.65
2020-02-08,0.04,0.65,0.64
2020-02-09,0.04,0.65,0.64
2020-02-10,16.3,0.72,0.66
2020-02-11,15.3,0.74,0.68
2020-02-12,0.01,0.69,0.68
2020-02-13,0.29,0.68,0.67
2020-02-14,1.16,0.68,0.66
2020-02-15,1.12,0.67,0.66
2020-02-16,0.81,0.67,0.65
2020-02-17,3.15,0.67,0.65
2020-02-18,2.19,0.67,0.65
2020-02-19,5.49,0.68,0.65
2020-02-20,0.9,0.67,0.65
2020-02-21,4.51,0.68,0.65
2020-02-22,1.83,0.68,0.66
2020-02-23,1.33,0.68,0.66
2020-02-24,0.63,0.67,0.66
2020-02-25,2.22,0.67,0.65
2020-02-26,1.03,0.67,0.65
2020-02-27,1.88,0.66,0.65
2020-02-28,5.38,0.68,0.65
2020-02-29,2.96,0.67,0.65
2020-03-01,2.75,0.67,0.65
2020-03-02,4.24,0.68,0.65
2020-03-03,3.77,0.68,0.65
2020-03-04,3.88,0.69,0.66
2020-03-05,8.82,0.71,0.66
2020-03-06,6.9,0.71,0.67
2020-03-07,7.83,0.71,0.67
2020-03-08,3.9,0.7,0.67
2020-03-09,25.12,0.75,0.68
2020-03-10,51.29,0.86,0.76
2020-03-11,5.96,0.78,0.76
2020-03-12,12.56,0.78,0.75
2020-03-13,10.33,0.77,0.74
2020-03-14,15.12,0.79,0.74
2020-03-15,28.35,0.82,0.77
2020-03-16,2.12,0.77,0.76
2020-03-17,7.29,0.77,0.75
2020-03-18,2.35,0.76,0.74
2020-03-19,1.24,0.75,0.74
2020-03-20,0.83,0.74,0.73
2020-03-21,3.44,0.75,0.73
2020-03-22,12.55,0.78,0.73
2020-03-23,12.08,0.79,0.75
2020-03-24,16.29,0.8,0.76
2020-03-25,51.35,0.88,0.82
2020-03-26,4.31,0.81,0.81
2020-03-27,1.09,0.79,0.79
2020-03-28,0.67,0.78,0.77
2020-03-29,1.11,0.78,0.77
2020-03-30,1.46,0.78,0.76
2020-03-31,1.88,0.78,0.76
2020-04-01,8.1,0.8,0.77
2020-04-02,5.83,0.79,0.77
2020-04-03,7.0,0.8,0.77
2020-04-04,9.45,0.8,0.77
2020-04-05,4.26,0.79,0.78
2020-04-06,8.47,0.8,0.77
2020-04-07,8.66,0.81,0.78
2020-04-08,8.06,0.81,0.78
2020-04-09,9.02,0.81,0.79
2020-04-10,6.95,0.81,0.79
2020-04-11,1.83,0.79,0.78
2020-04-12,1.31,0.79,0.78
2020-04-13,0.39,0.78,0.77
2020-04-14,0.88,0.78,0.76
2020-04-15,1.92,0.78,0.76
2020-04-16,0.51,0.77,0.75
2020-04-17,1.0,0.77,0.75
2020-04-18,0.88,0.77,0.75
2020-04-19,0.75,0.77,0.75
2020-04-20,0.79,0.77,0.75
2020-04-21,0.65,0.76,0.75
2020-04-22,0.51,0.76,0.74
2020-04-23,3.4,0.76,0.74
2020-04-24,4.57,0.77,0.75
2020-04-25,0.59,0.76,0.74
2020-04-26,26.22,0.82,0.75
2020-04-27,8.7,0.8,0.78
2020-04-28,3.36,0.79,0.77
2020-04-29,5.32,0.79,0.77
2020-04-30,5.66,0.79,0.77
2020-05-01,2.27,0.78,0.76
2020-05-02,5.1,0.78,0.76
2020-05-03,19.17,0.82,0.77
2020-05-04,10.91,0.81,0.78
2020-05-05,7.35,0.8,0.78
2020-05-06,1.52,0.79,0.78
2020-05-07,2.17,0.79,0.77
2020-05-08,3.46,0.78,0.77
2020-05-09,2.96,0.78,0.77
2020-05-10,1.32,0.78,0.76
2020-05-11,13.82,0.81,0.77
2020-05-12,1.12,0.79,0.77
2020-05-13,1.5,0.78,0.76
2020-05-14,0.61,0.77,0.76
2020-05-15,1.87,0.77,0.75
2020-05-16,5.61,0.78,0.75
2020-05-17,7.69,0.79,0.76
2020-05-18,12.13,0.81,0.77
2020-05-19,4.16,0.79,0.77
2020-05-20,4.39,0.79,0.77
2020-05-21,13.34,0.81,0.77
2020-05-22,4.6,0.79,0.77
2020-05-23,6.88,0.79,0.77
2020-05-24,9.91,0.8,0.77
2020-05-25,18.9,0.82,0.78
2020-05-26,14.56,0.83,0.8
2020-05-27,2.31,0.8,0.79
2020-05-28,3.33,0.8,0.78
2020-05-29,5.79,0.8,0.78
2020-05-30,8.25,0.8,0.78
2020-05-31,15.65,0.83,0.8
2020-06-01,0.91,0.8,0.8
2020-06-02,1.82,0.8,0.79
2020-06-03,1.59,0.8,0.78
2020-06-04,2.69,0.8,0.78
2020-06-05,13.2,0.82,0.78
2020-06-06,23.24,0.85,0.81
2020-06-07,7.33,0.83,0.82
2020-06-08,7.0,0.82,0.81
2020-06-09,19.34,0.84,0.82
2020-06-10,82.03,0.93,0.87
2020-06-11,25.54,0.9,0.91
2020-06-12,8.56,0.88,0.9
2020-06-13,54.73,0.92,0.91
2020-06-14,90.64,0.94,0.94
2020-06-15,9.55,0.92,0.96
2020-06-16,4.93,0.91,0.94
2020-06-17,8.2,0.91,0.94
2020-06-18,5.11,0.91,0.94
2020-06-19,4.01,0.91,0.93
2020-06-20,3.17,0.9,0.93
2020-06-21,9.4,0.9,0.93
2020-06-22,6.01,0.9,0.93
2020-06-23,5.84,0.9,0.93
2020-06-24,7.46,0.9,0.93
2020-06-25,3.69,0.89,0.92
2020-06-26,2.71,0.89,0.92
2020-06-27,2.53,0.88,0.91
2020-06-28,1.39,0.88,0.91
2020-06-29,2.85,0.88,0.9
2020-06-30,4.04,0.88,0.9
2020-07-01,1.25,0.87,0.9
2020-07-02,7.13,0.87,0.89
2020-07-03,10.84,0.88,0.9
2020-07-04,7.76,0.88,0.9
2020-07-05,0.37,0.87,0.89
2020-07-06,0.35,0.86,0.88
2020-07-07,1.3,0.86,0.88
2020-07-08,1.89,0.85,0.87
2020-07-09,1.76,0.85,0.87
2020-07-10,1.14,0.85,0.86
2020-07-11,0.95,0.85,0.86
2020-07-12,0.98,0.84,0.85
2020-07-13,0.8,0.84,0.85
2020-07-14,0.78,0.84,0.85
2020-07-15,0.42,0.83,0.84
2020-07-16,0.11,0.83,0.83
2020-07-17,2.18,0.83,0.83
2020-07-18,4.51,0.83,0.83
2020-07-19,6.6,0.84,0.83
2020-07-20,2.12,0.83,0.83
2020-07-21,2.02,0.83,0.83
2020-07-22,2.07,0.82,0.82
2020-07-23,1.72,0.82,0.82
2020-07-24,2.07,0.82,0.81
2020-07-25,5.86,0.82,0.81
2020-07-26,1.45,0.82,0.81
2020-07-27,4.71,0.82,0.81
2020-07-28,3.95,0.82,0.81
2020-07-29,9.86,0.83,0.81
2020-07-30,7.16,0.83,0.81
2020-07-31,4.41,0.82,0.81
2020-08-01,5.96,0.82,0.81
2020-08-02,1.14,0.81,0.81
2020-08-03,0.22,0.8,0.8
2020-08-04,0.04,0.8,0.79
2020-08-05,0.07,0.79,0.79
2020-08-06,0.07,0.79,0.78
2020-08-07,0.52,0.79,0.78
2020-08-08,1.24,0.79,0.77
2020-08-09,0.07,0.78,0.77
2020-08-10,0.12,0.78,0.76
2020-08-11,0.06,0.78,0.76
2020-08-12,0.02,0.77,0.76
2020-08-13,0.02,0.77,0.75
2020-08-14,1.31,0.76,0.74
2020-08-15,5.17,0.77,0.74
2020-08-16,0.99,0.76,0.74
2020-08-17,2.12,0.76,0.74
2020-08-18,4.4,0.76,0.74
2020-08-19,1.78,0.76,0.74
2020-08-20,1.28,0.75,0.73
2020-08-21,1.11,0.75,0.73
2020-08-22,3.87,0.75,0.73
2020-08-23,3.66,0.76,0.73
2020-08-24,0.77,0.74,0.73
2020-08-25,0.78,0.74,0.72
2020-08-26,1.29,0.74,0.72
2020-08-27,4.68,0.74,0.72
2020-08-28,5.58,0.75,0.72
2020-08-29,2.81,0.74,0.72
2020-08-30,3.63,0.74,0.72
2020-08-31,3.08,0.74,0.72
2020-09-01,1.23,0.73,0.71
2020-09-02,3.02,0.73,0.71
2020-09-03,19.52,0.78,0.72
2020-09-04,12.48,0.78,0.74
2020-09-05,8.4,0.77,0.74
2020-09-06,13.17,0.78,0.74
2020-09-07,9.15,0.78,0.75
2020-09-08,25.86,0.83,0.77
2020-09-09,13.15,0.81,0.78
2020-09-10,7.59,0.8,0.77
2020-09-11,6.61,0.79,0.77
2020-09-12,15.41,0.8,0.77
2020-09-13,14.42,0.82,0.78
2020-09-14,7.07,0.8,0.79
2020-09-15,6.56,0.8,0.78
2020-09-16,11.04,0.81,0.78
2020-09-17,11.47,0.82,0.79
2020-09-18,4.22,0.8,0.79
2020-09-19,8.38,0.8,0.78
2020-09-20,28.39,0.85,0.81
2020-09-21,11.95,0.83,0.81
2020-09-22,13.75,0.84,0.81
2020-09-23,18.88,0.85,0.82
2020-09-24,13.58,0.85,0.83
2020-09-25,6.18,0.83,0.83
2020-09-26,10.79,0.84,0.83
2020-09-27,52.0,0.9,0.87
2020-09-28,12.43,0.87,0.87
2020-09-29,23.46,0.88,0.88
2020-09-30,18.72,0.88,0.89
2020-10-01,9.95,0.88,0.89
2020-10-02,12.07,0.88,0.89
2020-10-03,7.24,0.87,0.89
2020-10-04,4.12,0.87,0.89
2020-10-05,7.33,0.87,0.88
2020-10-06,11.62,0.88,0.89
2020-10-07,9.66,0.87,0.89
2020-10-08,19.18,0.89,0.9
2020-10-09,28.44,0.9,0.91
2020-10-10,8.95,0.89,0.91
2020-10-11,42.37,0.92,0.93
2020-10-12,25.73,0.93,0.95
2020-10-13,13.55,0.92,0.95
2020-10-14,13.38,0.92,0.94
2020-10-15,19.52,0.92,0.95
2020-10-16,16.37,0.92,0.95
2020-10-17,11.78,0.92,0.95
2020-10-18,27.17,0.93,0.95
2020-10-19,7.22,0.93,0.96
2020-10-20,9.73,0.92,0.95
2020-10-21,8.6,0.93,0.95
2020-10-22,7.94,0.92,0.95
2020-10-23,8.11,0.92,0.95
2020-10-24,4.77,0.91,0.95
2020-10-25,6.27,0.91,0.94
2020-10-26,8.29,0.91,0.94
2020-10-27,9.03,0.91,0.94
2020-10-28,16.05,0.92,0.94
2020-10-29,2.45,0.91,0.95
2020-10-30,2.37,0.91,0.94
2020-10-31,2.03,0.9,0.93
2020-11-01,2.13,0.9,0.93
2020-11-02,5.15,0.89,0.92
2020-11-03,5.87,0.89,0.92
2020-11-04,5.45,0.89,0.92
2020-11-05,9.98,0.89,0.92
2020-11-06,9.7,0.9,0.92
2020-11-07,4.16,0.89,0.92
2020-11-08,5.84,0.89,0.92
2020-11-09,6.41,0.89,0.92
2020-11-10,14.49,0.9,0.92
2020-11-11,14.29,0.9,0.93
2020-11-12,9.1,0.9,0.93
2020-11-13,7.45,0.9,0.93
2020-11-14,4.66,0.9,0.93
2020-11-15,6.05,0.9,0.92
2020-11-16,7.75,0.9,0.92
2020-11-17,5.38,0.89,0.92
2020-11-18,4.14,0.89,0.92
2020-11-19,4.47,0.89,0.91
2020-11-20,6.26,0.89,0.91
2020-11-21,18.79,0.9,0.92
2020-11-22,10.16,0.9,0.93
2020-11-23,1.34,0.89,0.92
2020-11-24,2.52,0.89,0.92
2020-11-25,2.15,0.88,0.91
2020-11-26,1.33,0.88,0.91
2020-11-27,0.11,0.88,0.91
2020-11-28,0.18,0.87,0.9
2020-11-29,0.32,0.87,0.89
2020-11-30,0.31,0.86,0.88
2020-12-01,0.55,0.86,0.88
2020-12-02,1.41,0.86,0.88
2020-12-03,0.26,0.85,0.87
2020-12-04,0.36,0.85,0.86
2020-12-05,0.52,0.85,0.86
2020-12-06,0.69,0.84,0.85
2020-12-07,2.25,0.84,0.85
2020-12-08,4.42,0.84,0.85
2020-12-09,3.45,0.84,0.84
2020-12-10,3.46,0.84,0.84
2020-12-11,1.65,0.83,0.84
2020-12-12,5.43,0.84,0.84
2020-12-13,7.09,0.84,0.84
2020-12-14,7.67,0.84,0.84
2020-12-15,5.53,0.84,0.84
2020-12-16,5.37,0.84,0.84
2020-12-17,7.5,0.85,0.84
2020-12-18,1.89,0.84,0.84
2020-12-19,2.82,0.83,0.83
2020-12-20,2.4,0.83,0.83
2020-12-21,2.26,0.83,0.83
2020-12-22,2.04,0.83,0.82
2020-12-23,2.07,0.82,0.82
2020-12-24,1.41,0.82,0.82
2020-12-25,1.74,0.82,0.81
2020-12-26,1.6,0.82,0.81
2020-12-27,0.0,0.81,0.81
2020-12-28,0.0,0.81,0.8
2020-12-29,0.0,0.81,0.8
2020-12-30,0.0,0.81,0.8
2020-12-31,0.0,0.8,0.79
2021-01-01,9.05,0.82,0.8
2021-01-02,8.17,0.82,0.8
2021-01-03,4.65,0.82,0.8
2021-01-04,5.72,0.82,0.8
2021-01-05,15.7,0.84,0.81
2021-01-06,2.19,0.82,0.81
2021-01-07,0.54,0.81,0.81
2021-01-08,0.57,0.81,0.8
2021-01-09,1.28,0.81,0.8
2021-01-10,1.07,0.8,0.79
2021-01-11,3.8,0.81,0.79
2021-01-12,1.59,0.81,0.79
2021-01-13,3.04,0.81,0.79
2021-01-14,1.77,0.8,0.79
2021-01-15,2.22,0.8,0.79
2021-01-16,1.07,0.8,0.79
2021-01-17,0.31,0.79,0.78
2021-01-18,0.64,0.79,0.78
2021-01-19,0.95,0.79,0.78
2021-01-20,0.79,0.79,0.77
2021-01-21,0.0,0.78,0.77
2021-01-22,0.0,0.78,0.76
2021-01-23,0.0,0.77,0.76
2021-01-24,0.0,0.77,0.76
2021-01-25,0.0,0.77,0.75
2021-01-26,0.0,0.76,0.75
2021-01-27,0.0,0.76,0.74
2021-01-28,0.0,0.76,0.74
2021-01-29,0.0,0.75,0.73
2021-01-30,0.0,0.75,0.73
2021-01-31,0.1,0.75,0.73
2021-02-01,0.04,0.75,0.73
2021-02-02,0.02,0.74,0.73
2021-02-03,0.02,0.74,0.72
2021-02-04,0.02,0.74,0.72
2021-02-05,2.13,0.74,0.72
2021-02-06,3.03,0.74,0.72
2021-02-07,0.9,0.73,0.72
2021-02-08,3.81,0.74,0.71
2021-02-09,1.27,0.74,0.72
2021-02-10,1.33,0.73,0.71
2021-02-11,1.3,0.73,0.71
2021-02-12,0.7,0.73,0.71
2021-02-13,2.25,0.72,0.7
2021-02-14,2.83,0.73,0.7
2021-02-15,18.14,0.78,0.72
2021-02-16,19.14,0.8,0.74
2021-02-17,4.54,0.77,0.75
2021-02-18,23.83,0.8,0.75
2021-02-19,2.95,0.78,0.76
2021-02-20,0.0,0.76,0.74
2021-02-21,0.0,0.75,0.73
2021-02-22,0.0,0.75,0.73
2021-02-23,0.0,0.74,0.72
2021-02-24,0.0,0.73,0.72
2021-02-25,3.78,0.74,0.72
2021-02-26,3.91,0.75,0.72
2021-02-27,3.3,0.74,0.72
2021-02-28,4.75,0.75,0.72
2021-03-01,2.09,0.75,0.72
2021-03-02,0.25,0.74,0.72
2021-03-03,1.04,0.73,0.71
2021-03-04,1.33,0.74,0.71
2021-03-05,1.41,0.73,0.71
2021-03-06,1.3,0.73,0.71
2021-03-07,0.9,0.72,0.71
2021-03-08,1.63,0.73,0.7
2021-03-09,4.26,0.74,0.71
2021-03-10,6.07,0.74,0.71
2021-03-11,15.74,0.78,0.73
2021-03-12,0.67,0.74,0.73
2021-03-13,1.37,0.74,0.72
2021-03-14,1.12,0.73,0.71
2021-03-15,2.51,0.73,0.71
2021-03-16,1.18,0.72,0.71
2021-03-17,16.39,0.77,0.72
2021-03-18,4.88,0.76,0.73
2021-03-19,0.77,0.73,0.72
2021-03-20,0.9,0.72,0.71
2021-03-21,5.16,0.73,0.71
2021-03-22,0.91,0.73,0.71
2021-03-23,0.93,0.72,0.7
2021-03-24,1.56,0.72,0.7
2021-03-25,0.46,0.72,0.7
2021-03-26,0.48,0.71,0.69
2021-03-27,11.44,0.74,0.69
2021-03-28,17.79,0.77,0.72
2021-03-29,12.14,0.78,0.73
2021-03-30,7.65,0.77,0.73
2021-03-31,6.15,0.76,0.73
2021-04-01,4.37,0.76,0.73
2021-04-02,11.7,0.78,0.73
2021-04-03,7.99,0.77,0.74
2021-04-04,9.35,0.77,0.74
2021-04-05,17.56,0.8,0.75
2021-04-06,4.41,0.78,0.76
2021-04-07,2.8,0.77,0.75
2021-04-08,4.62,0.77,0.75
2021-04-09,13.79,0.79,0.75
2021-04-10,2.91,0.78,0.76
2021-04-11,0.33,0.76,0.75
2021-04-12,0.81,0.76,0.74
2021-04-13,0.89,0.76,0.74
2021-04-14,3.8,0.77,0.74
2021-04-15,0.11,0.76,0.74
2021-04-16,7.82,0.77,0.74
2021-04-17,22.08,0.83,0.76
2021-04-18,3.57,0.78,0.77
2021-04-19,22.81,0.83,0.78
2021-04-20,2.1,0.79,0.77
2021-04-21,3.42,0.79,0.77
2021-04-22,1.49,0.78,0.76
2021-04-23,3.58,0.78,0.76
2021-04-24,8.59,0.8,0.76
2021-04-25,6.83,0.8,0.77
2021-04-26,2.16,0.78,0.77
2021-04-27,3.87,0.78,0.76
2021-04-28,3.17,0.78,0.76
2021-04-29,1.57,0.78,0.76
2021-04-30,2.29,0.78,0.76
2021-05-01,0.8,0.77,0.76
2021-05-02,2.01,0.77,0.75
2021-05-03,2.47,0.78,0.75
2021-05-04,1.04,0.77,0.75
2021-05-05,1.97,0.77,0.74
2021-05-06,1.02,0.76,0.74
2021-05-07,0.53,0.76,0.74
2021-05-08,2.18,0.76,0.74
2021-05-09,1.55,0.76,0.73
2021-05-10,1.73,0.76,0.73
2021-05-11,0.45,0.75,0.73
2021-05-12,0.16,0.74,0.73
2021-05-13,0.48,0.74,0.72
2021-05-14,1.21,0.74,0.71
2021-05-15,1.19,0.74,0.71
2021-05-16,13.14,0.77,0.72
2021-05-17,6.15,0.77,0.74
2021-05-18,14.81,0.79,0.74
2021-05-19,7.22,0.79,0.75
2021-05-20,1.58,0.77,0.75
2021-05-21,0.24,0.76,0.74
2021-05-22,0.53,0.76,0.73
2021-05-23,0.36,0.75,0.73
2021-05-24,0.84,0.75,0.72
2021-05-25,0.32,0.74,0.72
2021-05-26,2.58,0.75,0.72
2021-05-27,2.88,0.74,0.72
2021-05-28,4.87,0.75,0.72
2021-05-29,1.66,0.74,0.72
2021-05-30,3.2,0.74,0.72
2021-05-31,7.99,0.76,0.72
2021-06-01,1.47,0.75,0.72
2021-06-02,2.15,0.74,0.72
2021-06-03,3.44,0.75,0.72
2021-06-04,4.52,0.75,0.72
2021-06-05,5.95,0.76,0.72
2021-06-06,10.5,0.77,0.73
2021-06-07,4.42,0.76,0.73
2021-06-08,2.56,0.75,0.72
2021-06-09,5.32,0.75,0.72
2021-06-10,13.84,0.79,0.73
2021-06-11,2.9,0.77,0.74
2021-06-12,1.18,0.75,0.73
2021-06-13,7.52,0.77,0.73
2021-06-14,9.5,0.78,0.74
2021-06-15,9.22,0.78,0.74
2021-06-16,3.61,0.77,0.75
2021-06-17,1.96,0.76,0.74
2021-06-18,3.54,0.76,0.73
2021-06-19,9.26,0.77,0.73
2021-06-20,27.76,0.83,0.76
2021-06-21,7.65,0.79,0.77
2021-06-22,49.88,0.84,0.77
2021-06-23,162.08,0.95,0.89
2021-06-24,24.75,0.89,0.9
2021-06-25,13.02,0.87,0.88
2021-06-26,5.06,0.86,0.87
2021-06-27,19.09,0.87,0.87
2021-06-28,1.97,0.86,0.88
2021-06-29,2.48,0.86,0.87
2021-06-30,19.48,0.88,0.88
2021-07-01,13.82,0.88,0.89
2021-07-02,15.47,0.89,0.9
2021-07-03,12.32,0.88,0.9
2021-07-04,23.82,0.9,0.91
2021-07-05,28.36,0.92,0.94
2021-07-06,6.7,0.9,0.94
2021-07-07,8.23,0.9,0.93
2021-07-08,16.4,0.91,0.94
2021-07-09,10.49,0.91,0.94
2021-07-10,0.29,0.9,0.93
2021-07-11,0.28,0.89,0.92
2021-07-12,0.67,0.88,0.91
2021-07-13,1.03,0.88,0.91
2021-07-14,1.6,0.87,0.9
2021-07-15,2.21,0.87,0.9
2021-07-16,13.47,0.88,0.9
2021-07-17,13.07,0.89,0.91
2021-07-18,1.77,0.88,0.91
2021-07-19,2.87,0.88,0.9
2021-07-20,0.38,0.87,0.9
2021-07-21,0.3,0.86,0.89
2021-07-22,0.44,0.86,0.88
2021-07-23,0.33,0.85,0.87
2021-07-24,0.1,0.85,0.86
2021-07-25,0.88,0.85,0.86
2021-07-26,1.48,0.84,0.85
2021-07-27,1.0,0.84,0.85
2021-07-28,0.55,0.83,0.84
2021-07-29,0.9,0.83,0.84
2021-07-30,6.45,0.84,0.83
2021-07-31,15.31,0.85,0.84
2021-08-01,8.91,0.85,0.85
2021-08-02,2.09,0.84,0.85
2021-08-03,1.42,0.83,0.84
2021-08-04,2.23,0.83,0.83
2021-08-05,3.03,0.83,0.83
2021-08-06,0.56,0.82,0.82
2021-08-07,0.55,0.82,0.82
2021-08-08,2.86,0.82,0.81
2021-08-09,6.92,0.83,0.82
2021-08-10,4.17,0.82,0.82
2021-08-11,6.76,0.83,0.81
2021-08-12,5.42,0.83,0.82
2021-08-13,1.9,0.82,0.82
2021-08-14,0.03,0.81,0.81
2021-08-15,0.06,0.81,0.8
2021-08-16,0.02,0.8,0.79
2021-08-17,0.04,0.8,0.79
2021-08-18,0.06,0.79,0.78
2021-08-19,1.43,0.79,0.78
2021-08-20,12.92,0.81,0.78
2021-08-21,16.0,0.84,0.8
2021-08-22,15.0,0.84,0.82
2021-08-23,5.51,0.82,0.81
2021-08-24,12.3,0.83,0.81
2021-08-25,45.67,0.9,0.86
2021-08-26,3.79,0.85,0.85
2021-08-27,3.37,0.84,0.84
2021-08-28,5.05,0.84,0.84
2021-08-29,33.18,0.89,0.86
2021-08-30,8.85,0.86,0.87
2021-08-31,4.86,0.85,0.86
2021-09-01,9.42,0.85,0.86
2021-09-02,9.01,0.86,0.86
2021-09-03,9.22,0.86,0.87
2021-09-04,6.4,0.86,0.87
2021-09-05,14.01,0.87,0.88
2021-09-06,4.5,0.86,0.87
2021-09-07,2.9,0.85,0.87
2021-09-08,4.49,0.85,0.86
2021-09-09,37.82,0.89,0.87
2021-09-10,10.25,0.88,0.9
2021-09-11,2.64,0.87,0.89
2021-09-12,9.65,0.87,0.88
2021-09-13,9.1,0.87,0.89
2021-09-14,14.72,0.88,0.89
2021-09-15,25.64,0.9,0.91
2021-09-16,5.91,0.88,0.91
2021-09-17,9.31,0.89,0.91
2021-09-18,2.94,0.88,0.91
2021-09-19,1.42,0.87,0.9
2021-09-20,3.28,0.87,0.89
2021-09-21,12.59,0.88,0.9
2021-09-22,1.84,0.87,0.9
2021-09-23,3.96,0.87,0.89
2021-09-24,7.63,0.87,0.89
2021-09-25,12.08,0.88,0.89
2021-09-26,45.28,0.92,0.92
2021-09-27,16.2,0.91,0.94
2021-09-28,8.03,0.9,0.93
2021-09-29,5.3,0.9,0.93
2021-09-30,3.89,0.9,0.93
2021-10-01,5.24,0.89,0.92
2021-10-02,8.18,0.89,0.92
2021-10-03,4.58,0.89,0.92
2021-10-04,2.19,0.88,0.91
2021-10-05,3.26,0.88,0.91
2021-10-06,4.48,0.88,0.9
2021-10-07,4.36,0.88,0.9
2021-10-08,1.89,0.87,0.9
2021-10-09,4.61,0.87,0.89
2021-10-10,6.11,0.87,0.89
2021-10-11,5.38,0.87,0.89
2021-10-12,7.31,0.87,0.89
2021-10-13,1.04,0.87,0.89
2021-10-14,1.29,0.86,0.88
2021-10-15,1.63,0.86,0.88
2021-10-16,1.65,0.86,0.87
2021-10-17,1.07,0.85,0.87
2021-10-18,2.41,0.85,0.86
2021-10-19,2.85,0.85,0.86
2021-10-20,2.94,0.85,0.86
2021-10-21,6.92,0.85,0.86
2021-10-22,65.57,0.92,0.89
2021-10-23,14.29,0.9,0.93
2021-10-24,5.85,0.89,0.91
2021-10-25,45.02,0.92,0.92
2021-10-26,14.95,0.91,0.94
2021-10-27,10.98,0.91,0.95
2021-10-28,9.27,0.91,0.94
2021-10-29,11.92,0.91,0.95
2021-10-30,1.79,0.91,0.94
2021-10-31,2.62,0.91,0.94
2021-11-01,1.22,0.9,0.93
2021-11-02,2.93,0.9,0.93
2021-11-03,4.94,0.9,0.92
2021-11-04,3.65,0.89,0.92
2021-11-05,8.95,0.89,0.92
2021-11-06,6.85,0.89,0.92
2021-11-07,4.6,0.89,0.92
2021-11-08,7.55,0.89,0.91
2021-11-09,21.43,0.91,0.92
2021-11-10,17.57,0.91,0.94
2021-11-11,11.57,0.91,0.94
2021-11-12,5.89,0.91,0.94
2021-11-13,5.81,0.9,0.94
2021-11-14,3.06,0.9,0.93
2021-11-15,0.78,0.9,0.93
2021-11-16,4.15,0.9,0.93
2021-11-17,3.78,0.89,0.92
2021-11-18,6.46,0.89,0.92
2021-11-19,2.96,0.89,0.92
2021-11-20,4.25,0.89,0.92
2021-11-21,7.1,0.89,0.91
2021-11-22,0.75,0.88,0.91
2021-11-23,0.87,0.88,0.9
2021-11-24,0.41,0.87,0.9
2021-11-25,0.54,0.87,0.89
2021-11-26,0.27,0.86,0.89
2021-11-27,3.96,0.87,0.89
2021-11-28,3.25,0.87,0.89
2021-11-29,4.82,0.87,0.88
2021-11-30,1.53,0.86,0.88
2021-12-01,2.63,0.86,0.88
2021-12-02,0.0,0.85,0.87
2021-12-03,0.0,0.85,0.87
2021-12-04,0.0,0.85,0.86
2021-12-05,0.0,0.84,0.85
2021-12-06,0.0,0.84,0.85
2021-12-07,2.67,0.84,0.85
2021-12-08,3.14,0.84,0.84
2021-12-09,2.13,0.84,0.84
2021-12-10,4.14,0.84,0.84
2021-12-11,6.34,0.84,0.84
2021-12-12,0.59,0.83,0.84
2021-12-13,0.63,0.83,0.83
2021-12-14,0.84,0.82,0.82
2021-12-15,0.42,0.82,0.82
2021-12-16,1.38,0.82,0.81
2021-12-17,2.47,0.82,0.81
2021-12-18,3.29,0.82,0.81
2021-12-19,3.05,0.81,0.81
2021-12-20,1.44,0.81,0.8
2021-12-21,1.59,0.81,0.8
2021-12-22,0.31,0.8,0.79
2021-12-23,0.57,0.8,0.79
2021-12-24,1.62,0.8,0.79
2021-12-25,1.68,0.8,0.78
2021-12-26,1.13,0.8,0.78
2021-12-27,2.79,0.8,0.78
2021-12-28,1.64,0.8,0.78
2021-12-29,0.87,0.79,0.78
2021-12-30,2.66,0.79,0.78
2021-12-31,3.24,0.8,0.78
2022-01-01,16.22,0.83,0.79
2022-01-02,7.05,0.82,0.8
2022-01-03,6.84,0.81,0.8
2022-01-04,10.64,0.82,0.8
2022-01-05,3.26,0.81,0.79
2022-01-06,0.0,0.8,0.79
2022-01-07,0.0,0.79,0.78
2022-01-08,0.0,0.79,0.78
2022-01-09,0.0,0.79,0.78
2022-01-10,0.0,0.79,0.77
2022-01-11,4.99,0.8,0.78
2022-01-12,5.57,0.8,0.78
2022-01-13,27.69,0.85,0.8
2022-01-14,27.1,0.86,0.83
2022-01-15,0.36,0.83,0.83
2022-01-16,0.0,0.82,0.82
2022-01-17,0.0,0.81,0.81
2022-01-18,0.0,0.81,0.8
2022-01-19,0.0,0.8,0.8
2022-01-20,0.0,0.8,0.79
2022-01-21,0.0,0.8,0.79
2022-01-22,0.0,0.79,0.78
2022-01-23,0.0,0.79,0.78
2022-01-24,0.0,0.79,0.78
2022-01-25,0.0,0.78,0.77
2022-01-26,0.0,0.78,0.77
2022-01-27,0.0,0.78,0.76
2022-01-28,0.0,0.77,0.76
2022-01-29,0.0,0.77,0.76
2022-01-30,0.0,0.77,0.75
2022-01-31,0.06,0.77,0.75
2022-02-01,0.04,0.76,0.75
2022-02-02,0.08,0.76,0.74
2022-02-03,0.1,0.75,0.74
2022-02-04,0.22,0.75,0.73
2022-02-05,0.17,0.75,0.73
2022-02-06,0.3,0.75,0.73
2022-02-07,0.51,0.75,0.73
2022-02-08,0.39,0.75,0.73
2022-02-09,0.23,0.74,0.73
2022-02-10,1.14,0.74,0.72
2022-02-11,1.67,0.74,0.72
2022-02-12,3.87,0.75,0.72
2022-02-13,3.9,0.75,0.72
2022-02-14,2.0,0.75,0.73
2022-02-15,0.01,0.74,0.72
2022-02-16,0.0,0.73,0.72
2022-02-17,0.01,0.73,0.71
2022-02-18,0.01,0.73,0.71
2022-02-19,0.0,0.72,0.71
2022-02-20,4.57,0.74,0.71
2022-02-21,5.81,0.75,0.71
2022-02-22,12.11,0.77,0.72
2022-02-23,3.25,0.75,0.73
2022-02-24,2.06,0.74,0.72
2022-02-25,1.5,0.73,0.71
2022-02-26,3.65,0.74,0.71
2022-02-27,27.47,0.8,0.73
2022-02-28,0.59,0.76,0.75
2022-03-01,0.39,0.74,0.73
2022-03-02,12.62,0.78,0.73
2022-03-03,2.0,0.75,0.73
2022-03-04,13.9,0.78,0.73
2022-03-05,16.1,0.8,0.75
2022-03-06,5.22,0.78,0.76
2022-03-07,0.59,0.76,0.74
2022-03-08,0.9,0.75,0.73
2022-03-09,2.57,0.75,0.73
2022-03-10,2.09,0.75,0.73
2022-03-11,0.61,0.74,0.73
2022-03-12,7.76,0.76,0.72
2022-03-13,8.33,0.77,0.73
2022-03-14,21.12,0.8,0.74
2022-03-15,4.18,0.78,0.76
2022-03-16,3.06,0.77,0.75
2022-03-17,0.87,0.76,0.74
2022-03-18,3.12,0.76,0.74
2022-03-19,5.77,0.77,0.74
2022-03-20,1.15,0.76,0.74
2022-03-21,0.13,0.75,0.73
2022-03-22,1.09,0.74,0.72
2022-03-23,1.56,0.74,0.72
2022-03-24,2.4,0.75,0.72
2022-03-25,3.48,0.75,0.72
2022-03-26,5.01,0.75,0.72
2022-03-27,1.31,0.74,0.72
2022-03-28,1.11,0.74,0.72
2022-03-29,2.39,0.74,0.72
2022-03-30,2.85,0.74,0.72
2022-03-31,4.06,0.75,0.72
2022-04-01,0.68,0.74,0.72
2022-04-02,1.47,0.74,0.72
2022-04-03,0.12,0.73,0.71
2022-04-04,0.3,0.72,0.7
2022-04-05,0.1,0.72,0.7
2022-04-06,6.97,0.74,0.7
2022-04-07,6.14,0.75,0.71
2022-04-08,5.17,0.74,0.71
2022-04-09,6.75,0.75,0.71
2022-04-10,4.66,0.75,0.72
2022-04-11,0.94,0.73,0.71
2022-04-12,2.78,0.73,0.71
2022-04-13,4.61,0.74,0.71
2022-04-14,1.2,0.73,0.71
2022-04-15,5.03,0.74,0.71
2022-04-16,4.21,0.73,0.71
2022-04-17,4.56,0.74,0.71
2022-04-18,13.17,0.77,0.72
2022-04-19,1.86,0.74,0.72
2022-04-20,1.04,0.73,0.71
2022-04-21,6.16,0.74,0.71
2022-04-22,1.39,0.73,0.71
2022-04-23,0.59,0.72,0.7
2022-04-24,12.1,0.75,0.7
2022-04-25,3.93,0.74,0.71
2022-04-26,2.17,0.73,0.71
2022-04-27,0.67,0.72,0.7
2022-04-28,1.96,0.72,0.7
2022-04-29,0.38,0.71,0.69
2022-04-30,1.21,0.71,0.69
2022-05-01,8.31,0.74,0.7
2022-05-02,5.21,0.74,0.7
2022-05-03,1.94,0.72,0.7
2022-05-04,2.97,0.72,0.7
2022-05-05,7.3,0.74,0.7
2022-05-06,6.19,0.74,0.7
2022-05-07,0.42,0.72,0.7
2022-05-08,9.02,0.74,0.7
2022-05-09,3.58,0.73,0.71
2022-05-10,9.68,0.75,0.71
2022-05-11,12.37,0.77,0.72
2022-05-12,5.15,0.75,0.72
2022-05-13,4.96,0.75,0.72
2022-05-14,14.92,0.78,0.73
2022-05-15,10.68,0.78,0.74
2022-05-16,15.78,0.8,0.75
2022-05-17,15.72,0.79,0.75
2022-05-18,25.37,0.82,0.77
2022-05-19,23.62,0.84,0.79
2022-05-20,49.85,0.88,0.82
2022-05-21,4.52,0.83,0.83
2022-05-22,11.75,0.83,0.82
2022-05-23,48.16,0.87,0.82
2022-05-24,102.46,0.94,0.92
2022-05-25,4.9,0.87,0.9
2022-05-26,1.51,0.86,0.88
2022-05-27,1.25,0.85,0.87
2022-05-28,0.7,0.85,0.86
2022-05-29,1.46,0.84,0.85
2022-05-30,1.33,0.84,0.85
2022-05-31,3.01,0.84,0.85
2022-06-01,2.18,0.84,0.84
2022-06-02,1.51,0.83,0.84
2022-06-03,4.94,0.84,0.84
2022-06-04,2.58,0.84,0.84
2022-06-05,7.33,0.84,0.84
2022-06-06,15.35,0.86,0.85
2022-06-07,1.04,0.84,0.85
2022-06-08,1.02,0.83,0.84
2022-06-09,7.2,0.84,0.84
2022-06-10,10.76,0.85,0.84
2022-06-11,9.29,0.85,0.85
2022-06-12,1.66,0.84,0.84
2022-06-13,2.6,0.83,0.84
2022-06-14,2.39,0.83,0.83
2022-06-15,44.31,0.89,0.85
2022-06-16,66.82,0.94,0.92
2022-06-17,22.36,0.92,0.94
2022-06-18,1.1,0.89,0.93
2022-06-19,1.33,0.88,0.91
2022-06-20,13.68,0.89,0.91
2022-06-21,10.27,0.89,0.92
2022-06-22,36.16,0.92,0.93
2022-06-23,30.21,0.93,0.95
2022-06-24,10.03,0.92,0.95
2022-06-25,16.04,0.92,0.95
2022-06-26,6.8,0.92,0.95
2022-06-27,4.39,0.92,0.95
2022-06-28,1.97,0.91,0.94
2022-06-29,3.69,0.91,0.94
2022-06-30,6.76,0.91,0.94
2022-07-01,5.96,0.9,0.93
2022-07-02,1.63,0.9,0.93
2022-07-03,1.94,0.89,0.93
2022-07-04,2.15,0.89,0.92
2022-07-05,6.56,0.89,0.91
2022-07-06,7.07,0.89,0.91
2022-07-07,14.32,0.9,0.91
2022-07-08,17.36,0.9,0.92
2022-07-09,31.82,0.92,0.94
2022-07-10,12.0,0.91,0.94
2022-07-11,18.63,0.92,0.94
2022-07-12,37.92,0.93,0.95
2022-07-13,23.99,0.93,0.96
2022-07-14,14.55,0.93,0.96
2022-07-15,2.5,0.92,0.96
2022-07-16,2.97,0.92,0.95
2022-07-17,2.2,0.91,0.95
2022-07-18,0.84,0.91,0.94
2022-07-19,0.18,0.9,0.93
2022-07-20,0.19,0.89,0.93
2022-07-21,0.12,0.89,0.92
2022-07-22,0.14,0.88,0.91
2022-07-23,0.08,0.87,0.9
2022-07-24,0.31,0.87,0.9
2022-07-25,0.37,0.86,0.89
2022-07-26,2.29,0.86,0.88
2022-07-27,4.7,0.86,0.88
2022-07-28,0.59,0.86,0.88
2022-07-29,0.18,0.85,0.87
2022-07-30,1.07,0.85,0.86
2022-07-31,3.37,0.85,0.86
2022-08-01,15.06,0.87,0.87
2022-08-02,1.03,0.85,0.86
2022-08-03,3.89,0.85,0.86
2022-08-04,0.71,0.84,0.85
2022-08-05,0.47,0.84,0.85
2022-08-06,0.15,0.83,0.84
2022-08-07,0.34,0.83,0.83
2022-08-08,0.55,0.82,0.83
2022-08-09,0.63,0.82,0.82
2022-08-10,0.95,0.82,0.82
2022-08-11,0.47,0.81,0.81
2022-08-12,0.82,0.81,0.81
2022-08-13,2.18,0.81,0.81
2022-08-14,17.92,0.84,0.81
2022-08-15,48.9,0.9,0.86
2022-08-16,3.15,0.85,0.86
2022-08-17,2.32,0.84,0.85
2022-08-18,3.19,0.84,0.85
2022-08-19,2.25,0.84,0.84
2022-08-20,3.13,0.84,0.84
2022-08-21,0.78,0.83,0.83
2022-08-22,2.84,0.83,0.83
2022-08-23,4.67,0.83,0.83
2022-08-24,0.17,0.82,0.82
2022-08-25,0.34,0.82,0.82
2022-08-26,1.96,0.82,0.81
2022-08-27,8.2,0.83,0.81
2022-08-28,3.41,0.82,0.82
2022-08-29,1.58,0.81,0.81
2022-08-30,0.72,0.81,0.8
2022-08-31,16.98,0.83,0.8
2022-09-01,14.28,0.85,0.83
2022-09-02,5.23,0.83,0.82
2022-09-03,10.94,0.84,0.82
2022-09-04,10.84,0.84,0.83
2022-09-05,23.43,0.86,0.83
2022-09-06,79.25,0.93,0.9
2022-09-07,4.49,0.87,0.9
2022-09-08,6.08,0.87,0.88
2022-09-09,9.79,0.87,0.88
2022-09-10,30.72,0.9,0.89
2022-09-11,11.37,0.88,0.9
2022-09-12,16.43,0.89,0.91
2022-09-13,98.88,0.95,0.94
2022-09-14,160.99,0.98,0.99
2022-09-15,91.0,0.98,0.99
2022-09-16,726.74,0.99,1.0
2022-09-17,120.04,0.99,1.0
2022-09-18,0.82,0.98,1.0
2022-09-19,0.99,0.97,0.99
2022-09-20,1.68,0.96,0.99
2022-09-21,2.81,0.95,0.98
2022-09-22,2.72,0.94,0.98
2022-09-23,128.0,0.97,0.99
2022-09-24,32.06,0.97,1.0
2022-09-25,24.7,0.97,1.0
2022-09-26,28.05,0.97,1.0
2022-09-27,6.64,0.97,0.99
2022-09-28,27.03,0.97,0.99
2022-09-29,8.73,0.97,1.0
2022-09-30,3.81,0.96,0.99
2022-10-01,6.56,0.95,0.98
2022-10-02,12.28,0.95,0.98
2022-10-03,3.97,0.94,0.98
2022-10-04,1.45,0.94,0.97
2022-10-05,2.93,0.93,0.97
2022-10-06,3.45,0.92,0.96
2022-10-07,8.53,0.92,0.96
2022-10-08,4.21,0.92,0.96
2022-10-09,5.65,0.92,0.95
2022-10-10,3.83,0.91,0.95
2022-10-11,7.94,0.91,0.95
2022-10-12,1.34,0.9,0.94
2022-10-13,1.72,0.9,0.94
2022-10-14,3.74,0.9,0.93
2022-10-15,3.88,0.9,0.93
2022-10-16,2.01,0.89,0.93
2022-10-17,3.43,0.89,0.92
2022-10-18,3.51,0.89,0.92
2022-10-19,4.22,0.88,0.91
2022-10-20,6.06,0.89,0.91
2022-10-21,2.82,0.88,0.91
2022-10-22,5.23,0.88,0.9
2022-10-23,2.51,0.88,0.9
2022-10-24,2.4,0.87,0.9
2022-10-25,2.54,0.87,0.89
2022-10-26,2.64,0.86,0.89
2022-10-27,2.57,0.86,0.88
2022-10-28,10.25,0.87,0.88
2022-10-29,4.38,0.86,0.88
2022-10-30,6.37,0.86,0.88
2022-10-31,13.55,0.88,0.88
2022-11-01,10.41,0.88,0.89
2022-11-02,3.77,0.87,0.89
2022-11-03,3.16,0.87,0.89
2022-11-04,2.92,0.87,0.88
2022-11-05,4.73,0.87,0.88
2022-11-06,3.67,0.86,0.88
2022-11-07,0.51,0.86,0.88
2022-11-08,1.32,0.86,0.87
2022-11-09,1.54,0.85,0.87
2022-11-10,3.56,0.85,0.87
2022-11-11,8.58,0.87,0.87
2022-11-12,3.13,0.86,0.87
2022-11-13,5.82,0.86,0.87
2022-11-14,3.64,0.86,0.87
2022-11-15,2.26,0.85,0.87
2022-11-16,0.96,0.85,0.86
2022-11-17,0.72,0.84,0.86
2022-11-18,2.38,0.84,0.85
2022-11-19,8.37,0.85,0.85
2022-11-20,7.32,0.85,0.85
2022-11-21,4.49,0.85,0.85
2022-11-22,2.61,0.84,0.85
2022-11-23,1.47,0.84,0.85
2022-11-24,2.65,0.84,0.84
2022-11-25,1.98,0.83,0.84
2022-11-26,1.36,0.83,0.83
2022-11-27,7.8,0.84,0.83
2022-11-28,7.35,0.84,0.84
2022-11-29,2.64,0.83,0.84
2022-11-30,3.22,0.83,0.83
2022-12-01,5.5,0.84,0.83
2022-12-02,2.46,0.83,0.83
2022-12-03,1.4,0.83,0.83
2022-12-04,0.34,0.82,0.82
2022-12-05,0.47,0.82,0.82
2022-12-06,1.47,0.82,0.81
2022-12-07,0.29,0.81,0.81
2022-12-08,0.24,0.81,0.8
2022-12-09,0.45,0.81,0.8
2022-12-10,0.32,0.8,0.79
2022-12-11,0.18,0.8,0.79
2022-12-12,0.04,0.8,0.79
2022-12-13,0.07,0.8,0.78
2022-12-14,0.04,0.79,0.78
2022-12-15,0.13,0.79,0.77
2022-12-16,0.17,0.79,0.77
2022-12-17,2.37,0.79,0.77
2022-12-18,2.09,0.78,0.77
2022-12-19,2.6,0.79,0.76
2022-12-20,1.61,0.78,0.76
2022-12-21,0.89,0.78,0.76
2022-12-22,0.0,0.77,0.76
2022-12-23,0.0,0.77,0.75
2022-12-24,0.0,0.76,0.74
2022-12-25,0.0,0.76,0.74
2022-12-26,0.0,0.75,0.74
2022-12-27,0.0,0.75,0.73
2022-12-28,0.0,0.75,0.73
2022-12-29,0.0,0.75,0.73
2022-12-30,0.0,0.74,0.72
2022-12-31,0.0,0.74,0.72
2023-01-01,0.0,0.73,0.72
2023-01-02,0.0,0.73,0.71
2023-01-03,0.0,0.72,0.71
2023-01-04,0.0,0.72,0.7
2023-01-05,0.0,0.72,0.7
2023-01-06,0.0,0.72,0.7
2023-01-07,0.0,0.71,0.7
2023-01-08,0.0,0.71,0.69
2023-01-09,0.0,0.72,0.69
2023-01-10,0.01,0.71,0.69
2023-01-11,0.32,0.71,0.69
2023-01-12,0.42,0.71,0.69
2023-01-13,0.41,0.71,0.69
2023-01-14,0.27,0.71,0.68
2023-01-15,0.22,0.7,0.68
2023-01-16,0.07,0.7,0.68
2023-01-17,0.08,0.69,0.67
2023-01-18,0.26,0.69,0.67
2023-01-19,0.23,0.69,0.67
2023-01-20,0.33,0.69,0.67
2023-01-21,0.37,0.69,0.67
2023-01-22,0.4,0.69,0.67
2023-01-23,0.48,0.69,0.67
2023-01-24,0.18,0.69,0.67
2023-01-25,0.44,0.69,0.67
2023-01-26,0.6,0.69,0.67
2023-01-27,0.32,0.68,0.67
2023-01-28,0.58,0.68,0.66
2023-01-29,0.93,0.68,0.66
2023-01-30,0.15,0.68,0.66
2023-01-31,11.16,0.71,0.67
2023-02-01,1.02,0.69,0.67
2023-02-02,3.36,0.69,0.67
2023-02-03,3.17,0.69,0.67
2023-02-04,15.34,0.74,0.68
2023-02-05,18.8,0.77,0.71
2023-02-06,0.3,0.71,0.7
2023-02-07,1.13,0.71,0.69
2023-02-08,0.61,0.7,0.68
2023-02-09,1.12,0.69,0.68
2023-02-10,0.54,0.69,0.67
2023-02-11,0.47,0.68,0.66
2023-02-12,1.37,0.68,0.66
2023-02-13,2.11,0.69,0.66
2023-02-14,3.0,0.69,0.66
2023-02-15,2.18,0.68,0.66
2023-02-16,2.92,0.68,0.66
2023-02-17,0.8,0.67,0.66
2023-02-18,0.87,0.67,0.65
2023-02-19,0.81,0.66,0.65
2023-02-20,1.94,0.67,0.65
2023-02-21,3.91,0.67,0.65
2023-02-22,12.53,0.71,0.66
2023-02-23,16.18,0.74,0.68
2023-02-24,11.9,0.75,0.7
2023-02-25,0.95,0.72,0.7
2023-02-26,0.67,0.7,0.69
2023-02-27,0.39,0.7,0.68
2023-02-28,1.58,0.7,0.67
2023-03-01,1.94,0.7,0.67
2023-03-02,8.51,0.72,0.68
2023-03-03,6.98,0.72,0.69
2023-03-04,6.41,0.73,0.69
2023-03-05,2.18,0.71,0.68
2023-03-06,6.76,0.72,0.68
2023-03-07,7.0,0.73,0.69
2023-03-08,2.36,0.7,0.68
2023-03-09,7.5,0.72,0.68
2023-03-10,8.3,0.73,0.69
2023-03-11,6.7,0.73,0.69
2023-03-12,1.41,0.71,0.69
2023-03-13,0.13,0.7,0.68
2023-03-14,1.06,0.69,0.67
2023-03-15,2.31,0.69,0.67
2023-03-16,0.88,0.68,0.67
2023-03-17,4.42,0.7,0.67
2023-03-18,3.46,0.7,0.67
2023-03-19,2.51,0.7,0.67
2023-03-20,2.31,0.69,0.67
2023-03-21,3.4,0.69,0.67
2023-03-22,6.9,0.71,0.67
2023-03-23,5.67,0.71,0.67
2023-03-24,7.96,0.72,0.68
2023-03-25,4.69,0.71,0.68
2023-03-26,4.69,0.7,0.68
2023-03-27,2.62,0.7,0.68
2023-03-28,1.31,0.69,0.67
2023-03-29,0.97,0.68,0.66
2023-03-30,2.09,0.69,0.66
2023-03-31,1.57,0.67,0.66
2023-04-01,0.27,0.67,0.65
2023-04-02,0.17,0.66,0.65
2023-04-03,0.45,0.66,0.64
2023-04-04,0.38,0.65,0.64
2023-04-05,0.38,0.65,0.64
2023-04-06,0.52,0.65,0.63
2023-04-07,0.59,0.64,0.63
2023-04-08,0.83,0.64,0.63
2023-04-09,1.39,0.65,0.63
2023-04-10,0.43,0.64,0.63
2023-04-11,1.49,0.64,0.62
2023-04-12,2.78,0.65,0.62
2023-04-13,1.82,0.64,0.62
2023-04-14,1.49,0.64,0.62
2023-04-15,2.56,0.65,0.63
2023-04-16,5.89,0.66,0.63
2023-04-17,9.13,0.69,0.64
2023-04-18,6.43,0.68,0.64
2023-04-19,7.53,0.69,0.65
2023-04-20,6.18,0.69,0.66
2023-04-21,1.44,0.67,0.65
2023-04-22,2.31,0.66,0.65
2023-04-23,3.62,0.67,0.64
2023-04-24,4.46,0.67,0.64
2023-04-25,1.39,0.66,0.64
2023-04-26,5.8,0.68,0.65
2023-04-27,6.72,0.67,0.64
2023-04-28,10.34,0.71,0.66
2023-04-29,1.99,0.67,0.65
2023-04-30,9.31,0.69,0.65
2023-05-01,3.76,0.7,0.66
2023-05-02,0.22,0.67,0.65
2023-05-03,0.59,0.66,0.64
2023-05-04,1.71,0.65,0.64
2023-05-05,0.92,0.65,0.63
2023-05-06,1.65,0.65,0.63
2023-05-07,1.3,0.65,0.63
2023-05-08,0.35,0.64,0.62
2023-05-09,0.88,0.63,0.62
2023-05-10,1.39,0.64,0.62
2023-05-11,12.45,0.67,0.62
2023-05-12,10.69,0.7,0.65
2023-05-13,29.1,0.76,0.67
2023-05-14,34.9,0.82,0.73
2023-05-15,17.34,0.78,0.74
2023-05-16,10.27,0.77,0.74
2023-05-17,0.99,0.73,0.71
2023-05-18,6.87,0.73,0.7
2023-05-19,32.53,0.76,0.7
2023-05-20,95.24,0.93,0.83
2023-05-21,5.9,0.82,0.83
2023-05-22,4.25,0.8,0.79
2023-05-23,11.49,0.8,0.77
2023-05-24,15.11,0.81,0.78
2023-05-25,14.26,0.81,0.78
2023-05-26,5.04,0.8,0.78
2023-05-27,8.63,0.8,0.77
2023-05-28,7.08,0.8,0.78
2023-05-29,8.6,0.8,0.78
2023-05-30,11.71,0.81,0.78
2023-05-31,26.91,0.85,0.8
2023-06-01,26.9,0.86,0.82
2023-06-02,29.24,0.87,0.84
2023-06-03,19.13,0.87,0.86
2023-06-04,6.8,0.84,0.85
2023-06-05,24.17,0.87,0.85
2023-06-06,64.33,0.92,0.89
2023-06-07,58.41,0.93,0.93
2023-06-08,28.2,0.92,0.93
2023-06-09,45.93,0.93,0.94
2023-06-10,99.96,0.96,0.96
2023-06-11,81.94,0.97,0.99
2023-06-12,5.58,0.95,0.99
2023-06-13,9.29,0.95,0.98
2023-06-14,6.77,0.94,0.98
2023-06-15,1.74,0.93,0.97
2023-06-16,3.3,0.93,0.96
2023-06-17,2.88,0.92,0.96
2023-06-18,6.34,0.92,0.95
2023-06-19,14.21,0.92,0.95
2023-06-20,53.82,0.95,0.97
2023-06-21,20.55,0.94,0.97
2023-06-22,28.27,0.95,0.98
2023-06-23,36.5,0.96,0.98
2023-06-24,27.73,0.96,0.99
2023-06-25,13.59,0.95,0.98
2023-06-26,7.44,0.95,0.98
2023-06-27,2.22,0.94,0.98
2023-06-28,4.58,0.94,0.97
2023-06-29,7.36,0.93,0.97
2023-06-30,4.03,0.93,0.96
2023-07-01,4.17,0.92,0.96
2023-07-02,6.66,0.92,0.96
2023-07-03,3.9,0.92,0.95
2023-07-04,1.25,0.91,0.95
2023-07-05,7.59,0.91,0.94
2023-07-06,14.5,0.91,0.95
2023-07-07,5.25,0.91,0.95
2023-07-08,11.9,0.91,0.94
2023-07-09,18.59,0.92,0.95
2023-07-10,4.98,0.91,0.95
2023-07-11,2.93,0.91,0.95
2023-07-12,4.6,0.91,0.94
2023-07-13,6.86,0.91,0.94
2023-07-14,3.81,0.9,0.94
2023-07-15,1.69,0.89,0.93
2023-07-16,2.14,0.89,0.92
2023-07-17,1.5,0.89,0.92
2023-07-18,2.17,0.88,0.92
2023-07-19,2.14,0.88,0.91
2023-07-20,8.08,0.89,0.91
2023-07-21,5.33,0.88,0.91
2023-07-22,4.89,0.88,0.91
2023-07-23,2.92,0.88,0.9
2023-07-24,2.86,0.87,0.9
2023-07-25,3.28,0.87,0.9
2023-07-26,4.37,0.87,0.89
2023-07-27,5.18,0.87,0.89
2023-07-28,6.48,0.87,0.89
2023-07-29,2.97,0.87,0.89
2023-07-30,12.55,0.88,0.89
2023-07-31,20.71,0.89,0.9
2023-08-01,16.22,0.89,0.91
2023-08-02,10.65,0.89,0.91
2023-08-03,6.18,0.88,0.91
2023-08-04,2.56,0.88,0.9
2023-08-05,4.24,0.88,0.9
2023-08-06,3.77,0.87,0.9
2023-08-07,3.96,0.87,0.89
2023-08-08,6.49,0.87,0.89
2023-08-09,5.4,0.87,0.89
2023-08-10,5.78,0.87,0.89
2023-08-11,1.91,0.86,0.88
2023-08-12,1.54,0.86,0.88
2023-08-13,1.76,0.86,0.87
2023-08-14,2.33,0.86,0.87
2023-08-15,0.9,0.85,0.86
2023-08-16,0.43,0.84,0.86
2023-08-17,18.73,0.87,0.86
2023-08-18,24.95,0.89,0.89
2023-08-19,1.91,0.86,0.88
2023-08-20,2.41,0.86,0.87
2023-08-21,3.78,0.86,0.87
2023-08-22,6.79,0.86,0.87
2023-08-23,1.81,0.85,0.86
2023-08-24,0.39,0.84,0.86
2023-08-25,0.52,0.84,0.85
2023-08-26,0.59,0.84,0.84
2023-08-27,2.0,0.84,0.84
2023-08-28,0.29,0.83,0.83
2023-08-29,6.46,0.83,0.83
2023-08-30,3.25,0.83,0.83
2023-08-31,3.38,0.83,0.83
2023-09-01,3.92,0.83,0.83
2023-09-02,5.09,0.83,0.83
2023-09-03,2.93,0.83,0.83
2023-09-04,1.15,0.82,0.82
2023-09-05,0.59,0.82,0.82
2023-09-06,1.09,0.81,0.81
2023-09-07,1.93,0.81,0.8
2023-09-08,5.96,0.82,0.8
2023-09-09,7.91,0.83,0.81
2023-09-10,3.27,0.82,0.81
2023-09-11,2.88,0.81,0.8
2023-09-12,8.28,0.82,0.8
2023-09-13,27.25,0.86,0.83
2023-09-14,1.72,0.82,0.83
2023-09-15,2.11,0.82,0.82
2023-09-16,2.04,0.81,0.81
2023-09-17,2.6,0.81,0.8
2023-09-18,14.65,0.84,0.81
2023-09-19,9.03,0.83,0.82
2023-09-20,9.22,0.83,0.82
2023-09-21,15.66,0.84,0.83
2023-09-22,47.45,0.89,0.86
2023-09-23,17.51,0.87,0.87
2023-09-24,54.86,0.92,0.9
2023-09-25,9.78,0.89,0.91
2023-09-26,5.9,0.88,0.9
2023-09-27,3.7,0.87,0.89
2023-09-28,6.6,0.87,0.89
2023-09-29,5.17,0.87,0.89
2023-09-30,4.98,0.87,0.88
2023-10-01,8.86,0.87,0.88
2023-10-02,13.03,0.88,0.89
2023-10-03,5.42,0.87,0.89
2023-10-04,1.12,0.86,0.88
2023-10-05,2.32,0.86,0.87
2023-10-06,4.91,0.86,0.87
2023-10-07,27.8,0.9,0.89
2023-10-08,13.11,0.89,0.9
2023-10-09,3.33,0.87,0.9
2023-10-10,14.14,0.89,0.9
2023-10-11,15.98,0.89,0.91
2023-10-12,3.52,0.88,0.91
2023-10-13,9.04,0.88,0.9
2023-10-14,5.15,0.88,0.9
2023-10-15,14.54,0.89,0.91
2023-10-16,11.61,0.89,0.91
2023-10-17,7.09,0.89,0.91
2023-10-18,1.76,0.88,0.91
2023-10-19,2.84,0.87,0.9
2023-10-20,2.96,0.87,0.9
2023-10-21,3.56,0.87,0.89
2023-10-22,2.78,0.87,0.89
2023-10-23,6.71,0.87,0.88
2023-10-24,8.25,0.87,0.89
2023-10-25,2.66,0.87,0.89
2023-10-26,1.27,0.86,0.88
2023-10-27,1.71,0.85,0.87
2023-10-28,0.93,0.85,0.87
2023-10-29,1.08,0.85,0.86
2023-10-30,2.18,0.84,0.85
2023-10-31,2.99,0.84,0.85
2023-11-01,1.68,0.84,0.85
2023-11-02,1.13,0.84,0.85
2023-11-03,1.89,0.84,0.84
2023-11-04,0.93,0.83,0.84
2023-11-05,1.25,0.83,0.83
2023-11-06,1.38,0.83,0.83
2023-11-07,6.59,0.83,0.83
2023-11-08,7.8,0.84,0.83
2023-11-09,8.39,0.84,0.84
2023-11-10,5.34,0.84,0.84
2023-11-11,1.75,0.83,0.83
2023-11-12,3.32,0.83,0.82
2023-11-13,1.78,0.82,0.82
2023-11-14,3.93,0.82,0.82
2023-11-15,2.86,0.82,0.81
2023-11-16,11.61,0.84,0.81
2023-11-17,1.46,0.82,0.82
2023-11-18,1.98,0.82,0.81
2023-11-19,2.22,0.82,0.81
2023-11-20,2.01,0.82,0.81
2023-11-21,1.0,0.81,0.8
2023-11-22,7.63,0.82,0.81
2023-11-23,3.35,0.82,0.81
2023-11-24,6.8,0.82,0.81
2023-11-25,9.28,0.83,0.82
2023-11-26,11.71,0.84,0.82
2023-11-27,2.53,0.83,0.83
2023-11-28,3.27,0.82,0.82
2023-11-29,2.79,0.82,0.81
2023-11-30,4.23,0.82,0.81
2023-12-01,2.83,0.82,0.81
2023-12-02,0.68,0.81,0.81
2023-12-03,0.37,0.81,0.8
2023-12-04,0.47,0.8,0.8
2023-12-05,1.03,0.8,0.79
2023-12-06,0.88,0.8,0.79
2023-12-07,1.41,0.8,0.78
2023-12-08,4.97,0.8,0.78
2023-12-09,2.31,0.8,0.78
2023-12-10,2.25,0.79,0.78
2023-12-11,4.73,0.8,0.78
2023-12-12,0.0,0.79,0.78
2023-12-13,0.0,0.78,0.77
2023-12-14,0.0,0.77,0.76
2023-12-15,0.0,0.77,0.76
2023-12-16,0.0,0.77,0.75
2023-12-17,0.0,0.77,0.75
2023-12-18,0.0,0.76,0.74
2023-12-19,0.0,0.76,0.74
2023-12-20,0.0,0.75,0.74
2023-12-21,0.0,0.75,0.73
2023-12-22,0.0,0.74,0.73
2023-12-23,0.0,0.74,0.72
2023-12-24,0.0,0.74,0.72
2023-12-25,0.0,0.73,0.71
2023-12-26,0.0,0.73,0.71
2023-12-27,0.36,0.72,0.71
2023-12-28,0.86,0.72,0.7
2023-12-29,1.41,0.72,0.7
2023-12-30,3.17,0.73,0.7
2023-12-31,1.37,0.72,0.7
2024-01-01,2.63,0.72,0.7
2024-01-02,3.35,0.73,0.7
2024-01-03,3.6,0.73,0.7
2024-01-04,3.75,0.73,0.7
2024-01-05,2.2,0.73,0.7
2024-01-06,2.72,0.72,0.7
2024-01-07,2.96,0.73,0.7
2024-01-08,9.84,0.75,0.7
2024-01-09,16.37,0.78,0.72
2024-01-10,4.6,0.76,0.73
2024-01-11,2.33,0.74,0.72
2024-01-12,2.22,0.74,0.72
2024-01-13,3.52,0.74,0.71
2024-01-14,3.32,0.73,0.71
2024-01-15,2.78,0.73,0.71
2024-01-16,0.86,0.72,0.7
2024-01-17,0.47,0.72,0.7
2024-01-18,0.45,0.71,0.69
2024-01-19,0.28,0.71,0.69
2024-01-20,0.08,0.7,0.68
2024-01-21,0.28,0.7,0.68
2024-01-22,0.4,0.7,0.68
2024-01-23,0.37,0.69,0.67
2024-01-24,0.3,0.69,0.67
2024-01-25,0.59,0.69,0.67
2024-01-26,0.0,0.68,0.67
2024-01-27,0.0,0.68,0.66
2024-01-28,0.0,0.67,0.66
2024-01-29,0.0,0.67,0.66
2024-01-30,0.0,0.67,0.65
2024-01-31,0.21,0.66,0.65
2024-02-01,0.44,0.67,0.65
2024-02-02,0.26,0.66,0.65
2024-02-03,0.26,0.67,0.65
2024-02-04,0.29,0.66,0.65
2024-02-05,0.0,0.66,0.65
2024-02-06,0.0,0.66,0.65
2024-02-07,0.0,0.66,0.64
2024-02-08,0.0,0.65,0.64
2024-02-09,0.0,0.65,0.64
2024-02-10,0.0,0.65,0.63
2024-02-11,0.0,0.64,0.63
2024-02-12,0.0,0.65,0.63
2024-02-13,0.0,0.64,0.63
2024-02-14,0.0,0.64,0.63
2024-02-15,0.49,0.64,0.62
2024-02-16,0.71,0.64,0.62
2024-02-17,0.55,0.64,0.62
2024-02-18,0.28,0.63,0.62
2024-02-19,0.53,0.63,0.62
2024-02-20,2.29,0.64,0.62
2024-02-21,3.78,0.65,0.62
2024-02-22,2.05,0.64,0.63
2024-02-23,1.56,0.64,0.62
2024-02-24,0.46,0.63,0.62
2024-02-25,0.57,0.62,0.61
2024-02-26,0.64,0.62,0.61
2024-02-27,0.84,0.62,0.61
2024-02-28,1.06,0.62,0.61
2024-02-29,0.87,0.61,0.61
2024-03-01,12.74,0.66,0.61
2024-03-02,8.95,0.68,0.64
2024-03-03,5.95,0.67,0.64
2024-03-04,0.11,0.64,0.64
2024-03-05,3.52,0.64,0.62
2024-03-06,2.36,0.64,0.62
2024-03-07,7.78,0.66,0.63
2024-03-08,1.95,0.64,0.63
2024-03-09,1.03,0.63,0.62
2024-03-10,1.06,0.62,0.62
2024-03-11,3.56,0.63,0.61
2024-03-12,1.67,0.63,0.61
2024-03-13,0.54,0.61,0.61
2024-03-14,0.88,0.61,0.61
2024-03-15,0.38,0.6,0.6
2024-03-16,0.41,0.59,0.6
2024-03-17,2.07,0.59,0.59
2024-03-18,4.83,0.61,0.59
2024-03-19,10.03,0.64,0.6
2024-03-20,2.79,0.63,0.61
2024-03-21,1.81,0.61,0.61
2024-03-22,36.15,0.73,0.64
2024-03-23,6.93,0.69,0.67
2024-03-24,3.17,0.67,0.66
2024-03-25,12.0,0.68,0.65
2024-03-26,3.42,0.67,0.65
2024-03-27,1.06,0.64,0.64
2024-03-28,2.94,0.64,0.63
2024-03-29,14.12,0.68,0.63
2024-03-30,1.62,0.66,0.64
2024-03-31,0.76,0.64,0.63
2024-04-01,0.69,0.63,0.62
2024-04-02,1.99,0.63,0.62
2024-04-03,2.25,0.63,0.62
2024-04-04,0.71,0.62,0.62
2024-04-05,3.16,0.63,0.61
2024-04-06,3.85,0.63,0.61
2024-04-07,2.75,0.62,0.61
2024-04-08,3.4,0.63,0.61
2024-04-09,2.64,0.63,0.61
2024-04-10,7.78,0.65,0.62
2024-04-11,2.62,0.64,0.63
2024-04-12,0.43,0.62,0.62
2024-04-13,1.2,0.61,0.61
2024-04-14,1.84,0.61,0.61
2024-04-15,2.72,0.61,0.6
2024-04-16,4.56,0.62,0.6
2024-04-17,4.37,0.63,0.61
2024-04-18,1.07,0.61,0.6
2024-04-19,5.37,0.63,0.6
2024-04-20,3.46,0.63,0.61
2024-04-21,8.93,0.65,0.61
2024-04-22,2.82,0.65,0.63
2024-04-23,6.02,0.64,0.62
2024-04-24,1.25,0.63,0.62
2024-04-25,1.21,0.61,0.61
2024-04-26,2.68,0.61,0.61
2024-04-27,1.99,0.61,0.61
2024-04-28,5.09,0.63,0.61
2024-04-29,3.26,0.62,0.61
2024-04-30,0.25,0.6,0.6
2024-05-01,7.73,0.62,0.6
2024-05-02,1.4,0.62,0.61
2024-05-03,0.69,0.6,0.6
2024-05-04,1.01,0.59,0.6
2024-05-05,2.27,0.6,0.59
2024-05-06,12.56,0.65,0.6
2024-05-07,2.36,0.62,0.61
2024-05-08,1.95,0.61,0.61
2024-05-09,2.08,0.61,0.6
2024-05-10,1.98,0.6,0.6
2024-05-11,2.91,0.61,0.6
2024-05-12,1.53,0.6,0.6
2024-05-13,3.23,0.61,0.6
2024-05-14,4.54,0.62,0.6
2024-05-15,7.01,0.63,0.6
2024-05-16,14.85,0.66,0.61
2024-05-17,9.92,0.68,0.64
2024-05-18,1.61,0.63,0.63
2024-05-19,1.89,0.62,0.62
2024-05-20,3.25,0.63,0.61
2024-05-21,7.98,0.66,0.62
2024-05-22,6.82,0.66,0.63
2024-05-23,4.15,0.66,0.63
2024-05-24,1.35,0.63,0.62
2024-05-25,5.96,0.64,0.62
2024-05-26,1.41,0.63,0.62
2024-05-27,0.62,0.61,0.61
2024-05-28,0.13,0.6,0.6
2024-05-29,0.47,0.59,0.6
2024-05-30,0.71,0.59,0.59
2024-05-31,11.96,0.63,0.59
2024-06-01,29.91,0.75,0.65
2024-06-02,5.72,0.69,0.66
2024-06-03,10.27,0.7,0.65
2024-06-04,0.51,0.67,0.65
2024-06-05,7.1,0.68,0.65
2024-06-06,10.24,0.7,0.65
2024-06-07,8.44,0.69,0.66
2024-06-08,4.5,0.68,0.65
2024-06-09,12.11,0.69,0.65
2024-06-10,15.64,0.73,0.67
2024-06-11,10.54,0.72,0.68
2024-06-12,7.84,0.71,0.68
2024-06-13,12.28,0.72,0.67
2024-06-14,6.74,0.71,0.68
2024-06-15,1.37,0.69,0.67
2024-06-16,13.38,0.72,0.67
2024-06-17,15.11,0.75,0.69
2024-06-18,2.64,0.7,0.68
2024-06-19,8.39,0.71,0.68
2024-06-20,8.66,0.72,0.68
2024-06-21,7.5,0.72,0.68
2024-06-22,7.39,0.72,0.68
2024-06-23,4.07,0.7,0.68
2024-06-24,11.8,0.73,0.68
2024-06-25,8.2,0.72,0.69
2024-06-26,5.3,0.72,0.69
2024-06-27,4.38,0.71,0.68
2024-06-28,5.67,0.71,0.68
2024-06-29,3.39,0.7,0.68
2024-06-30,1.35,0.69,0.67
2024-07-01,0.86,0.68,0.67
2024-07-02,0.2,0.68,0.66
2024-07-03,0.64,0.67,0.65
2024-07-04,0.09,0.66,0.65
2024-07-05,0.87,0.66,0.65
2024-07-06,5.89,0.68,0.64
2024-07-07,11.7,0.71,0.65
2024-07-08,7.61,0.7,0.66
2024-07-09,13.99,0.73,0.68
2024-07-10,1.31,0.7,0.68
2024-07-11,1.55,0.69,0.67
2024-07-12,3.28,0.69,0.67
2024-07-13,1.75,0.68,0.66
2024-07-14,1.3,0.68,0.66
2024-07-15,1.15,0.67,0.65
2024-07-16,1.56,0.67,0.65
2024-07-17,2.02,0.67,0.65
2024-07-18,2.46,0.67,0.65
2024-07-19,2.75,0.67,0.65
2024-07-20,2.61,0.67,0.65
2024-07-21,1.47,0.66,0.64
2024-07-22,1.76,0.66,0.64
2024-07-23,1.63,0.66,0.64
2024-07-24,2.02,0.65,0.64
2024-07-25,1.72,0.65,0.63
2024-07-26,1.57,0.65,0.63
2024-07-27,1.89,0.65,0.63
2024-07-28,1.81,0.65,0.63
2024-07-29,1.55,0.65,0.63
2024-07-30,2.6,0.65,0.63
2024-07-31,4.62,0.65,0.63
2024-08-01,9.58,0.68,0.64
2024-08-02,4.49,0.67,0.64
2024-08-03,3.41,0.67,0.64
2024-08-04,0.34,0.65,0.64
2024-08-05,0.42,0.64,0.63
2024-08-06,0.65,0.63,0.62
2024-08-07,0.6,0.63,0.62
2024-08-08,0.38,0.62,0.61
2024-08-09,2.3,0.62,0.61
2024-08-10,3.64,0.63,0.61
2024-08-11,1.94,0.62,0.61
2024-08-12,5.0,0.64,0.61
2024-08-13,5.11,0.65,0.62
2024-08-14,0.67,0.63,0.62
2024-08-15,0.54,0.62,0.61
2024-08-16,0.34,0.61,0.6
2024-08-17,1.18,0.61,0.6
2024-08-18,0.52,0.6,0.6
2024-08-19,0.64,0.6,0.59
2024-08-20,1.97,0.6,0.59
2024-08-21,2.14,0.61,0.59
2024-08-22,0.62,0.59,0.59
2024-08-23,3.36,0.6,0.59
2024-08-24,15.03,0.68,0.61
2024-08-25,0.86,0.62,0.61
2024-08-26,2.84,0.62,0.6
2024-08-27,4.49,0.63,0.6
2024-08-28,13.83,0.67,0.62
2024-08-29,2.61,0.64,0.62
2024-08-30,1.04,0.62,0.61
2024-08-31,1.34,0.61,0.61
2024-09-01,2.38,0.61,0.6
2024-09-02,0.86,0.6,0.6
2024-09-03,2.19,0.6,0.59
2024-09-04,2.0,0.6,0.59
2024-09-05,1.93,0.59,0.58
2024-09-06,1.32,0.58,0.58
2024-09-07,1.79,0.58,0.58
2024-09-08,6.03,0.6,0.57
2024-09-09,6.92,0.62,0.58
2024-09-10,8.16,0.63,0.59
2024-09-11,14.98,0.67,0.6
2024-09-12,11.29,0.68,0.62
2024-09-13,17.94,0.71,0.64
2024-09-14,8.43,0.67,0.64
2024-09-15,21.41,0.73,0.65
2024-09-16,23.49,0.75,0.67
2024-09-17,28.88,0.78,0.7
2024-09-18,10.88,0.74,0.71
2024-09-19,8.65,0.73,0.7
2024-09-20,6.55,0.72,0.69
2024-09-21,6.33,0.71,0.68
2024-09-22,6.84,0.71,0.68
2024-09-23,107.68,0.9,0.76
2024-09-24,59.54,0.89,0.84
2024-09-25,47.79,0.89,0.86
2024-09-26,81.71,0.92,0.89
2024-09-27,188.76,0.98,0.96
2024-09-28,8.93,0.9,0.95
2024-09-29,5.79,0.88,0.91
2024-09-30,6.84,0.87,0.89
2024-10-01,9.09,0.87,0.88
2024-10-02,7.72,0.86,0.87
2024-10-03,4.28,0.85,0.87
2024-10-04,5.62,0.85,0.86
2024-10-05,18.98,0.88,0.87
2024-10-06,7.44,0.86,0.88
2024-10-07,2.33,0.85,0.87
2024-10-08,1.89,0.85,0.86
2024-10-09,2.38,0.85,0.86
2024-10-10,6.39,0.85,0.86
2024-10-11,6.44,0.85,0.86
2024-10-12,3.85,0.84,0.85
2024-10-13,136.4,0.93,0.88
2024-10-14,21.49,0.91,0.92
2024-10-15,5.2,0.89,0.91
2024-10-16,36.56,0.91,0.91
2024-10-17,73.55,0.94,0.95
2024-10-18,124.43,0.97,0.97
2024-10-19,43.78,0.96,0.98
2024-10-20,55.04,0.96,0.98
2024-10-21,79.77,0.97,0.98
2024-10-22,137.18,0.98,0.99
2024-10-23,5.36,0.97,0.99
2024-10-24,5.54,0.97,0.98
2024-10-25,2.1,0.96,0.98
2024-10-26,2.62,0.95,0.97
2024-10-27,4.06,0.94,0.97
2024-10-28,8.81,0.94,0.97
2024-10-29,17.3,0.94,0.97
2024-10-30,12.47,0.94,0.97
2024-10-31,5.07,0.94,0.97
2024-11-01,4.01,0.93,0.96
2024-11-02,2.01,0.93,0.96
2024-11-03,1.43,0.92,0.95
2024-11-04,2.79,0.91,0.95
2024-11-05,1.61,0.91,0.94
2024-11-06,1.0,0.9,0.93
2024-11-07,3.01,0.9,0.93
2024-11-08,2.38,0.89,0.92
2024-11-09,2.41,0.89,0.92
2024-11-10,2.77,0.89,0.92
2024-11-11,1.31,0.88,0.91
2024-11-12,1.24,0.88,0.91
2024-11-13,1.09,0.87,0.9
2024-11-14,2.08,0.87,0.9
2024-11-15,2.15,0.87,0.9
2024-11-16,0.46,0.87,0.89
2024-11-17,5.29,0.87,0.89
2024-11-18,4.46,0.87,0.89
2024-11-19,2.37,0.86,0.88
2024-11-20,2.48,0.86,0.88
2024-11-21,1.82,0.85,0.87
2024-11-22,2.86,0.85,0.87
2024-11-23,2.11,0.85,0.87
2024-11-24,0.9,0.85,0.86
2024-11-25,3.15,0.85,0.86
2024-11-26,0.78,0.84,0.85
2024-11-27,0.78,0.84,0.85
2024-11-28,0.97,0.84,0.84
2024-11-29,1.71,0.83,0.84
2024-11-30,1.57,0.83,0.83
2024-12-01,0.94,0.83,0.83
2024-12-02,11.78,0.84,0.83
2024-12-03,15.24,0.86,0.85
2024-12-04,8.77,0.85,0.85
2024-12-05,4.53,0.84,0.85
2024-12-06,5.36,0.84,0.85
2024-12-07,0.9,0.83,0.84
2024-12-08,0.94,0.83,0.83
2024-12-09,0.65,0.83,0.83
2024-12-10,0.4,0.82,0.83
2024-12-11,0.23,0.82,0.82
2024-12-12,8.95,0.83,0.82
2024-12-13,9.34,0.84,0.83
2024-12-14,3.87,0.83,0.83
2024-12-15,2.37,0.82,0.82
2024-12-16,2.83,0.82,0.82
2024-12-17,0.19,0.81,0.81
2024-12-18,0.09,0.81,0.81
2024-12-19,0.15,0.81,0.8
2024-12-20,0.07,0.8,0.8
2024-12-21,0.01,0.8,0.79
2024-12-22,0.0,0.79,0.79
2024-12-23,0.0,0.79,0.78
2024-12-24,0.0,0.79,0.78
2024-12-25,0.0,0.78,0.77
2024-12-26,0.0,0.78,0.77
2024-12-27,1.49,0.78,0.77
2024-12-28,3.03,0.78,0.76
2024-12-29,2.3,0.78,0.76
2024-12-30,3.22,0.78,0.76
2024-12-31,6.27,0.79,0.76
2025-01-01,1.07,0.78,0.76
2025-01-02,0.88,0.78,0.76
2025-01-03,0.37,0.77,0.76
2025-01-04,0.45,0.77,0.75
2025-01-05,0.25,0.77,0.75
2025-01-06,0.0,0.77,0.75
2025-01-07,0.0,0.76,0.74
2025-01-08,0.0,0.76,0.74
2025-01-09,0.0,0.76,0.74
2025-01-10,0.0,0.75,0.74
2025-01-11,0.03,0.75,0.73
2025-01-12,0.06,0.75,0.73
2025-01-13,0.07,0.75,0.73
2025-01-14,0.03,0.74,0.72
2025-01-15,0.04,0.74,0.72
2025-01-16,2.43,0.74,0.72
2025-01-17,0.25,0.74,0.72
2025-01-18,0.08,0.73,0.72
2025-01-19,0.0,0.73,0.71
2025-01-20,0.07,0.73,0.71
2025-01-21,0.55,0.72,0.7
2025-01-22,0.45,0.72,0.7
2025-01-23,1.7,0.73,0.7
2025-01-24,1.77,0.73,0.7
2025-01-25,0.93,0.72,0.7
2025-01-26,2.47,0.73,0.7
2025-01-27,2.31,0.73,0.7
2025-01-28,0.95,0.72,0.7
2025-01-29,0.68,0.71,0.7
2025-01-30,1.08,0.72,0.69
2025-01-31,0.41,0.71,0.69
2025-02-01,0.24,0.71,0.69
2025-02-02,0.45,0.71,0.69
2025-02-03,0.18,0.7,0.69
2025-02-04,0.04,0.7,0.68
2025-02-05,1.26,0.7,0.68
2025-02-06,1.44,0.7,0.68
2025-02-07,1.87,0.7,0.68
2025-02-08,5.61,0.71,0.68
2025-02-09,2.53,0.71,0.68
2025-02-10,0.28,0.7,0.68
2025-02-11,0.96,0.7,0.68
2025-02-12,1.32,0.7,0.68
2025-02-13,1.17,0.7,0.68
2025-02-14,0.83,0.7,0.68
2025-02-15,0.94,0.7,0.68
2025-02-16,3.25,0.7,0.68
2025-02-17,4.09,0.71,0.68
2025-02-18,2.11,0.7,0.68
2025-02-19,4.69,0.71,0.68
2025-02-20,9.54,0.73,0.69
2025-02-21,3.35,0.72,0.69
2025-02-22,10.6,0.74,0.7
2025-02-23,9.93,0.74,0.7
2025-02-24,2.01,0.72,0.7
2025-02-25,0.62,0.7,0.69
2025-02-26,0.57,0.7,0.68
2025-02-27,0.66,0.7,0.68
2025-02-28,1.01,0.69,0.67
2025-03-01,2.14,0.69,0.67
2025-03-02,6.47,0.71,0.68
2025-03-03,5.32,0.72,0.69
2025-03-04,4.92,0.72,0.69
2025-03-05,4.4,0.72,0.69
2025-03-06,0.25,0.7,0.68
2025-03-07,0.16,0.69,0.68
2025-03-08,0.66,0.69,0.67
2025-03-09,0.19,0.68,0.67
2025-03-10,0.38,0.68,0.66
2025-03-11,0.57,0.68,0.66
2025-03-12,8.17,0.71,0.66
2025-03-13,1.56,0.69,0.67
2025-03-14,0.69,0.69,0.67
2025-03-15,0.83,0.68,0.66
2025-03-16,3.73,0.69,0.66
2025-03-17,0.88,0.68,0.66
2025-03-18,0.11,0.67,0.65
2025-03-19,0.98,0.66,0.65
2025-03-20,2.15,0.67,0.65
2025-03-21,0.11,0.66,0.65
2025-03-22,0.76,0.66,0.64
2025-03-23,1.25,0.66,0.64
2025-03-24,0.48,0.65,0.64
2025-03-25,1.51,0.65,0.63
2025-03-26,2.36,0.65,0.63
2025-03-27,3.03,0.66,0.63
2025-03-28,0.8,0.65,0.64
2025-03-29,0.51,0.64,0.63
2025-03-30,1.56,0.64,0.63
2025-03-31,1.59,0.64,0.63
2025-04-01,1.24,0.63,0.62
2025-04-02,1.15,0.63,0.62
2025-04-03,3.64,0.64,0.62
2025-04-04,0.27,0.63,0.62
2025-04-05,0.71,0.62,0.61
2025-04-06,0.54,0.62,0.61
2025-04-07,0.33,0.62,0.61
2025-04-08,0.32,0.61,0.61
2025-04-09,0.47,0.61,0.6
2025-04-10,0.27,0.61,0.6
2025-04-11,1.45,0.61,0.6
2025-04-12,2.74,0.62,0.6
2025-04-13,1.28,0.61,0.6
2025-04-14,1.35,0.61,0.6
2025-04-15,2.11,0.61,0.6
2025-04-16,2.16,0.61,0.6
2025-04-17,1.95,0.61,0.6
2025-04-18,1.75,0.61,0.6
2025-04-19,3.86,0.62,0.6
2025-04-20,1.56,0.61,0.6
2025-04-21,3.87,0.62,0.6
2025-04-22,2.78,0.61,0.6
2025-04-23,9.91,0.65,0.6
2025-04-24,9.55,0.66,0.62
2025-04-25,2.29,0.63,0.62
2025-04-26,11.15,0.67,0.62
2025-04-27,4.68,0.66,0.63
2025-04-28,5.33,0.66,0.63
2025-04-29,10.91,0.68,0.64
2025-04-30,9.28,0.7,0.65
2025-05-01,0.62,0.65,0.64
2025-05-02,0.08,0.64,0.63
2025-05-03,0.88,0.63,0.62
2025-05-04,0.68,0.63,0.62
2025-05-05,0.32,0.62,0.61
2025-05-06,0.2,0.62,0.61
2025-05-07,0.23,0.61,0.6
2025-05-08,0.3,0.61,0.6
2025-05-09,0.98,0.6,0.59
2025-05-10,0.22,0.6,0.59
2025-05-11,2.59,0.6,0.59
2025-05-12,5.78,0.62,0.59
2025-05-13,6.68,0.64,0.6
2025-05-14,3.12,0.63,0.6
2025-05-15,2.92,0.61,0.6
2025-05-16,1.39,0.61,0.59
2025-05-17,3.28,0.61,0.59
2025-05-18,1.84,0.61,0.59
2025-05-19,0.58,0.6,0.59
2025-05-20,0.8,0.59,0.59
2025-05-21,24.26,0.7,0.61
2025-05-22,9.14,0.67,0.63
2025-05-23,18.43,0.72,0.64
2025-05-24,7.0,0.69,0.65
2025-05-25,3.83,0.67,0.65
2025-05-26,1.91,0.66,0.64
2025-05-27,6.57,0.67,0.63
2025-05-28,8.42,0.68,0.64
2025-05-29,5.83,0.67,0.64
2025-05-30,10.68,0.7,0.65
2025-05-31,1.7,0.67,0.65
2025-06-01,4.9,0.66,0.64
2025-06-02,7.0,0.68,0.64
2025-06-03,8.7,0.68,0.64
2025-06-04,10.42,0.7,0.65
2025-06-05,7.34,0.69,0.65
2025-06-06,3.73,0.68,0.65
2025-06-07,5.71,0.68,0.65
2025-06-08,6.09,0.68,0.65
2025-06-09,8.67,0.7,0.66
2025-06-10,22.09,0.75,0.67
2025-06-11,51.25,0.82,0.71
2025-06-12,39.52,0.85,0.79
2025-06-13,12.59,0.79,0.78
2025-06-14,17.57,0.81,0.78
2025-06-15,5.23,0.77,0.76
2025-06-16,5.54,0.76,0.75
2025-06-17,7.45,0.76,0.74
2025-06-18,7.32,0.76,0.74
2025-06-19,5.71,0.76,0.74
2025-06-20,14.61,0.78,0.74
2025-06-21,8.53,0.77,0.75
2025-06-22,12.17,0.78,0.75
2025-06-23,6.1,0.77,0.75
2025-06-24,5.34,0.76,0.74
2025-06-25,26.06,0.81,0.76
2025-06-26,30.98,0.84,0.79
2025-06-27,37.62,0.86,0.82
2025-06-28,4.8,0.81,0.82
2025-06-29,10.73,0.81,0.8
2025-06-30,1.03,0.79,0.79
2025-07-01,0.57,0.78,0.78
2025-07-02,0.27,0.77,0.77
2025-07-03,3.22,0.77,0.76
2025-07-04,7.94,0.79,0.77
2025-07-05,1.07,0.77,0.77
2025-07-06,0.68,0.77,0.76
2025-07-07,1.25,0.76,0.76
2025-07-08,4.31,0.77,0.75
2025-07-09,2.46,0.77,0.75
2025-07-10,0.07,0.76,0.75
2025-07-11,0.22,0.75,0.74
2025-07-12,0.46,0.75,0.74
2025-07-13,0.52,0.75,0.74
2025-07-14,0.29,0.74,0.73
2025-07-15,0.92,0.74,0.73
2025-07-16,14.41,0.77,0.73
2025-07-17,31.56,0.82,0.77
2025-07-18,22.92,0.83,0.79
2025-07-19,2.76,0.79,0.79
2025-07-20,0.37,0.77,0.77
2025-07-21,1.29,0.77,0.76
2025-07-22,1.47,0.77,0.76
2025-07-23,3.85,0.77,0.76
2025-07-24,0.16,0.76,0.75
2025-07-25,0.02,0.75,0.75
2025-07-26,0.01,0.75,0.74
2025-07-27,0.02,0.74,0.73
2025-07-28,0.06,0.74,0.73
2025-07-29,0.2,0.74,0.72
2025-07-30,1.08,0.73,0.72
2025-07-31,0.69,0.73,0.72
2025-08-01,0.44,0.73,0.72
2025-08-02,0.47,0.73,0.71
2025-08-03,0.48,0.72,0.71
2025-08-04,0.85,0.72,0.71
2025-08-05,1.11,0.72,0.71
2025-08-06,0.3,0.72,0.7
2025-08-07,1.12,0.72,0.7
2025-08-08,0.4,0.71,0.7
2025-08-09,0.09,0.71,0.7
2025-08-10,0.2,0.7,0.69
2025-08-11,0.23,0.7,0.69
2025-08-12,0.08,0.7,0.68
2025-08-13,0.07,0.69,0.68
2025-08-14,0.44,0.69,0.68
2025-08-15,0.27,0.69,0.67
2025-08-16,0.52,0.68,0.67
2025-08-17,1.75,0.69,0.67
2025-08-18,1.86,0.69,0.67
2025-08-19,1.63,0.68,0.67
2025-08-20,0.75,0.68,0.66
2025-08-21,0.31,0.67,0.66
2025-08-22,0.17,0.66,0.65
2025-08-23,1.93,0.67,0.65
2025-08-24,1.67,0.67,0.65
2025-08-25,1.48,0.66,0.65
2025-08-26,1.78,0.66,0.64
2025-08-27,0.93,0.65,0.64
2025-08-28,1.15,0.65,0.64
2025-08-29,2.46,0.65,0.64
2025-08-30,2.52,0.66,0.64
2025-08-31,1.4,0.65,0.64
2025-09-01,0.47,0.64,0.63
2025-09-02,1.14,0.64,0.63
2025-09-03,1.85,0.64,0.62
2025-09-04,1.38,0.64,0.62
2025-09-05,0.43,0.63,0.62
2025-09-06,0.09,0.62,0.61
2025-09-07,1.94,0.62,0.61
2025-09-08,8.21,0.67,0.62
2025-09-09,1.58,0.64,0.62
2025-09-10,2.41,0.64,0.62
2025-09-11,1.69,0.63,0.62
2025-09-12,2.49,0.64,0.61
2025-09-13,1.99,0.63,0.61
2025-09-14,3.61,0.63,0.61
2025-09-15,2.91,0.64,0.61
2025-09-16,3.91,0.63,0.61
2025-09-17,21.24,0.71,0.63
2025-09-18,3.32,0.66,0.64
2025-09-19,5.77,0.67,0.64
2025-09-20,5.13,0.67,0.64
2025-09-21,3.36,0.66,0.63
2025-09-22,6.83,0.66,0.63
2025-09-23,3.48,0.66,0.63
2025-09-24,5.91,0.67,0.63
2025-09-25,2.83,0.65,0.63
2025-09-26,2.04,0.64,0.62
2025-09-27,2.02,0.63,0.62
2025-09-28,12.71,0.69,0.63
2025-09-29,0.91,0.64,0.63
2025-09-30,5.29,0.65,0.62
2025-10-01,12.71,0.69,0.64
2025-10-02,2.96,0.67,0.64
2025-10-03,3.2,0.65,0.63
2025-10-04,8.64,0.68,0.64
2025-10-05,7.38,0.67,0.64
2025-10-06,5.02,0.67,0.64
2025-10-07,2.9,0.66,0.64
2025-10-08,4.67,0.65,0.63
2025-10-09,26.82,0.76,0.67
2025-10-10,0.8,0.67,0.66
2025-10-11,2.06,0.66,0.65
2025-10-12,13.47,0.71,0.65
2025-10-13,2.67,0.67,0.66
2025-10-14,4.07,0.67,0.65
2025-10-15,5.84,0.68,0.65
2025-10-16,6.12,0.68,0.65
2025-10-17,3.09,0.67,0.65
2025-10-18,2.4,0.66,0.64
2025-10-19,2.26,0.65,0.63
2025-10-20,2.76,0.65,0.63
2025-10-21,3.07,0.65,0.63
2025-10-22,3.24,0.65,0.63
2025-10-23,2.5,0.64,0.62
2025-10-24,2.85,0.64,0.62
2025-10-25,2.18,0.64,0.62
2025-10-26,1.18,0.62,0.61
2025-10-27,2.28,0.62,0.6
2025-10-28,20.67,0.7,0.62
2025-10-29,34.64,0.75,0.65
2025-10-30,32.72,0.8,0.71
2025-10-31,41.04,0.82,0.74
2025-11-01,50.41,0.85,0.81
2025-11-02,0.44,0.77,0.78
2025-11-03,0.49,0.74,0.74
2025-11-04,0.46,0.72,0.71
2025-11-05,1.0,0.71,0.7
2025-11-06,1.5,0.7,0.68
2025-11-07,0.98,0.7,0.68
2025-11-08,0.79,0.69,0.67
2025-11-09,0.71,0.68,0.67
2025-11-10,1.27,0.68,0.66
2025-11-11,0.63,0.68,0.66
2025-11-12,20.28,0.74,0.67
2025-11-13,22.5,0.78,0.7
2025-11-14,14.19,0.77,0.72
2025-11-15,11.1,0.76,0.72
2025-11-16,13.95,0.77,0.72
2025-11-17,2.46,0.74,0.72
2025-11-18,2.4,0.73,0.71
2025-11-19,2.32,0.72,0.7
2025-11-20,4.26,0.73,0.7
2025-11-21,3.99,0.73,0.7
2025-11-22,0.84,0.72,0.7
2025-11-23,1.18,0.71,0.69
2025-11-24,0.92,0.7,0.68
2025-11-25,1.19,0.7,0.68
2025-11-26,0.83,0.69,0.67
2025-11-27,5.02,0.71,0.67
2025-11-28,5.76,0.72,0.68
2025-11-29,1.87,0.71,0.68
2025-11-30,0.33,0.7,0.68
2025-12-01,1.01,0.69,0.67
2025-12-02,3.23,0.7,0.67
2025-12-03,11.15,0.73,0.68
2025-12-04,1.54,0.71,0.68
2025-12-05,0.51,0.7,0.68
2025-12-06,1.13,0.69,0.67
2025-12-07,0.63,0.68,0.67
2025-12-08,1.76,0.69,0.66
2025-12-09,1.23,0.69,0.66
2025-12-10,0.38,0.68,0.66
2025-12-11,0.7,0.68,0.66
2025-12-12,3.09,0.69,0.66
2025-12-13,7.4,0.71,0.67
2025-12-14,2.37,0.7,0.67
2025-12-15,8.64,0.71,0.67
2025-12-16,4.19,0.71,0.68
2025-12-17,3.46,0.7,0.68
2025-12-18,7.32,0.7,0.67
2025-12-19,37.93,0.81,0.71
2025-12-20,28.1,0.81,0.75
2025-12-21,46.47,0.85,0.77
2025-12-22,1.31,0.79,0.78
2025-12-23,1.25,0.77,0.76
2025-12-24,1.82,0.76,0.74
2025-12-25,0.15,0.74,0.73
2025-12-26,2.0,0.74,0.72
2025-12-27,3.22,0.75,0.72
2025-12-28,3.8,0.75,0.73
2025-12-29,1.08,0.74,0.72
2025-12-30,0.71,0.73,0.72
2025-12-31,0.65,0.73,0.71
2026-01-01,21.73,0.79,0.72
2026-01-02,12.94,0.8,0.75
2026-01-03,2.79,0.77,0.75
2026-01-04,6.76,0.77,0.74
2026-01-05,7.63,0.77,0.74
2026-01-06,1.49,0.76,0.74
2026-01-07,1.13,0.75,0.73
2026-01-08,1.18,0.74,0.73
2026-01-09,0.33,0.74,0.72
2026-01-10,0.16,0.73,0.71
2026-01-11,0.02,0.73,0.71
2026-01-12,0.04,0.72,0.71
2026-01-13,0.05,0.72,0.7
2026-01-14,0.1,0.72,0.7
2026-01-15,0.15,0.72,0.7
2026-01-16,0.21,0.72,0.7
2026-01-17,0.31,0.72,0.7
2026-01-18,0.35,0.72,0.7
2026-01-19,0.66,0.72,0.7
2026-01-20,0.32,0.71,0.69
2026-01-21,3.73,0.72,0.69
2026-01-22,3.15,0.73,0.7
2026-01-23,0.63,0.71,0.7
2026-01-24,1.76,0.71,0.69
2026-01-25,0.82,0.71,0.69
2026-01-26,0.0,0.7,0.68
2026-01-27,0.0,0.7,0.68
2026-01-28,0.0,0.69,0.67
2026-01-29,0.0,0.69,0.67
2026-01-30,0.0,0.68,0.67
2026-01-31,0.3,0.68,0.66
2026-02-01,0.23,0.68,0.66
2026-02-02,0.29,0.67,0.66
2026-02-03,0.71,0.68,0.66
2026-02-04,0.03,0.67,0.66
2026-02-05,0.08,0.67,0.65
2026-02-06,0.1,0.67,0.65
2026-02-07,0.06,0.67,0.65
2026-02-08,0.08,0.67,0.65
2026-02-09,0.08,0.67,0.65
2026-02-10,1.91,0.67,0.65
2026-02-11,0.06,0.66,0.65
2026-02-12,0.55,0.66,0.64
2026-02-13,1.59,0.66,0.64
2026-02-14,1.45,0.66,0.64
2026-02-15,3.85,0.67,0.64
2026-02-16,1.09,0.66,0.64
2026-02-17,5.24,0.67,0.64
2026-02-18,1.53,0.66,0.65
2026-02-19,1.36,0.66,0.64
2026-02-20,0.32,0.65,0.64
2026-02-21,0.38,0.65,0.64
2026-02-22,0.72,0.64,0.63
2026-02-23,0.83,0.64,0.63
2026-02-24,1.14,0.64,0.63
2026-02-25,12.41,0.7,0.64
2026-02-26,6.15,0.68,0.65
2026-02-27,12.74,0.71,0.66
2026-02-28,2.93,0.69,0.67
2026-03-01,3.78,0.68,0.66
2026-03-02,2.19,0.68,0.66
2026-03-03,0.65,0.67,0.65
2026-03-04,3.58,0.67,0.65
2026-03-05,2.36,0.67,0.65
2026-03-06,1.72,0.66,0.64
2026-03-07,0.69,0.65,0.64
2026-03-08,0.61,0.64,0.63
2026-03-09,1.16,0.64,0.62
2026-03-10,1.76,0.64,0.62
2026-03-11,1.55,0.64,0.62
2026-03-12,2.03,0.64,0.62
2026-03-13,1.31,0.63,0.62
2026-03-14,5.33,0.64,0.62
2026-03-15,15.17,0.7,0.63
2026-03-16,16.96,0.73,0.66
2026-03-17,0.0,0.68,0.66
2026-03-18,0.0,0.66,0.65
2026-03-19,0.0,0.65,0.64
2026-03-20,0.0,0.64,0.63
2026-03-21,0.0,0.64,0.63
2026-03-22,22.06,0.73,0.65
2026-03-23,10.69,0.72,0.67
2026-03-24,6.72,0.7,0.67
2026-03-25,13.76,0.73,0.67
2026-03-26,1.96,0.69,0.68
2026-03-27,3.65,0.69,0.67
2026-03-28,2.88,0.68,0.66
2026-03-29,9.47,0.7,0.66
2026-03-30,4.78,0.7,0.67
2026-03-31,1.75,0.67,0.66
2026-04-01,0.0,0.66,0.65
2026-04-02,0.0,0.65,0.64
2026-04-03,0.0,0.64,0.63
2026-04-04,0.0,0.64,0.63
2026-04-05,0.0,0.63,0.62
2026-04-06,4.72,0.65,0.62
2026-04-07,4.79,0.66,0.63
2026-04-08,4.83,0.67,0.63
2026-04-09,0.67,0.65,0.64
2026-04-10,1.73,0.64,0.63
2026-04-11,2.49,0.64,0.62
2026-04-12,8.11,0.67,0.63
2026-04-13,9.27,0.69,0.64
2026-04-14,10.96,0.71,0.66
2026-04-15,0.46,0.67,0.65
2026-04-16,1.61,0.66,0.64
2026-04-17,2.89,0.66,0.63
2026-04-18,1.89,0.65,0.63
2026-04-19,2.14,0.64,0.63
2026-04-20,2.26,0.65,0.62
2026-04-21,1.91,0.64,0.62
2026-04-22,2.76,0.64,0.62
2026-04-23,2.65,0.64,0.62
2026-04-24,4.31,0.64,0.62
2026-04-25,1.71,0.64,0.62
2026-04-26,3.88,0.64,0.62
2026-04-27,4.87,0.65,0.62
2026-04-28,6.48,0.66,0.62
2026-04-29,8.22,0.68,0.63
2026-04-30,0.65,0.65,0.63
2026-05-01,0.41,0.64,0.62
2026-05-02,1.55,0.64,0.62
2026-05-03,1.79,0.64,0.62
2026-05-04,1.44,0.63,0.62
2026-05-05,1.06,0.62,0.61
2026-05-06,6.0,0.64,0.61
2026-05-07,2.57,0.64,0.61
2026-05-08,7.29,0.65,0.61
2026-05-09,3.67,0.66,0.62
2026-05-10,4.0,0.65,0.62
2026-05-11,6.8,0.66,0.62
2026-05-12,5.01,0.65,0.63
2026-05-13,4.18,0.65,0.62
2026-05-14,9.86,0.67,0.63
2026-05-15,20.33,0.71,0.64
2026-05-16,30.8,0.78,0.7
2026-05-17,7.88,0.72,0.69
2026-05-18,5.86,0.72,0.69
2026-05-19,2.32,0.69,0.67
2026-05-20,10.11,0.71,0.67
2026-05-21,9.82,0.71,0.67
2026-05-22,25.88,0.77,0.7
2026-05-23,28.29,0.79,0.72
2026-05-24,47.29,0.86,0.79
2026-05-25,26.27,0.82,0.79
2026-05-26,5.33,0.78,0.77
2026-05-27,5.93,0.78,0.76
2026-05-28,0.33,0.75,0.74
2026-05-29,0.56,0.74,0.73
2026-05-30,1.07,0.74,0.72
2026-05-31,13.48,0.77,0.73
2026-06-01,9.3,0.76,0.73
2026-06-02,18.28,0.8,0.75
2026-06-03,7.62,0.77,0.75
2026-06-04,7.58,0.78,0.75
2026-06-05,2.56,0.75,0.74
2026-06-06,9.96,0.78,0.74
2026-06-07,7.89,0.77,0.75
2026-06-08,6.1,0.77,0.75
2026-06-09,5.26,0.77,0.74
2026-06-10,4.7,0.76,0.74
2026-06-11,5.63,0.76,0.74
2026-06-12,5.64,0.77,0.74
2026-06-13,10.28,0.78,0.75
2026-06-14,3.1,0.77,0.75
2026-06-15,1.22,0.76,0.74
2026-06-16,3.85,0.76,0.74
2026-06-17,5.06,0.76,0.74
2026-06-18,7.56,0.77,0.74
2026-06-19,8.06,0.78,0.75
2026-06-20,24.56,0.82,0.76
2026-06-21,56.68,0.9,0.82
2026-06-22,12.07,0.84,0.84
2026-06-23,12.45,0.83,0.82
2026-06-24,5.78,0.82,0.82
2026-06-25,29.2,0.85,0.82
2026-06-26,49.04,0.9,0.86
2026-06-27,54.67,0.91,0.89
2026-06-28,50.66,0.93,0.93
2026-06-29,18.87,0.9,0.93
2026-06-30,2.27,0.88,0.91
2026-07-01,1.16,0.87,0.9
2026-07-02,2.35,0.87,0.89
2026-07-03,6.57,0.87,0.88
2026-07-04,7.66,0.87,0.88
2026-07-05,3.73,0.86,0.88
2026-07-06,4.2,0.86,0.88
2026-07-07,2.65,0.85,0.87
2026-07-08,2.58,0.85,0.87
2026-07-09,6.43,0.85,0.87
2026-07-10,1.54,0.85,0.86
2026-07-11,1.46,0.84,0.86
2026-07-12,3.93,0.84,0.85
2026-07-13,3.92,0.84,0.85
2026-07-14,6.14,0.85,0.85
2026-07-15,0.22,0.84,0.85
2026-07-16,0.02,0.83,0.84
2026-07-17,0.04,0.83,0.83
2026-07-18,0.1,0.82,0.83
2026-07-19,0.04,0.82,0.82
2026-07-20,0.35,0.81,0.82
2026-07-21,0.6,0.81,0.81
2026-07-22,1.02,0.81,0.81
2026-07-23,0.8,0.81,0.8
2026-07-24,2.09,0.81,0.8
2026-07-25,0.04,0.8,0.8
2026-07-26,0.29,0.8,0.79
2026-07-27,0.48,0.79,0.79
2026-07-28,0.14,0.79,0.78
2026-07-29,0.16,0.79,0.78
2026-07-30,0.97,0.79,0.78
2026-07-31,0.7,0.78,0.77
2026-08-01,1.97,0.58,0.56
2026-08-02,19.29,0.66,0.57
2026-08-03,2.31,0.63,0.58
2026-08-04,2.32,0.61,0.58
2026-08-05,3.69,0.61,0.57
2026-08-06,7.28,0.63,0.56
2026-08-07,7.28,0.64,0.57
2026-08-08,2.7,0.62,0.57
2026-08-09,2.2,0.61,0.57
2026-08-10,0.8,0.59,0.56
2026-08-11,2.06,0.58,0.56
2026-08-12,7.64,0.62,0.56
2026-08-13,6.25,0.63,0.57
2026-08-14,1.51,0.6,0.57
2026-08-15,2.61,0.6,0.56
2026-08-16,3.16,0.6,0.56
2026-08-17,5.29,0.61,0.56
2026-08-18,1.99,0.6,0.56
2026-08-19,6.53,0.62,0.56
2026-08-20,2.17,0.6,0.56
2026-08-21,1.34,0.59,0.56
2026-08-22,3.34,0.59,0.56
2026-08-23,1.56,0.59,0.56
2026-08-24,1.37,0.58,0.55
2026-08-25,3.31,0.58,0.55
2026-08-26,8.02,0.61,0.55
2026-08-27,4.71,0.61,0.56
2026-08-28,1.58,0.59,0.56
2026-08-29,2.56,0.58,0.55
2026-08-30,3.09,0.58,0.55
2026-08-31,2.07,0.57,0.55
2026-09-01,3.57,0.57,0.55
2026-09-02,2.1,0.58,0.55
2026-09-03,4.42,0.59,0.55
2026-09-04,2.63,0.59,0.55
2026-09-05,6.7,0.6,0.55
2026-09-06,10.66,0.63,0.56
2026-09-07,1.17,0.59,0.56
2026-09-08,1.74,0.58,0.55
2026-09-09,6.19,0.6,0.55
