date,precip_mm,surface_wetness,root_wetness
2016-01-01,0.02,0.43,0.43
2016-01-02,0.0,0.42,0.43
2016-01-03,0.0,0.42,0.43
2016-01-04,0.0,0.42,0.42
2016-01-05,0.0,0.41,0.42
2016-01-06,0.0,0.41,0.42
2016-01-07,0.0,0.4,0.42
2016-01-08,0.0,0.4,0.42
2016-01-09,0.0,0.39,0.42
2016-01-10,0.0,0.39,0.42
2016-01-11,0.0,0.4,0.42
2016-01-12,0.0,0.4,0.42
2016-01-13,0.0,0.4,0.42
2016-01-14,0.01,0.4,0.41
2016-01-15,0.01,0.4,0.41
2016-01-16,0.96,0.41,0.41
2016-01-17,0.64,0.41,0.42
2016-01-18,2.29,0.43,0.42
2016-01-19,0.61,0.43,0.42
2016-01-20,1.5,0.42,0.42
2016-01-21,2.24,0.45,0.42
2016-01-22,0.09,0.42,0.42
2016-01-23,0.0,0.4,0.42
2016-01-24,0.0,0.38,0.42
2016-01-25,0.24,0.39,0.41
2016-01-26,0.0,0.39,0.41
2016-01-27,0.0,0.39,0.41
2016-01-28,0.0,0.38,0.41
2016-01-29,0.0,0.38,0.41
2016-01-30,0.0,0.37,0.41
2016-01-31,0.0,0.38,0.41
2016-02-01,0.0,0.38,0.41
2016-02-02,0.0,0.37,0.41
2016-02-03,0.0,0.37,0.4
2016-02-04,0.0,0.37,0.4
2016-02-05,0.0,0.38,0.4
2016-02-06,0.0,0.37,0.4
2016-02-07,0.0,0.37,0.4
2016-02-08,0.0,0.37,0.4
2016-02-09,0.0,0.37,0.4
2016-02-10,0.0,0.36,0.4
2016-02-11,0.0,0.36,0.4
2016-02-12,0.0,0.36,0.4
2016-02-13,0.0,0.36,0.4
2016-02-14,0.0,0.36,0.4
2016-02-15,0.0,0.36,0.4
2016-02-16,0.0,0.37,0.4
2016-02-17,0.0,0.36,0.4
2016-02-18,0.0,0.36,0.4
2016-02-19,0.0,0.37,0.4
2016-02-20,0.07,0.37,0.4
2016-02-21,0.03,0.36,0.4
2016-02-22,0.23,0.36,0.4
2016-02-23,1.06,0.38,0.4
2016-02-24,0.03,0.38,0.4
2016-02-25,0.2,0.37,0.4
2016-02-26,0.24,0.37,0.4
2016-02-27,2.19,0.39,0.4
2016-02-28,2.08,0.4,0.4
2016-02-29,6.19,0.46,0.41
2016-03-01,5.34,0.49,0.42
2016-03-02,0.0,0.42,0.42
2016-03-03,0.0,0.39,0.41
2016-03-04,0.0,0.38,0.41
2016-03-05,0.0,0.38,0.41
2016-03-06,0.0,0.38,0.4
2016-03-07,2.23,0.4,0.4
2016-03-08,6.38,0.45,0.41
2016-03-09,3.94,0.48,0.42
2016-03-10,5.92,0.49,0.42
2016-03-11,7.75,0.5,0.43
2016-03-12,4.06,0.52,0.44
2016-03-13,4.06,0.48,0.44
2016-03-14,5.54,0.52,0.44
2016-03-15,1.09,0.47,0.44
2016-03-16,3.52,0.48,0.44
2016-03-17,14.14,0.58,0.45
2016-03-18,13.35,0.61,0.47
2016-03-19,6.82,0.58,0.49
2016-03-20,2.34,0.51,0.48
2016-03-21,8.97,0.55,0.48
2016-03-22,11.51,0.62,0.49
2016-03-23,8.68,0.58,0.5
2016-03-24,10.05,0.61,0.51
2016-03-25,2.16,0.56,0.51
2016-03-26,4.51,0.54,0.5
2016-03-27,1.19,0.51,0.49
2016-03-28,1.86,0.5,0.48
2016-03-29,1.76,0.49,0.47
2016-03-30,3.27,0.5,0.46
2016-03-31,1.21,0.5,0.46
2016-04-01,2.47,0.49,0.46
2016-04-02,1.89,0.48,0.45
2016-04-03,1.66,0.47,0.45
2016-04-04,4.47,0.49,0.44
2016-04-05,11.2,0.56,0.45
2016-04-06,5.44,0.56,0.47
2016-04-07,1.87,0.5,0.47
2016-04-08,2.99,0.51,0.46
2016-04-09,3.07,0.52,0.46
2016-04-10,7.74,0.55,0.47
2016-04-11,8.17,0.57,0.47
2016-04-12,3.27,0.55,0.48
2016-04-13,11.76,0.58,0.48
2016-04-14,7.57,0.58,0.49
2016-04-15,13.79,0.62,0.5
2016-04-16,4.65,0.58,0.51
2016-04-17,2.98,0.55,0.5
2016-04-18,6.29,0.57,0.5
2016-04-19,1.61,0.53,0.49
2016-04-20,1.83,0.51,0.48
2016-04-21,0.55,0.5,0.47
2016-04-22,0.03,0.48,0.47
2016-04-23,0.11,0.47,0.46
2016-04-24,0.27,0.46,0.45
2016-04-25,0.39,0.45,0.44
2016-04-26,2.1,0.46,0.43
2016-04-27,4.25,0.47,0.43
2016-04-28,7.96,0.54,0.44
2016-04-29,2.31,0.49,0.44
2016-04-30,2.1,0.46,0.44
2016-05-01,0.19,0.44,0.43
2016-05-02,1.5,0.44,0.43
2016-05-03,0.53,0.43,0.42
2016-05-04,0.2,0.42,0.42
2016-05-05,0.26,0.4,0.42
2016-05-06,3.58,0.43,0.41
2016-05-07,1.51,0.44,0.42
2016-05-08,2.01,0.43,0.42
2016-05-09,1.74,0.43,0.42
2016-05-10,1.48,0.43,0.42
2016-05-11,2.74,0.45,0.42
2016-05-12,8.94,0.52,0.43
2016-05-13,6.21,0.53,0.44
2016-05-14,2.82,0.49,0.44
2016-05-15,0.99,0.47,0.44
2016-05-16,2.98,0.47,0.43
2016-05-17,15.64,0.56,0.44
2016-05-18,10.19,0.59,0.47
2016-05-19,0.42,0.5,0.46
2016-05-20,2.42,0.49,0.46
2016-05-21,13.58,0.57,0.46
2016-05-22,5.69,0.56,0.47
2016-05-23,6.38,0.54,0.47
2016-05-24,14.12,0.59,0.48
2016-05-25,32.41,0.72,0.52
2016-05-26,5.82,0.61,0.55
2016-05-27,17.07,0.68,0.56
2016-05-28,5.15,0.62,0.56
2016-05-29,8.95,0.62,0.55
2016-05-30,8.86,0.63,0.55
2016-05-31,8.23,0.63,0.55
2016-06-01,4.91,0.61,0.54
2016-06-02,8.21,0.6,0.54
2016-06-03,6.91,0.61,0.54
2016-06-04,1.04,0.57,0.53
2016-06-05,2.8,0.55,0.52
2016-06-06,13.26,0.61,0.51
2016-06-07,5.17,0.59,0.52
2016-06-08,13.59,0.63,0.53
2016-06-09,18.02,0.67,0.55
2016-06-10,8.89,0.66,0.57
2016-06-11,5.67,0.62,0.57
2016-06-12,3.3,0.59,0.55
2016-06-13,42.4,0.77,0.59
2016-06-14,4.37,0.67,0.62
2016-06-15,0.93,0.62,0.6
2016-06-16,4.2,0.62,0.58
2016-06-17,5.72,0.63,0.58
2016-06-18,0.85,0.59,0.56
2016-06-19,1.25,0.57,0.55
2016-06-20,11.59,0.62,0.54
2016-06-21,10.69,0.64,0.55
2016-06-22,10.56,0.64,0.56
2016-06-23,12.54,0.66,0.57
2016-06-24,13.76,0.66,0.57
2016-06-25,7.08,0.64,0.58
2016-06-26,3.62,0.62,0.57
2016-06-27,3.26,0.59,0.56
2016-06-28,5.3,0.6,0.55
2016-06-29,1.63,0.59,0.55
2016-06-30,3.52,0.58,0.54
2016-07-01,2.51,0.58,0.54
2016-07-02,2.25,0.56,0.53
2016-07-03,3.77,0.57,0.52
2016-07-04,6.94,0.59,0.53
2016-07-05,0.72,0.57,0.53
2016-07-06,0.91,0.54,0.52
2016-07-07,1.06,0.54,0.51
2016-07-08,0.62,0.53,0.51
2016-07-09,0.51,0.52,0.5
2016-07-10,5.92,0.54,0.49
2016-07-11,6.61,0.57,0.5
2016-07-12,2.03,0.55,0.51
2016-07-13,1.13,0.52,0.5
2016-07-14,2.63,0.53,0.5
2016-07-15,3.57,0.53,0.49
2016-07-16,1.99,0.53,0.49
2016-07-17,5.27,0.53,0.49
2016-07-18,8.8,0.57,0.49
2016-07-19,6.99,0.58,0.5
2016-07-20,0.66,0.53,0.5
2016-07-21,0.28,0.52,0.5
2016-07-22,0.07,0.51,0.49
2016-07-23,0.24,0.5,0.48
2016-07-24,0.33,0.49,0.48
2016-07-25,16.92,0.6,0.49
2016-07-26,6.88,0.6,0.51
2016-07-27,4.34,0.55,0.51
2016-07-28,4.96,0.57,0.51
2016-07-29,5.94,0.57,0.51
2016-07-30,2.79,0.56,0.51
2016-07-31,1.62,0.54,0.51
2016-08-01,1.12,0.53,0.5
2016-08-02,0.8,0.51,0.49
2016-08-03,2.14,0.51,0.49
2016-08-04,5.32,0.55,0.49
2016-08-05,3.61,0.53,0.49
2016-08-06,4.59,0.54,0.49
2016-08-07,4.62,0.56,0.49
2016-08-08,3.24,0.53,0.49
2016-08-09,4.05,0.53,0.49
2016-08-10,6.33,0.55,0.49
2016-08-11,1.05,0.52,0.49
2016-08-12,2.54,0.52,0.48
2016-08-13,6.86,0.55,0.49
2016-08-14,5.95,0.55,0.49
2016-08-15,11.08,0.6,0.51
2016-08-16,0.88,0.53,0.5
2016-08-17,3.26,0.53,0.49
2016-08-18,4.66,0.54,0.49
2016-08-19,22.85,0.66,0.53
2016-08-20,7.14,0.6,0.53
2016-08-21,6.97,0.61,0.54
2016-08-22,2.1,0.57,0.53
2016-08-23,4.8,0.57,0.53
2016-08-24,10.52,0.61,0.53
2016-08-25,19.86,0.69,0.56
2016-08-26,5.74,0.62,0.56
2016-08-27,9.01,0.62,0.56
2016-08-28,62.09,0.81,0.63
2016-08-29,5.56,0.68,0.65
2016-08-30,5.19,0.66,0.63
2016-08-31,15.43,0.71,0.63
2016-09-01,7.11,0.68,0.64
2016-09-02,4.78,0.66,0.62
2016-09-03,5.86,0.66,0.61
2016-09-04,7.08,0.66,0.6
2016-09-05,13.7,0.69,0.6
2016-09-06,4.96,0.66,0.61
2016-09-07,6.79,0.65,0.6
2016-09-08,3.61,0.64,0.6
2016-09-09,4.29,0.63,0.59
2016-09-10,2.99,0.61,0.58
2016-09-11,6.38,0.62,0.58
2016-09-12,2.08,0.61,0.57
2016-09-13,1.82,0.59,0.56
2016-09-14,4.32,0.6,0.56
2016-09-15,8.31,0.63,0.57
2016-09-16,4.91,0.61,0.57
2016-09-17,4.7,0.61,0.57
2016-09-18,3.89,0.6,0.56
2016-09-19,3.18,0.59,0.56
2016-09-20,2.57,0.59,0.55
2016-09-21,5.22,0.6,0.55
2016-09-22,6.56,0.6,0.55
2016-09-23,5.2,0.61,0.56
2016-09-24,2.75,0.59,0.56
2016-09-25,3.23,0.58,0.55
2016-09-26,23.11,0.65,0.56
2016-09-27,27.66,0.71,0.61
2016-09-28,6.84,0.65,0.61
2016-09-29,7.51,0.65,0.6
2016-09-30,1.59,0.62,0.6
2016-10-01,3.71,0.61,0.58
2016-10-02,6.37,0.63,0.58
2016-10-03,5.0,0.62,0.58
2016-10-04,3.01,0.61,0.57
2016-10-05,1.96,0.59,0.57
2016-10-06,5.17,0.61,0.56
2016-10-07,4.8,0.61,0.56
2016-10-08,10.1,0.64,0.56
2016-10-09,32.09,0.72,0.59
2016-10-10,5.97,0.68,0.63
2016-10-11,3.47,0.65,0.61
2016-10-12,6.16,0.65,0.6
2016-10-13,4.04,0.64,0.6
2016-10-14,5.76,0.64,0.59
2016-10-15,9.52,0.66,0.59
2016-10-16,5.33,0.65,0.6
2016-10-17,4.2,0.63,0.59
2016-10-18,7.57,0.65,0.59
2016-10-19,5.9,0.65,0.59
2016-10-20,5.2,0.64,0.59
2016-10-21,7.31,0.65,0.59
2016-10-22,8.89,0.66,0.6
2016-10-23,2.2,0.63,0.6
2016-10-24,0.89,0.61,0.59
2016-10-25,1.91,0.6,0.58
2016-10-26,2.94,0.61,0.57
2016-10-27,2.25,0.61,0.57
2016-10-28,2.55,0.6,0.56
2016-10-29,3.03,0.6,0.56
2016-10-30,3.25,0.6,0.56
2016-10-31,6.15,0.62,0.56
2016-11-01,5.97,0.63,0.56
2016-11-02,1.87,0.61,0.57
2016-11-03,1.98,0.6,0.57
2016-11-04,1.7,0.59,0.56
2016-11-05,0.82,0.59,0.56
2016-11-06,0.48,0.58,0.55
2016-11-07,1.88,0.58,0.55
2016-11-08,0.64,0.57,0.54
2016-11-09,0.66,0.56,0.54
2016-11-10,0.38,0.55,0.53
2016-11-11,0.95,0.55,0.53
2016-11-12,2.14,0.56,0.52
2016-11-13,1.99,0.56,0.52
2016-11-14,5.51,0.58,0.53
2016-11-15,5.07,0.59,0.53
2016-11-16,1.98,0.57,0.54
2016-11-17,1.07,0.55,0.53
2016-11-18,0.5,0.54,0.52
2016-11-19,1.16,0.54,0.52
2016-11-20,2.83,0.55,0.52
2016-11-21,4.23,0.57,0.52
2016-11-22,5.17,0.59,0.52
2016-11-23,3.67,0.58,0.53
2016-11-24,3.14,0.59,0.53
2016-11-25,2.35,0.58,0.54
2016-11-26,4.39,0.59,0.54
2016-11-27,1.44,0.58,0.54
2016-11-28,3.83,0.58,0.54
2016-11-29,3.15,0.58,0.54
2016-11-30,1.36,0.57,0.54
2016-12-01,1.24,0.55,0.53
2016-12-02,2.15,0.55,0.53
2016-12-03,4.4,0.57,0.52
2016-12-04,0.87,0.54,0.52
2016-12-05,0.88,0.54,0.52
2016-12-06,2.49,0.54,0.51
2016-12-07,1.6,0.54,0.51
2016-12-08,4.56,0.57,0.51
2016-12-09,2.46,0.57,0.52
2016-12-10,0.56,0.55,0.52
2016-12-11,1.31,0.54,0.51
2016-12-12,5.37,0.56,0.51
2016-12-13,1.05,0.56,0.52
2016-12-14,0.13,0.53,0.51
2016-12-15,0.67,0.52,0.51
2016-12-16,0.45,0.52,0.5
2016-12-17,0.04,0.51,0.5
2016-12-18,0.05,0.51,0.49
2016-12-19,0.02,0.5,0.49
2016-12-20,0.02,0.5,0.49
2016-12-21,0.04,0.49,0.48
2016-12-22,0.08,0.48,0.48
2016-12-23,0.01,0.48,0.48
2016-12-24,0.02,0.48,0.48
2016-12-25,0.18,0.48,0.47
2016-12-26,0.02,0.47,0.47
2016-12-27,0.0,0.47,0.47
2016-12-28,0.0,0.47,0.47
2016-12-29,0.0,0.47,0.47
2016-12-30,0.0,0.47,0.47
2016-12-31,0.0,0.47,0.46
2017-01-01,0.02,0.46,0.46
2017-01-02,0.08,0.46,0.46
2017-01-03,0.13,0.46,0.46
2017-01-04,0.01,0.45,0.46
2017-01-05,0.0,0.45,0.45
2017-01-06,0.0,0.44,0.45
2017-01-07,0.0,0.44,0.45
2017-01-08,0.01,0.45,0.45
2017-01-09,0.02,0.44,0.45
2017-01-10,0.01,0.44,0.45
2017-01-11,0.31,0.44,0.44
2017-01-12,0.15,0.44,0.44
2017-01-13,1.12,0.44,0.44
2017-01-14,0.02,0.43,0.44
2017-01-15,0.0,0.42,0.44
2017-01-16,0.01,0.42,0.44
2017-01-17,0.17,0.43,0.44
2017-01-18,1.36,0.44,0.44
2017-01-19,1.64,0.45,0.44
2017-01-20,1.0,0.45,0.44
2017-01-21,1.35,0.45,0.44
2017-01-22,0.49,0.45,0.44
2017-01-23,0.14,0.43,0.44
2017-01-24,0.02,0.42,0.44
2017-01-25,0.11,0.42,0.43
2017-01-26,0.0,0.42,0.43
2017-01-27,0.0,0.41,0.43
2017-01-28,0.0,0.41,0.43
2017-01-29,0.0,0.41,0.43
2017-01-30,0.0,0.41,0.43
2017-01-31,0.2,0.41,0.43
2017-02-01,1.67,0.43,0.43
2017-02-02,2.1,0.46,0.43
2017-02-03,0.39,0.43,0.43
2017-02-04,2.35,0.45,0.43
2017-02-05,0.06,0.43,0.43
2017-02-06,0.03,0.42,0.43
2017-02-07,0.01,0.41,0.43
2017-02-08,0.02,0.41,0.43
2017-02-09,0.05,0.41,0.42
2017-02-10,3.0,0.44,0.43
2017-02-11,2.9,0.47,0.43
2017-02-12,10.38,0.54,0.44
2017-02-13,15.92,0.62,0.47
2017-02-14,0.87,0.53,0.48
2017-02-15,0.05,0.48,0.47
2017-02-16,0.59,0.47,0.46
2017-02-17,3.14,0.5,0.46
2017-02-18,0.26,0.48,0.46
2017-02-19,0.28,0.47,0.46
2017-02-20,0.19,0.46,0.45
2017-02-21,1.02,0.45,0.45
2017-02-22,8.03,0.53,0.45
2017-02-23,5.68,0.55,0.46
2017-02-24,5.38,0.54,0.47
2017-02-25,4.77,0.54,0.47
2017-02-26,2.85,0.53,0.48
2017-02-27,1.4,0.52,0.48
2017-02-28,0.77,0.49,0.47
2017-03-01,1.84,0.49,0.47
2017-03-02,1.27,0.49,0.46
2017-03-03,1.77,0.49,0.46
2017-03-04,3.16,0.5,0.46
2017-03-05,2.28,0.5,0.46
2017-03-06,2.42,0.49,0.46
2017-03-07,0.95,0.49,0.46
2017-03-08,0.22,0.46,0.45
2017-03-09,0.23,0.45,0.45
2017-03-10,0.77,0.45,0.44
2017-03-11,1.04,0.44,0.44
2017-03-12,9.8,0.53,0.44
2017-03-13,4.16,0.53,0.45
2017-03-14,5.92,0.52,0.45
2017-03-15,2.08,0.51,0.46
2017-03-16,2.39,0.5,0.46
2017-03-17,0.88,0.48,0.46
2017-03-18,1.64,0.48,0.45
2017-03-19,1.71,0.47,0.45
2017-03-20,1.41,0.47,0.45
2017-03-21,1.94,0.48,0.45
2017-03-22,3.82,0.49,0.45
2017-03-23,5.48,0.53,0.46
2017-03-24,16.97,0.59,0.47
2017-03-25,13.6,0.63,0.51
2017-03-26,2.28,0.55,0.51
2017-03-27,4.68,0.55,0.5
2017-03-28,3.75,0.55,0.5
2017-03-29,11.85,0.61,0.5
2017-03-30,9.74,0.62,0.52
2017-03-31,0.78,0.54,0.52
2017-04-01,1.05,0.52,0.5
2017-04-02,2.44,0.52,0.49
2017-04-03,4.5,0.54,0.49
2017-04-04,2.18,0.52,0.48
2017-04-05,1.77,0.5,0.48
2017-04-06,6.29,0.54,0.47
2017-04-07,6.11,0.55,0.48
2017-04-08,5.67,0.56,0.48
2017-04-09,4.52,0.54,0.48
2017-04-10,5.2,0.56,0.49
2017-04-11,0.08,0.5,0.48
2017-04-12,0.11,0.49,0.47
2017-04-13,0.01,0.48,0.47
2017-04-14,0.02,0.48,0.46
2017-04-15,0.02,0.47,0.46
2017-04-16,8.49,0.53,0.46
2017-04-17,5.07,0.54,0.47
2017-04-18,4.03,0.53,0.47
2017-04-19,2.94,0.51,0.46
2017-04-20,12.17,0.59,0.47
2017-04-21,9.64,0.6,0.49
2017-04-22,1.55,0.52,0.49
2017-04-23,0.36,0.5,0.48
2017-04-24,4.56,0.51,0.47
2017-04-25,7.54,0.57,0.48
2017-04-26,4.99,0.55,0.48
2017-04-27,3.85,0.54,0.48
2017-04-28,5.98,0.56,0.48
2017-04-29,0.64,0.51,0.48
2017-04-30,0.58,0.49,0.47
2017-05-01,0.95,0.48,0.46
2017-05-02,3.09,0.49,0.46
2017-05-03,4.82,0.51,0.46
2017-05-04,8.39,0.56,0.46
2017-05-05,1.78,0.51,0.47
2017-05-06,1.72,0.49,0.46
2017-05-07,3.33,0.49,0.45
2017-05-08,4.36,0.51,0.45
2017-05-09,1.2,0.49,0.45
2017-05-10,1.35,0.47,0.45
2017-05-11,7.54,0.51,0.45
2017-05-12,11.44,0.59,0.46
2017-05-13,3.69,0.54,0.47
2017-05-14,6.67,0.55,0.47
2017-05-15,3.09,0.54,0.48
2017-05-16,1.04,0.51,0.47
2017-05-17,2.19,0.5,0.47
2017-05-18,7.58,0.54,0.47
2017-05-19,7.48,0.58,0.48
2017-05-20,3.8,0.52,0.48
2017-05-21,4.81,0.56,0.48
2017-05-22,2.69,0.51,0.47
2017-05-23,3.15,0.52,0.47
2017-05-24,11.69,0.56,0.47
2017-05-25,11.02,0.62,0.5
2017-05-26,0.67,0.54,0.5
2017-05-27,5.77,0.55,0.49
2017-05-28,3.24,0.55,0.49
2017-05-29,3.68,0.54,0.49
2017-05-30,5.57,0.55,0.49
2017-05-31,5.44,0.57,0.49
2017-06-01,1.75,0.53,0.49
2017-06-02,3.82,0.52,0.48
2017-06-03,7.3,0.56,0.48
2017-06-04,5.64,0.57,0.49
2017-06-05,8.3,0.58,0.49
2017-06-06,10.94,0.61,0.5
2017-06-07,2.6,0.56,0.51
2017-06-08,4.42,0.55,0.5
2017-06-09,7.98,0.58,0.5
2017-06-10,26.98,0.68,0.52
2017-06-11,30.92,0.75,0.59
2017-06-12,19.91,0.73,0.62
2017-06-13,18.94,0.72,0.63
2017-06-14,17.19,0.73,0.65
2017-06-15,9.27,0.69,0.64
2017-06-16,4.48,0.67,0.64
2017-06-17,3.15,0.65,0.62
2017-06-18,5.3,0.65,0.6
2017-06-19,6.83,0.65,0.6
2017-06-20,24.23,0.68,0.59
2017-06-21,13.39,0.71,0.64
2017-06-22,0.42,0.64,0.62
2017-06-23,3.31,0.63,0.6
2017-06-24,33.37,0.74,0.61
2017-06-25,15.55,0.73,0.66
2017-06-26,1.88,0.66,0.64
2017-06-27,9.23,0.68,0.63
2017-06-28,4.56,0.66,0.62
2017-06-29,13.35,0.7,0.62
2017-06-30,3.35,0.65,0.62
2017-07-01,7.11,0.65,0.61
2017-07-02,8.98,0.67,0.61
2017-07-03,4.83,0.65,0.61
2017-07-04,8.21,0.65,0.6
2017-07-05,8.23,0.66,0.6
2017-07-06,2.8,0.63,0.6
2017-07-07,11.09,0.67,0.6
2017-07-08,10.67,0.68,0.61
2017-07-09,6.71,0.65,0.6
2017-07-10,2.44,0.64,0.6
2017-07-11,0.28,0.61,0.59
2017-07-12,0.11,0.59,0.58
2017-07-13,0.21,0.58,0.56
2017-07-14,0.59,0.57,0.55
2017-07-15,0.51,0.56,0.54
2017-07-16,0.49,0.55,0.54
2017-07-17,0.56,0.55,0.53
2017-07-18,1.62,0.55,0.52
2017-07-19,2.18,0.55,0.52
2017-07-20,1.4,0.55,0.52
2017-07-21,2.29,0.54,0.52
2017-07-22,1.51,0.54,0.51
2017-07-23,2.83,0.55,0.51
2017-07-24,2.1,0.55,0.51
2017-07-25,2.85,0.54,0.51
2017-07-26,2.05,0.54,0.51
2017-07-27,4.53,0.55,0.51
2017-07-28,7.08,0.59,0.52
2017-07-29,2.76,0.55,0.52
2017-07-30,9.84,0.61,0.53
2017-07-31,1.08,0.55,0.53
2017-08-01,5.97,0.57,0.53
2017-08-02,6.53,0.59,0.53
2017-08-03,5.84,0.59,0.53
2017-08-04,2.63,0.57,0.53
2017-08-05,5.64,0.58,0.53
2017-08-06,3.89,0.58,0.53
2017-08-07,0.7,0.55,0.53
2017-08-08,1.17,0.54,0.52
2017-08-09,1.49,0.53,0.51
2017-08-10,1.56,0.53,0.51
2017-08-11,0.89,0.52,0.5
2017-08-12,0.97,0.52,0.5
2017-08-13,2.55,0.53,0.49
2017-08-14,3.08,0.53,0.49
2017-08-15,9.0,0.58,0.5
2017-08-16,0.85,0.53,0.51
2017-08-17,0.93,0.52,0.5
2017-08-18,2.57,0.52,0.49
2017-08-19,1.42,0.52,0.49
2017-08-20,0.32,0.5,0.49
2017-08-21,0.82,0.5,0.48
2017-08-22,6.77,0.55,0.49
2017-08-23,0.62,0.51,0.49
2017-08-24,5.3,0.54,0.49
2017-08-25,7.45,0.57,0.5
2017-08-26,6.35,0.59,0.51
2017-08-27,2.31,0.55,0.51
2017-08-28,0.85,0.54,0.51
2017-08-29,3.82,0.54,0.5
2017-08-30,5.72,0.56,0.5
2017-08-31,5.33,0.56,0.51
2017-09-01,5.21,0.56,0.51
2017-09-02,6.44,0.58,0.51
2017-09-03,8.15,0.58,0.51
2017-09-04,9.49,0.62,0.53
2017-09-05,1.46,0.56,0.53
2017-09-06,2.59,0.55,0.52
2017-09-07,15.49,0.59,0.52
2017-09-08,20.61,0.7,0.57
2017-09-09,3.3,0.6,0.57
2017-09-10,4.02,0.6,0.56
2017-09-11,3.09,0.59,0.55
2017-09-12,5.38,0.6,0.55
2017-09-13,1.76,0.58,0.54
2017-09-14,0.47,0.55,0.53
2017-09-15,1.37,0.55,0.52
2017-09-16,1.41,0.54,0.51
2017-09-17,1.63,0.53,0.51
2017-09-18,2.69,0.54,0.5
2017-09-19,0.94,0.53,0.5
2017-09-20,3.43,0.53,0.49
2017-09-21,4.62,0.54,0.49
2017-09-22,20.16,0.62,0.5
2017-09-23,34.68,0.72,0.58
2017-09-24,7.33,0.63,0.58
2017-09-25,5.76,0.63,0.58
2017-09-26,11.16,0.65,0.58
2017-09-27,6.91,0.65,0.58
2017-09-28,3.81,0.62,0.58
2017-09-29,3.76,0.61,0.57
2017-09-30,8.6,0.64,0.57
2017-10-01,3.06,0.6,0.57
2017-10-02,6.76,0.63,0.57
2017-10-03,4.96,0.61,0.56
2017-10-04,6.82,0.63,0.56
2017-10-05,5.3,0.62,0.56
2017-10-06,14.44,0.64,0.56
2017-10-07,15.97,0.7,0.6
2017-10-08,4.34,0.65,0.6
2017-10-09,3.28,0.62,0.59
2017-10-10,5.72,0.63,0.58
2017-10-11,10.29,0.66,0.58
2017-10-12,4.09,0.64,0.59
2017-10-13,3.32,0.61,0.58
2017-10-14,3.58,0.61,0.57
2017-10-15,5.18,0.61,0.56
2017-10-16,1.24,0.59,0.56
2017-10-17,2.76,0.58,0.55
2017-10-18,2.16,0.58,0.54
2017-10-19,1.7,0.57,0.54
2017-10-20,1.8,0.56,0.53
2017-10-21,1.19,0.55,0.53
2017-10-22,2.11,0.55,0.52
2017-10-23,1.11,0.54,0.52
2017-10-24,2.06,0.54,0.51
2017-10-25,6.87,0.58,0.51
2017-10-26,6.2,0.6,0.52
2017-10-27,4.02,0.59,0.53
2017-10-28,1.87,0.57,0.53
2017-10-29,2.18,0.56,0.53
2017-10-30,1.74,0.55,0.52
2017-10-31,2.9,0.56,0.52
2017-11-01,2.29,0.56,0.52
2017-11-02,3.6,0.57,0.52
2017-11-03,3.19,0.57,0.52
2017-11-04,5.79,0.59,0.53
2017-11-05,3.18,0.58,0.53
2017-11-06,5.36,0.59,0.53
2017-11-07,3.0,0.59,0.53
2017-11-08,3.9,0.58,0.53
2017-11-09,5.28,0.59,0.53
2017-11-10,5.01,0.6,0.54
2017-11-11,1.42,0.57,0.53
2017-11-12,0.93,0.55,0.53
2017-11-13,0.98,0.54,0.52
2017-11-14,1.57,0.54,0.51
2017-11-15,2.27,0.54,0.51
2017-11-16,5.37,0.57,0.51
2017-11-17,4.61,0.58,0.52
2017-11-18,0.88,0.54,0.52
2017-11-19,2.46,0.55,0.51
2017-11-20,3.62,0.56,0.51
2017-11-21,1.83,0.55,0.51
2017-11-22,2.95,0.55,0.51
2017-11-23,3.73,0.55,0.51
2017-11-24,5.81,0.58,0.51
2017-11-25,3.87,0.58,0.52
2017-11-26,1.63,0.55,0.52
2017-11-27,0.02,0.53,0.51
2017-11-28,0.01,0.52,0.5
2017-11-29,0.01,0.51,0.49
2017-11-30,0.01,0.5,0.49
2017-12-01,0.01,0.5,0.48
2017-12-02,0.18,0.49,0.48
2017-12-03,0.27,0.48,0.47
2017-12-04,0.31,0.48,0.47
2017-12-05,0.41,0.49,0.47
2017-12-06,0.09,0.48,0.47
2017-12-07,0.09,0.48,0.46
2017-12-08,0.13,0.47,0.46
2017-12-09,0.09,0.47,0.46
2017-12-10,0.01,0.47,0.46
2017-12-11,0.0,0.46,0.46
2017-12-12,0.0,0.46,0.46
2017-12-13,0.0,0.46,0.45
2017-12-14,1.29,0.46,0.45
2017-12-15,2.45,0.48,0.45
2017-12-16,1.44,0.48,0.45
2017-12-17,0.09,0.46,0.45
2017-12-18,0.03,0.46,0.45
2017-12-19,0.23,0.45,0.45
2017-12-20,0.25,0.45,0.45
2017-12-21,0.59,0.46,0.44
2017-12-22,0.01,0.45,0.44
2017-12-23,0.0,0.43,0.44
2017-12-24,0.0,0.43,0.44
2017-12-25,0.0,0.43,0.43
2017-12-26,0.0,0.43,0.43
2017-12-27,0.0,0.43,0.43
2017-12-28,0.0,0.43,0.43
2017-12-29,0.0,0.43,0.43
2017-12-30,0.0,0.43,0.43
2017-12-31,0.0,0.42,0.43
2018-01-01,0.0,0.42,0.43
2018-01-02,0.0,0.41,0.42
2018-01-03,0.0,0.41,0.42
2018-01-04,0.0,0.41,0.42
2018-01-05,0.0,0.41,0.42
2018-01-06,0.01,0.41,0.42
2018-01-07,0.34,0.41,0.42
2018-01-08,0.53,0.42,0.42
2018-01-09,0.68,0.42,0.42
2018-01-10,0.12,0.42,0.42
2018-01-11,0.03,0.4,0.42
2018-01-12,0.0,0.4,0.42
2018-01-13,0.0,0.39,0.42
2018-01-14,0.0,0.39,0.41
2018-01-15,0.0,0.39,0.41
2018-01-16,0.1,0.4,0.41
2018-01-17,0.69,0.4,0.41
2018-01-18,0.14,0.4,0.41
2018-01-19,0.05,0.4,0.41
2018-01-20,0.08,0.39,0.41
2018-01-21,0.01,0.39,0.41
2018-01-22,0.0,0.38,0.41
2018-01-23,0.01,0.39,0.41
2018-01-24,0.03,0.39,0.41
2018-01-25,0.01,0.38,0.41
2018-01-26,0.01,0.38,0.4
2018-01-27,0.07,0.38,0.4
2018-01-28,0.63,0.39,0.41
2018-01-29,0.17,0.39,0.41
2018-01-30,0.01,0.38,0.41
2018-01-31,0.01,0.38,0.4
2018-02-01,0.03,0.38,0.4
2018-02-02,0.19,0.38,0.4
2018-02-03,0.17,0.38,0.4
2018-02-04,0.0,0.38,0.4
2018-02-05,0.01,0.38,0.4
2018-02-06,0.01,0.38,0.4
2018-02-07,0.01,0.37,0.4
2018-02-08,0.0,0.37,0.4
2018-02-09,0.0,0.36,0.4
2018-02-10,0.05,0.35,0.4
2018-02-11,0.01,0.35,0.4
2018-02-12,0.04,0.35,0.4
2018-02-13,0.03,0.35,0.4
2018-02-14,0.07,0.35,0.39
2018-02-15,1.6,0.38,0.4
2018-02-16,0.64,0.37,0.4
2018-02-17,1.25,0.37,0.4
2018-02-18,2.5,0.39,0.4
2018-02-19,7.7,0.46,0.41
2018-02-20,15.11,0.57,0.43
2018-02-21,12.98,0.61,0.46
2018-02-22,0.73,0.49,0.46
2018-02-23,1.91,0.49,0.46
2018-02-24,7.51,0.53,0.46
2018-02-25,4.31,0.55,0.47
2018-02-26,21.47,0.65,0.49
2018-02-27,7.87,0.59,0.51
2018-02-28,2.35,0.56,0.51
2018-03-01,6.55,0.55,0.5
2018-03-02,2.89,0.55,0.5
2018-03-03,0.75,0.51,0.49
2018-03-04,2.86,0.51,0.48
2018-03-05,4.34,0.52,0.48
2018-03-06,17.76,0.62,0.5
2018-03-07,8.94,0.59,0.51
2018-03-08,0.64,0.52,0.5
2018-03-09,1.9,0.51,0.49
2018-03-10,3.13,0.53,0.48
2018-03-11,2.28,0.51,0.48
2018-03-12,7.75,0.55,0.48
2018-03-13,9.46,0.59,0.49
2018-03-14,6.0,0.56,0.49
2018-03-15,10.8,0.59,0.5
2018-03-16,45.1,0.72,0.53
2018-03-17,1.01,0.63,0.58
2018-03-18,0.45,0.58,0.56
2018-03-19,1.24,0.57,0.54
2018-03-20,0.64,0.55,0.53
2018-03-21,1.06,0.54,0.52
2018-03-22,8.58,0.6,0.52
2018-03-23,1.7,0.55,0.52
2018-03-24,4.98,0.55,0.51
2018-03-25,4.32,0.56,0.5
2018-03-26,2.78,0.55,0.5
2018-03-27,1.43,0.53,0.49
2018-03-28,0.73,0.5,0.49
2018-03-29,0.61,0.49,0.48
2018-03-30,1.82,0.5,0.47
2018-03-31,6.63,0.54,0.47
2018-04-01,7.39,0.57,0.49
2018-04-02,0.65,0.51,0.48
2018-04-03,1.29,0.5,0.48
2018-04-04,3.54,0.52,0.47
2018-04-05,8.43,0.57,0.48
2018-04-06,1.23,0.52,0.48
2018-04-07,4.48,0.53,0.48
2018-04-08,4.36,0.53,0.48
2018-04-09,0.53,0.5,0.47
2018-04-10,1.3,0.49,0.47
2018-04-11,0.55,0.48,0.46
2018-04-12,2.88,0.49,0.46
2018-04-13,15.94,0.59,0.47
2018-04-14,2.43,0.54,0.48
2018-04-15,1.27,0.51,0.48
2018-04-16,6.49,0.55,0.48
2018-04-17,8.73,0.58,0.48
2018-04-18,7.69,0.58,0.5
2018-04-19,11.16,0.61,0.51
2018-04-20,7.02,0.6,0.52
2018-04-21,1.46,0.56,0.52
2018-04-22,1.64,0.54,0.51
2018-04-23,4.83,0.55,0.5
2018-04-24,2.39,0.55,0.5
2018-04-25,2.8,0.53,0.49
2018-04-26,18.02,0.63,0.5
2018-04-27,4.69,0.57,0.52
2018-04-28,4.76,0.58,0.52
2018-04-29,2.93,0.56,0.51
2018-04-30,3.53,0.55,0.51
2018-05-01,2.61,0.54,0.5
2018-05-02,1.82,0.54,0.5
2018-05-03,3.34,0.53,0.49
2018-05-04,5.75,0.55,0.49
2018-05-05,4.8,0.55,0.49
2018-05-06,24.66,0.67,0.52
2018-05-07,0.29,0.56,0.53
2018-05-08,1.77,0.55,0.52
2018-05-09,2.76,0.54,0.51
2018-05-10,6.6,0.56,0.51
2018-05-11,14.14,0.65,0.52
2018-05-12,1.76,0.56,0.53
2018-05-13,1.85,0.55,0.51
2018-05-14,1.19,0.53,0.5
2018-05-15,2.36,0.53,0.5
2018-05-16,3.92,0.54,0.49
2018-05-17,19.82,0.61,0.49
2018-05-18,1.92,0.59,0.53
2018-05-19,1.63,0.54,0.51
2018-05-20,2.84,0.54,0.5
2018-05-21,3.79,0.55,0.5
2018-05-22,6.77,0.57,0.5
2018-05-23,8.03,0.59,0.5
2018-05-24,6.1,0.59,0.51
2018-05-25,3.61,0.56,0.51
2018-05-26,7.41,0.58,0.51
2018-05-27,5.73,0.58,0.51
2018-05-28,5.0,0.59,0.52
2018-05-29,7.74,0.57,0.52
2018-05-30,5.97,0.59,0.52
2018-05-31,13.66,0.63,0.53
2018-06-01,14.79,0.66,0.55
2018-06-02,7.07,0.62,0.55
2018-06-03,5.25,0.61,0.55
2018-06-04,4.82,0.6,0.55
2018-06-05,1.74,0.59,0.54
2018-06-06,1.0,0.56,0.53
2018-06-07,4.03,0.57,0.53
2018-06-08,4.88,0.58,0.52
2018-06-09,3.59,0.57,0.52
2018-06-10,4.45,0.57,0.52
2018-06-11,5.11,0.58,0.52
2018-06-12,1.73,0.55,0.51
2018-06-13,1.8,0.54,0.51
2018-06-14,1.85,0.54,0.5
2018-06-15,9.31,0.58,0.5
2018-06-16,22.27,0.66,0.52
2018-06-17,38.13,0.77,0.59
2018-06-18,25.29,0.73,0.62
2018-06-19,41.13,0.81,0.68
2018-06-20,3.25,0.71,0.69
2018-06-21,4.66,0.69,0.67
2018-06-22,34.89,0.77,0.68
2018-06-23,4.38,0.69,0.68
2018-06-24,22.43,0.73,0.66
2018-06-25,52.2,0.83,0.75
2018-06-26,3.75,0.73,0.73
2018-06-27,7.68,0.73,0.71
2018-06-28,5.56,0.71,0.69
2018-06-29,5.65,0.69,0.67
2018-06-30,7.2,0.69,0.65
2018-07-01,9.77,0.7,0.65
2018-07-02,3.86,0.68,0.65
2018-07-03,3.4,0.65,0.63
2018-07-04,5.23,0.66,0.62
2018-07-05,3.55,0.64,0.61
2018-07-06,15.53,0.7,0.62
2018-07-07,3.74,0.67,0.63
2018-07-08,1.13,0.64,0.62
2018-07-09,5.41,0.64,0.61
2018-07-10,3.96,0.66,0.61
2018-07-11,1.48,0.62,0.6
2018-07-12,5.26,0.63,0.6
2018-07-13,4.5,0.64,0.6
2018-07-14,4.89,0.65,0.6
2018-07-15,2.81,0.62,0.6
2018-07-16,3.32,0.62,0.59
2018-07-17,5.49,0.63,0.59
2018-07-18,4.04,0.64,0.59
2018-07-19,1.02,0.61,0.59
2018-07-20,1.07,0.6,0.58
2018-07-21,1.57,0.6,0.58
2018-07-22,1.05,0.59,0.57
2018-07-23,0.48,0.58,0.57
2018-07-24,2.18,0.59,0.56
2018-07-25,3.07,0.59,0.56
2018-07-26,0.84,0.59,0.57
2018-07-27,0.05,0.58,0.56
2018-07-28,0.56,0.57,0.55
2018-07-29,0.41,0.56,0.55
2018-07-30,0.28,0.56,0.54
2018-07-31,0.02,0.55,0.54
2018-08-01,0.05,0.54,0.53
2018-08-02,0.12,0.54,0.53
2018-08-03,0.21,0.53,0.52
2018-08-04,1.94,0.54,0.52
2018-08-05,0.26,0.54,0.52
2018-08-06,0.52,0.53,0.51
2018-08-07,1.48,0.53,0.51
2018-08-08,1.95,0.54,0.51
2018-08-09,1.29,0.53,0.51
2018-08-10,3.84,0.55,0.51
2018-08-11,1.87,0.54,0.51
2018-08-12,3.43,0.54,0.51
2018-08-13,1.83,0.54,0.51
2018-08-14,1.75,0.54,0.51
2018-08-15,1.88,0.54,0.51
2018-08-16,1.06,0.53,0.51
2018-08-17,5.77,0.54,0.5
2018-08-18,6.45,0.6,0.52
2018-08-19,9.2,0.59,0.52
2018-08-20,10.89,0.63,0.54
2018-08-21,7.33,0.63,0.55
2018-08-22,7.43,0.6,0.55
2018-08-23,7.75,0.62,0.56
2018-08-24,7.91,0.64,0.57
2018-08-25,23.2,0.72,0.59
2018-08-26,16.62,0.7,0.61
2018-08-27,2.83,0.65,0.62
2018-08-28,2.19,0.63,0.61
2018-08-29,6.52,0.65,0.6
2018-08-30,2.69,0.63,0.6
2018-08-31,9.13,0.65,0.59
2018-09-01,18.31,0.71,0.61
2018-09-02,9.51,0.66,0.61
2018-09-03,18.09,0.73,0.64
2018-09-04,4.87,0.66,0.63
2018-09-05,7.19,0.67,0.62
2018-09-06,8.43,0.66,0.62
2018-09-07,10.99,0.7,0.63
2018-09-08,5.86,0.66,0.63
2018-09-09,1.21,0.63,0.62
2018-09-10,4.1,0.63,0.6
2018-09-11,6.63,0.65,0.61
2018-09-12,12.79,0.67,0.61
2018-09-13,13.64,0.72,0.64
2018-09-14,0.91,0.65,0.63
2018-09-15,2.05,0.64,0.62
2018-09-16,1.65,0.63,0.61
2018-09-17,2.82,0.63,0.6
2018-09-18,2.57,0.62,0.59
2018-09-19,2.08,0.62,0.59
2018-09-20,3.6,0.62,0.59
2018-09-21,8.82,0.65,0.6
2018-09-22,5.83,0.65,0.6
2018-09-23,8.37,0.64,0.6
2018-09-24,1.85,0.63,0.6
2018-09-25,0.51,0.61,0.59
2018-09-26,5.94,0.63,0.59
2018-09-27,0.91,0.62,0.59
2018-09-28,2.12,0.6,0.58
2018-09-29,3.14,0.61,0.58
2018-09-30,6.08,0.62,0.58
2018-10-01,33.3,0.75,0.63
2018-10-02,1.3,0.65,0.62
2018-10-03,0.77,0.63,0.61
2018-10-04,1.58,0.63,0.6
2018-10-05,2.54,0.63,0.6
2018-10-06,5.76,0.63,0.59
2018-10-07,7.96,0.67,0.61
2018-10-08,0.21,0.62,0.6
2018-10-09,0.56,0.62,0.6
2018-10-10,1.11,0.61,0.59
2018-10-11,0.39,0.6,0.58
2018-10-12,0.17,0.59,0.57
2018-10-13,5.16,0.61,0.57
2018-10-14,4.54,0.61,0.57
2018-10-15,1.98,0.61,0.57
2018-10-16,5.56,0.62,0.57
2018-10-17,3.88,0.63,0.58
2018-10-18,7.36,0.63,0.58
2018-10-19,4.25,0.63,0.58
2018-10-20,1.69,0.61,0.58
2018-10-21,5.04,0.61,0.57
2018-10-22,7.97,0.65,0.58
2018-10-23,0.96,0.61,0.58
2018-10-24,0.43,0.59,0.57
2018-10-25,0.82,0.59,0.57
2018-10-26,0.27,0.58,0.56
2018-10-27,1.0,0.58,0.55
2018-10-28,7.42,0.62,0.56
2018-10-29,7.23,0.64,0.57
2018-10-30,5.99,0.64,0.58
2018-10-31,2.13,0.61,0.58
2018-11-01,3.96,0.61,0.57
2018-11-02,2.19,0.6,0.57
2018-11-03,2.67,0.6,0.56
2018-11-04,3.5,0.6,0.56
2018-11-05,3.28,0.59,0.56
2018-11-06,3.75,0.61,0.56
2018-11-07,1.41,0.59,0.56
2018-11-08,0.72,0.58,0.55
2018-11-09,0.85,0.57,0.55
2018-11-10,0.94,0.57,0.55
2018-11-11,0.48,0.56,0.54
2018-11-12,1.8,0.57,0.54
2018-11-13,0.6,0.56,0.54
2018-11-14,1.62,0.56,0.53
2018-11-15,4.95,0.59,0.53
2018-11-16,2.13,0.58,0.54
2018-11-17,2.77,0.57,0.54
2018-11-18,1.52,0.57,0.54
2018-11-19,2.85,0.57,0.53
2018-11-20,5.02,0.59,0.54
2018-11-21,1.08,0.58,0.54
2018-11-22,0.48,0.56,0.54
2018-11-23,0.87,0.55,0.53
2018-11-24,1.9,0.56,0.53
2018-11-25,1.24,0.55,0.52
2018-11-26,1.46,0.55,0.52
2018-11-27,1.41,0.55,0.52
2018-11-28,0.57,0.54,0.52
2018-11-29,0.76,0.53,0.51
2018-11-30,1.4,0.53,0.51
2018-12-01,1.78,0.53,0.51
2018-12-02,0.47,0.53,0.51
2018-12-03,0.05,0.52,0.5
2018-12-04,0.07,0.51,0.5
2018-12-05,0.77,0.51,0.49
2018-12-06,1.64,0.52,0.49
2018-12-07,0.02,0.51,0.49
2018-12-08,0.01,0.5,0.49
2018-12-09,0.0,0.49,0.49
2018-12-10,0.0,0.49,0.48
2018-12-11,0.01,0.49,0.48
2018-12-12,4.46,0.51,0.48
2018-12-13,3.49,0.54,0.49
2018-12-14,1.02,0.51,0.49
2018-12-15,0.25,0.49,0.49
2018-12-16,0.1,0.49,0.48
2018-12-17,0.01,0.48,0.48
2018-12-18,0.0,0.48,0.47
2018-12-19,0.07,0.47,0.47
2018-12-20,0.11,0.47,0.47
2018-12-21,1.35,0.48,0.47
2018-12-22,0.21,0.47,0.47
2018-12-23,0.0,0.46,0.46
2018-12-24,0.0,0.46,0.46
2018-12-25,0.0,0.46,0.46
2018-12-26,0.0,0.45,0.46
2018-12-27,0.0,0.45,0.46
2018-12-28,0.0,0.45,0.45
2018-12-29,0.0,0.45,0.45
2018-12-30,0.0,0.46,0.45
2018-12-31,0.0,0.45,0.45
2019-01-01,0.0,0.45,0.45
2019-01-02,0.0,0.44,0.45
2019-01-03,0.0,0.44,0.44
2019-01-04,0.0,0.44,0.44
2019-01-05,0.0,0.44,0.44
2019-01-06,0.0,0.43,0.44
2019-01-07,0.0,0.43,0.44
2019-01-08,0.0,0.42,0.44
2019-01-09,0.0,0.42,0.43
2019-01-10,0.0,0.42,0.43
2019-01-11,0.17,0.43,0.43
2019-01-12,0.31,0.43,0.43
2019-01-13,0.01,0.43,0.43
2019-01-14,0.01,0.43,0.43
2019-01-15,0.02,0.43,0.43
2019-01-16,0.48,0.43,0.43
2019-01-17,1.73,0.44,0.43
2019-01-18,2.69,0.48,0.44
2019-01-19,5.22,0.5,0.44
2019-01-20,2.38,0.48,0.45
2019-01-21,0.07,0.45,0.44
2019-01-22,0.0,0.43,0.44
2019-01-23,0.01,0.43,0.44
2019-01-24,0.04,0.43,0.43
2019-01-25,0.08,0.43,0.43
2019-01-26,0.0,0.42,0.43
2019-01-27,0.0,0.41,0.43
2019-01-28,0.0,0.41,0.43
2019-01-29,0.0,0.41,0.42
2019-01-30,0.01,0.41,0.42
2019-01-31,2.42,0.43,0.42
2019-02-01,4.62,0.47,0.43
2019-02-02,10.44,0.56,0.44
2019-02-03,1.97,0.51,0.45
2019-02-04,3.93,0.5,0.45
2019-02-05,5.23,0.54,0.46
2019-02-06,1.12,0.49,0.46
2019-02-07,0.84,0.48,0.46
2019-02-08,0.16,0.46,0.45
2019-02-09,0.31,0.45,0.45
2019-02-10,0.0,0.44,0.44
2019-02-11,0.0,0.43,0.43
2019-02-12,0.0,0.42,0.43
2019-02-13,0.0,0.41,0.43
2019-02-14,0.0,0.41,0.42
2019-02-15,0.03,0.41,0.42
2019-02-16,0.15,0.4,0.42
2019-02-17,0.59,0.41,0.42
2019-02-18,14.3,0.53,0.43
2019-02-19,14.43,0.62,0.46
2019-02-20,0.06,0.51,0.47
2019-02-21,0.01,0.49,0.47
2019-02-22,0.0,0.48,0.46
2019-02-23,0.0,0.46,0.46
2019-02-24,0.0,0.45,0.45
2019-02-25,0.9,0.46,0.44
2019-02-26,0.26,0.45,0.44
2019-02-27,0.27,0.44,0.43
2019-02-28,0.01,0.42,0.43
2019-03-01,0.0,0.41,0.43
2019-03-02,0.0,0.4,0.42
2019-03-03,0.0,0.4,0.42
2019-03-04,0.0,0.4,0.42
2019-03-05,0.0,0.4,0.41
2019-03-06,0.0,0.39,0.41
2019-03-07,0.1,0.39,0.41
2019-03-08,0.05,0.39,0.41
2019-03-09,0.14,0.39,0.41
2019-03-10,0.04,0.39,0.41
2019-03-11,0.02,0.38,0.41
2019-03-12,1.33,0.39,0.41
2019-03-13,0.33,0.39,0.41
2019-03-14,1.15,0.39,0.4
2019-03-15,4.61,0.43,0.41
2019-03-16,1.85,0.44,0.41
2019-03-17,11.34,0.52,0.42
2019-03-18,2.87,0.5,0.44
2019-03-19,1.29,0.45,0.43
2019-03-20,14.34,0.57,0.44
2019-03-21,2.32,0.51,0.46
2019-03-22,9.7,0.56,0.46
2019-03-23,0.65,0.5,0.46
2019-03-24,0.44,0.48,0.46
2019-03-25,3.2,0.49,0.45
2019-03-26,0.88,0.49,0.45
2019-03-27,8.14,0.51,0.45
2019-03-28,6.74,0.56,0.46
2019-03-29,9.48,0.58,0.47
2019-03-30,2.65,0.52,0.47
2019-03-31,5.43,0.55,0.47
2019-04-01,1.85,0.51,0.47
2019-04-02,8.38,0.55,0.47
2019-04-03,9.43,0.59,0.48
2019-04-04,7.63,0.57,0.49
2019-04-05,13.53,0.63,0.5
2019-04-06,0.51,0.54,0.51
2019-04-07,4.3,0.54,0.5
2019-04-08,7.79,0.59,0.5
2019-04-09,0.26,0.52,0.5
2019-04-10,2.65,0.51,0.48
2019-04-11,14.99,0.61,0.49
2019-04-12,2.14,0.56,0.5
2019-04-13,5.66,0.54,0.49
2019-04-14,10.95,0.61,0.5
2019-04-15,2.99,0.55,0.5
2019-04-16,8.54,0.57,0.5
2019-04-17,2.75,0.55,0.5
2019-04-18,3.5,0.53,0.49
2019-04-19,10.97,0.6,0.5
2019-04-20,1.49,0.53,0.5
2019-04-21,0.14,0.52,0.49
2019-04-22,0.93,0.5,0.48
2019-04-23,0.67,0.51,0.48
2019-04-24,0.33,0.49,0.47
2019-04-25,0.19,0.48,0.46
2019-04-26,19.67,0.56,0.46
2019-04-27,0.68,0.55,0.49
2019-04-28,2.41,0.52,0.48
2019-04-29,5.41,0.54,0.48
2019-04-30,5.0,0.55,0.48
2019-05-01,10.73,0.59,0.49
2019-05-02,11.71,0.63,0.51
2019-05-03,3.28,0.56,0.51
2019-05-04,24.11,0.66,0.53
2019-05-05,1.45,0.58,0.54
2019-05-06,0.42,0.55,0.52
2019-05-07,0.78,0.54,0.51
2019-05-08,0.46,0.53,0.5
2019-05-09,0.86,0.52,0.49
2019-05-10,0.62,0.51,0.49
2019-05-11,0.4,0.5,0.48
2019-05-12,0.38,0.49,0.47
2019-05-13,0.73,0.49,0.46
2019-05-14,0.72,0.48,0.46
2019-05-15,0.27,0.48,0.46
2019-05-16,1.24,0.47,0.45
2019-05-17,4.55,0.49,0.45
2019-05-18,11.08,0.57,0.46
2019-05-19,3.53,0.53,0.47
2019-05-20,4.61,0.52,0.47
2019-05-21,5.83,0.53,0.47
2019-05-22,17.96,0.64,0.49
2019-05-23,9.75,0.58,0.5
2019-05-24,1.96,0.56,0.51
2019-05-25,2.6,0.53,0.5
2019-05-26,1.0,0.53,0.49
2019-05-27,0.85,0.51,0.48
2019-05-28,0.68,0.5,0.48
2019-05-29,1.34,0.49,0.47
2019-05-30,2.77,0.5,0.46
2019-05-31,12.67,0.58,0.47
2019-06-01,6.86,0.58,0.49
2019-06-02,9.2,0.58,0.49
2019-06-03,8.78,0.59,0.5
2019-06-04,10.81,0.6,0.5
2019-06-05,11.07,0.62,0.52
2019-06-06,8.76,0.61,0.53
2019-06-07,15.89,0.64,0.53
2019-06-08,9.45,0.65,0.56
2019-06-09,8.44,0.62,0.55
2019-06-10,9.3,0.61,0.55
2019-06-11,6.52,0.62,0.55
2019-06-12,5.52,0.6,0.55
2019-06-13,2.53,0.58,0.54
2019-06-14,18.54,0.62,0.53
2019-06-15,3.22,0.63,0.56
2019-06-16,0.63,0.57,0.54
2019-06-17,0.9,0.56,0.53
2019-06-18,0.95,0.54,0.52
2019-06-19,0.83,0.53,0.51
2019-06-20,3.71,0.54,0.5
2019-06-21,3.36,0.54,0.49
2019-06-22,3.66,0.53,0.49
2019-06-23,5.34,0.55,0.49
2019-06-24,9.05,0.59,0.5
2019-06-25,3.01,0.55,0.5
2019-06-26,3.21,0.55,0.5
2019-06-27,3.75,0.54,0.5
2019-06-28,5.01,0.54,0.49
2019-06-29,4.93,0.55,0.49
2019-06-30,8.09,0.58,0.5
2019-07-01,2.1,0.55,0.5
2019-07-02,6.32,0.56,0.5
2019-07-03,16.75,0.63,0.51
2019-07-04,15.03,0.66,0.54
2019-07-05,2.58,0.59,0.54
2019-07-06,1.02,0.56,0.53
2019-07-07,1.91,0.55,0.52
2019-07-08,1.93,0.54,0.51
2019-07-09,2.26,0.55,0.51
2019-07-10,0.61,0.54,0.51
2019-07-11,0.15,0.52,0.5
2019-07-12,2.47,0.52,0.49
2019-07-13,2.77,0.54,0.49
2019-07-14,0.77,0.51,0.48
2019-07-15,0.1,0.49,0.47
2019-07-16,2.04,0.5,0.47
2019-07-17,2.85,0.5,0.47
2019-07-18,3.22,0.51,0.47
2019-07-19,5.42,0.51,0.47
2019-07-20,18.67,0.65,0.5
2019-07-21,2.33,0.55,0.51
2019-07-22,7.53,0.57,0.51
2019-07-23,4.7,0.57,0.51
2019-07-24,1.57,0.53,0.5
2019-07-25,4.95,0.55,0.5
2019-07-26,5.0,0.55,0.5
2019-07-27,10.37,0.6,0.51
2019-07-28,11.86,0.62,0.52
2019-07-29,19.13,0.68,0.54
2019-07-30,2.9,0.6,0.55
2019-07-31,1.61,0.57,0.54
2019-08-01,4.08,0.57,0.53
2019-08-02,16.89,0.65,0.54
2019-08-03,2.74,0.59,0.55
2019-08-04,0.74,0.56,0.54
2019-08-05,1.62,0.55,0.52
2019-08-06,2.14,0.55,0.52
2019-08-07,0.75,0.53,0.51
2019-08-08,1.37,0.53,0.5
2019-08-09,4.33,0.54,0.5
2019-08-10,2.34,0.54,0.5
2019-08-11,1.72,0.52,0.5
2019-08-12,0.53,0.51,0.49
2019-08-13,1.46,0.5,0.48
2019-08-14,2.42,0.51,0.48
2019-08-15,2.59,0.51,0.48
2019-08-16,7.18,0.55,0.48
2019-08-17,11.75,0.58,0.49
2019-08-18,10.0,0.6,0.51
2019-08-19,11.18,0.56,0.51
2019-08-20,22.85,0.69,0.56
2019-08-21,4.32,0.61,0.56
2019-08-22,1.43,0.57,0.55
2019-08-23,1.84,0.57,0.54
2019-08-24,4.03,0.58,0.53
2019-08-25,3.54,0.55,0.53
2019-08-26,12.68,0.62,0.53
2019-08-27,20.96,0.67,0.55
2019-08-28,44.08,0.78,0.62
2019-08-29,9.92,0.69,0.63
2019-08-30,11.07,0.69,0.63
2019-08-31,14.5,0.71,0.63
2019-09-01,11.32,0.69,0.63
2019-09-02,7.18,0.67,0.62
2019-09-03,2.97,0.64,0.61
2019-09-04,2.23,0.63,0.6
2019-09-05,5.94,0.64,0.59
2019-09-06,6.3,0.64,0.59
2019-09-07,4.08,0.61,0.58
2019-09-08,11.76,0.66,0.59
2019-09-09,10.34,0.65,0.59
2019-09-10,7.54,0.64,0.59
2019-09-11,1.68,0.6,0.59
2019-09-12,1.21,0.59,0.57
2019-09-13,2.36,0.59,0.56
2019-09-14,4.43,0.59,0.56
2019-09-15,6.95,0.62,0.56
2019-09-16,6.96,0.62,0.56
2019-09-17,5.34,0.6,0.56
2019-09-18,14.79,0.68,0.58
2019-09-19,3.18,0.6,0.57
2019-09-20,9.97,0.66,0.58
2019-09-21,3.68,0.62,0.58
2019-09-22,5.33,0.62,0.58
2019-09-23,8.85,0.65,0.58
2019-09-24,5.43,0.63,0.58
2019-09-25,5.86,0.63,0.58
2019-09-26,6.6,0.64,0.58
2019-09-27,3.82,0.62,0.58
2019-09-28,14.09,0.68,0.59
2019-09-29,2.7,0.64,0.59
2019-09-30,1.66,0.62,0.58
2019-10-01,4.55,0.62,0.58
2019-10-02,4.82,0.63,0.58
2019-10-03,2.22,0.61,0.57
2019-10-04,5.2,0.62,0.57
2019-10-05,8.96,0.63,0.58
2019-10-06,48.47,0.79,0.65
2019-10-07,7.47,0.69,0.65
2019-10-08,10.48,0.71,0.65
2019-10-09,6.98,0.68,0.64
2019-10-10,4.94,0.68,0.64
2019-10-11,6.78,0.68,0.63
2019-10-12,18.51,0.73,0.64
2019-10-13,11.99,0.7,0.65
2019-10-14,16.24,0.74,0.67
2019-10-15,1.94,0.68,0.66
2019-10-16,2.57,0.67,0.64
2019-10-17,3.22,0.67,0.63
2019-10-18,4.25,0.66,0.62
2019-10-19,5.59,0.67,0.62
2019-10-20,3.41,0.65,0.62
2019-10-21,4.44,0.65,0.62
2019-10-22,7.21,0.67,0.62
2019-10-23,42.28,0.77,0.65
2019-10-24,1.7,0.7,0.68
2019-10-25,1.8,0.69,0.67
2019-10-26,0.46,0.67,0.65
2019-10-27,1.4,0.65,0.64
2019-10-28,3.4,0.66,0.63
2019-10-29,15.13,0.72,0.64
2019-10-30,2.1,0.67,0.64
2019-10-31,7.61,0.69,0.64
2019-11-01,4.27,0.68,0.65
2019-11-02,3.76,0.67,0.64
2019-11-03,6.35,0.68,0.64
2019-11-04,5.88,0.68,0.64
2019-11-05,1.96,0.66,0.63
2019-11-06,0.82,0.64,0.62
2019-11-07,1.98,0.64,0.61
2019-11-08,2.05,0.64,0.61
2019-11-09,0.19,0.62,0.6
2019-11-10,0.31,0.61,0.6
2019-11-11,0.52,0.61,0.59
2019-11-12,5.8,0.63,0.59
2019-11-13,8.29,0.66,0.6
2019-11-14,14.24,0.69,0.61
2019-11-15,5.65,0.68,0.63
2019-11-16,3.95,0.66,0.62
2019-11-17,0.23,0.65,0.62
2019-11-18,0.19,0.64,0.62
2019-11-19,0.26,0.63,0.61
2019-11-20,0.22,0.62,0.6
2019-11-21,0.01,0.61,0.59
2019-11-22,1.03,0.61,0.59
2019-11-23,1.27,0.6,0.58
2019-11-24,3.19,0.62,0.58
2019-11-25,1.89,0.61,0.58
2019-11-26,1.59,0.6,0.58
2019-11-27,0.57,0.59,0.57
2019-11-28,0.76,0.59,0.57
2019-11-29,0.42,0.58,0.56
2019-11-30,0.33,0.57,0.56
2019-12-01,0.37,0.57,0.55
2019-12-02,0.55,0.57,0.55
2019-12-03,0.58,0.56,0.55
2019-12-04,0.32,0.56,0.54
2019-12-05,0.33,0.55,0.54
2019-12-06,0.41,0.55,0.54
2019-12-07,0.54,0.55,0.54
2019-12-08,2.25,0.56,0.54
2019-12-09,0.84,0.56,0.54
2019-12-10,0.25,0.55,0.54
2019-12-11,0.18,0.55,0.53
2019-12-12,0.66,0.55,0.53
2019-12-13,2.61,0.55,0.53
2019-12-14,4.41,0.58,0.53
2019-12-15,2.75,0.58,0.54
2019-12-16,0.37,0.56,0.54
2019-12-17,0.09,0.55,0.54
2019-12-18,0.11,0.54,0.53
2019-12-19,0.09,0.54,0.53
2019-12-20,0.03,0.53,0.52
2019-12-21,0.16,0.53,0.52
2019-12-22,0.0,0.53,0.52
2019-12-23,0.0,0.52,0.51
2019-12-24,0.0,0.52,0.51
2019-12-25,0.0,0.51,0.51
2019-12-26,0.0,0.51,0.5
2019-12-27,0.02,0.51,0.5
2019-12-28,0.02,0.51,0.5
2019-12-29,0.0,0.5,0.5
2019-12-30,0.01,0.5,0.49
2019-12-31,0.0,0.49,0.49
2020-01-01,0.05,0.49,0.49
2020-01-02,0.04,0.48,0.49
2020-01-03,0.0,0.48,0.48
2020-01-04,0.0,0.47,0.48
2020-01-05,0.0,0.47,0.48
2020-01-06,0.0,0.47,0.48
2020-01-07,0.0,0.47,0.47
2020-01-08,0.0,0.47,0.47
2020-01-09,0.0,0.47,0.47
2020-01-10,0.01,0.47,0.47
2020-01-11,0.53,0.48,0.47
2020-01-12,0.06,0.47,0.47
2020-01-13,0.04,0.46,0.47
2020-01-14,0.0,0.46,0.46
2020-01-15,0.0,0.46,0.46
2020-01-16,0.0,0.45,0.46
2020-01-17,0.0,0.45,0.46
2020-01-18,0.0,0.45,0.46
2020-01-19,0.0,0.45,0.45
2020-01-20,0.01,0.45,0.45
2020-01-21,1.49,0.47,0.45
2020-01-22,0.99,0.49,0.46
2020-01-23,0.05,0.47,0.46
2020-01-24,0.01,0.46,0.46
2020-01-25,0.0,0.45,0.46
2020-01-26,0.0,0.45,0.45
2020-01-27,0.0,0.45,0.45
2020-01-28,0.0,0.45,0.45
2020-01-29,0.0,0.44,0.45
2020-01-30,0.0,0.44,0.45
2020-01-31,0.01,0.44,0.44
2020-02-01,0.1,0.44,0.44
2020-02-02,0.07,0.44,0.44
2020-02-03,0.01,0.43,0.44
2020-02-04,0.0,0.42,0.44
2020-02-05,0.0,0.43,0.43
2020-02-06,0.0,0.42,0.43
2020-02-07,0.0,0.41,0.43
2020-02-08,0.0,0.41,0.43
2020-02-09,0.0,0.41,0.43
2020-02-10,6.52,0.49,0.44
2020-02-11,1.37,0.46,0.44
2020-02-12,0.0,0.43,0.44
2020-02-13,0.0,0.43,0.43
2020-02-14,0.0,0.42,0.43
2020-02-15,0.0,0.41,0.43
2020-02-16,0.0,0.41,0.43
2020-02-17,0.04,0.41,0.42
2020-02-18,0.12,0.41,0.42
2020-02-19,0.47,0.41,0.42
2020-02-20,0.58,0.42,0.42
2020-02-21,1.84,0.43,0.42
2020-02-22,0.77,0.45,0.43
2020-02-23,0.75,0.44,0.43
2020-02-24,0.45,0.42,0.43
2020-02-25,1.0,0.43,0.42
2020-02-26,0.19,0.41,0.42
2020-02-27,2.28,0.43,0.42
2020-02-28,4.21,0.45,0.43
2020-02-29,2.49,0.44,0.43
2020-03-01,1.71,0.43,0.43
2020-03-02,1.93,0.44,0.43
2020-03-03,2.02,0.46,0.43
2020-03-04,2.43,0.46,0.43
2020-03-05,4.45,0.49,0.44
2020-03-06,3.05,0.49,0.44
2020-03-07,3.67,0.49,0.44
2020-03-08,2.35,0.48,0.44
2020-03-09,16.27,0.57,0.45
2020-03-10,73.12,0.79,0.52
2020-03-11,10.74,0.7,0.63
2020-03-12,0.34,0.62,0.6
2020-03-13,0.61,0.59,0.58
2020-03-14,2.9,0.59,0.56
2020-03-15,9.89,0.64,0.56
2020-03-16,0.28,0.57,0.55
2020-03-17,3.11,0.57,0.54
2020-03-18,6.63,0.59,0.54
2020-03-19,2.14,0.57,0.54
2020-03-20,1.01,0.54,0.53
2020-03-21,2.81,0.55,0.52
2020-03-22,12.99,0.62,0.52
2020-03-23,24.75,0.7,0.56
2020-03-24,12.0,0.66,0.58
2020-03-25,7.32,0.65,0.59
2020-03-26,6.56,0.64,0.58
2020-03-27,2.32,0.61,0.57
2020-03-28,1.51,0.59,0.56
2020-03-29,1.84,0.58,0.55
2020-03-30,0.58,0.56,0.54
2020-03-31,1.33,0.56,0.53
2020-04-01,11.75,0.64,0.54
2020-04-02,1.22,0.58,0.54
2020-04-03,7.4,0.59,0.54
2020-04-04,18.2,0.67,0.55
2020-04-05,7.35,0.64,0.57
2020-04-06,11.67,0.66,0.57
2020-04-07,10.88,0.67,0.58
2020-04-08,12.05,0.68,0.59
2020-04-09,7.77,0.66,0.6
2020-04-10,4.34,0.65,0.6
2020-04-11,2.2,0.62,0.59
2020-04-12,3.33,0.61,0.58
2020-04-13,1.05,0.59,0.57
2020-04-14,3.96,0.59,0.55
2020-04-15,4.89,0.6,0.55
2020-04-16,0.37,0.57,0.54
2020-04-17,0.47,0.55,0.53
2020-04-18,1.16,0.55,0.53
2020-04-19,0.8,0.55,0.52
2020-04-20,4.18,0.57,0.52
2020-04-21,0.32,0.54,0.52
2020-04-22,0.23,0.53,0.51
2020-04-23,2.9,0.54,0.51
2020-04-24,1.16,0.54,0.51
2020-04-25,1.21,0.53,0.51
2020-04-26,14.67,0.62,0.51
2020-04-27,1.95,0.56,0.52
2020-04-28,2.47,0.55,0.52
2020-04-29,4.15,0.55,0.51
2020-04-30,8.29,0.61,0.52
2020-05-01,1.18,0.55,0.52
2020-05-02,4.6,0.56,0.52
2020-05-03,9.06,0.62,0.53
2020-05-04,8.11,0.6,0.53
2020-05-05,8.22,0.62,0.54
2020-05-06,3.99,0.59,0.54
2020-05-07,3.89,0.59,0.54
2020-05-08,3.1,0.56,0.53
2020-05-09,2.74,0.57,0.53
2020-05-10,1.4,0.55,0.52
2020-05-11,15.44,0.61,0.52
2020-05-12,2.38,0.6,0.54
2020-05-13,0.95,0.55,0.53
2020-05-14,1.13,0.54,0.52
2020-05-15,2.31,0.55,0.51
2020-05-16,8.8,0.6,0.52
2020-05-17,12.78,0.64,0.53
2020-05-18,9.27,0.64,0.55
2020-05-19,3.29,0.59,0.55
2020-05-20,5.52,0.6,0.55
2020-05-21,2.5,0.59,0.54
2020-05-22,3.6,0.58,0.54
2020-05-23,3.36,0.57,0.53
2020-05-24,2.97,0.57,0.53
2020-05-25,6.17,0.58,0.52
2020-05-26,46.51,0.76,0.58
2020-05-27,2.58,0.63,0.6
2020-05-28,3.7,0.63,0.59
2020-05-29,5.38,0.63,0.58
2020-05-30,1.57,0.61,0.57
2020-05-31,3.2,0.6,0.56
2020-06-01,2.52,0.6,0.56
2020-06-02,6.51,0.62,0.56
2020-06-03,2.12,0.59,0.56
2020-06-04,2.35,0.59,0.55
2020-06-05,8.91,0.62,0.55
2020-06-06,13.75,0.67,0.57
2020-06-07,4.73,0.64,0.58
2020-06-08,1.51,0.59,0.57
2020-06-09,7.34,0.61,0.56
2020-06-10,38.25,0.75,0.59
2020-06-11,6.12,0.69,0.64
2020-06-12,9.37,0.67,0.62
2020-06-13,17.3,0.72,0.63
2020-06-14,17.62,0.73,0.64
2020-06-15,2.99,0.68,0.65
2020-06-16,1.74,0.65,0.63
2020-06-17,7.0,0.66,0.62
2020-06-18,9.78,0.68,0.62
2020-06-19,3.15,0.65,0.62
2020-06-20,2.26,0.64,0.61
2020-06-21,4.49,0.63,0.6
2020-06-22,6.59,0.65,0.6
2020-06-23,4.97,0.64,0.59
2020-06-24,5.41,0.64,0.59
2020-06-25,9.47,0.65,0.59
2020-06-26,7.66,0.65,0.6
2020-06-27,5.81,0.65,0.6
2020-06-28,3.95,0.63,0.6
2020-06-29,7.21,0.64,0.59
2020-06-30,3.21,0.62,0.59
2020-07-01,5.47,0.63,0.58
2020-07-02,10.51,0.66,0.59
2020-07-03,13.41,0.68,0.6
2020-07-04,16.3,0.71,0.62
2020-07-05,0.62,0.65,0.62
2020-07-06,0.49,0.63,0.61
2020-07-07,1.12,0.61,0.59
2020-07-08,2.31,0.61,0.59
2020-07-09,1.93,0.6,0.58
2020-07-10,4.88,0.61,0.58
2020-07-11,4.69,0.63,0.58
2020-07-12,1.66,0.6,0.58
2020-07-13,2.78,0.6,0.57
2020-07-14,6.67,0.63,0.58
2020-07-15,0.42,0.6,0.58
2020-07-16,0.38,0.58,0.57
2020-07-17,1.75,0.58,0.56
2020-07-18,2.35,0.59,0.56
2020-07-19,5.19,0.61,0.56
2020-07-20,1.4,0.58,0.56
2020-07-21,2.19,0.58,0.55
2020-07-22,2.45,0.58,0.55
2020-07-23,2.89,0.58,0.55
2020-07-24,2.43,0.57,0.55
2020-07-25,2.5,0.58,0.55
2020-07-26,0.62,0.56,0.54
2020-07-27,1.41,0.56,0.54
2020-07-28,1.54,0.56,0.54
2020-07-29,1.5,0.55,0.53
2020-07-30,4.55,0.57,0.53
2020-07-31,5.52,0.58,0.53
2020-08-01,14.5,0.63,0.54
2020-08-02,5.84,0.62,0.56
2020-08-03,0.46,0.57,0.56
2020-08-04,0.29,0.56,0.55
2020-08-05,0.21,0.55,0.54
2020-08-06,0.76,0.55,0.53
2020-08-07,2.18,0.55,0.53
2020-08-08,2.18,0.56,0.53
2020-08-09,0.22,0.54,0.53
2020-08-10,0.35,0.53,0.52
2020-08-11,2.11,0.54,0.52
2020-08-12,0.17,0.54,0.52
2020-08-13,0.05,0.53,0.52
2020-08-14,4.3,0.54,0.51
2020-08-15,25.75,0.69,0.54
2020-08-16,2.14,0.6,0.56
2020-08-17,3.06,0.58,0.55
2020-08-18,5.96,0.59,0.55
2020-08-19,1.86,0.57,0.54
2020-08-20,1.67,0.56,0.54
2020-08-21,1.25,0.55,0.53
2020-08-22,2.69,0.56,0.53
2020-08-23,2.19,0.56,0.53
2020-08-24,0.82,0.54,0.52
2020-08-25,0.77,0.53,0.52
2020-08-26,1.92,0.53,0.51
2020-08-27,3.07,0.54,0.51
2020-08-28,6.31,0.56,0.51
2020-08-29,5.26,0.57,0.52
2020-08-30,5.17,0.58,0.52
2020-08-31,3.78,0.57,0.52
2020-09-01,1.21,0.55,0.52
2020-09-02,4.33,0.55,0.52
2020-09-03,20.96,0.68,0.55
2020-09-04,11.19,0.64,0.56
2020-09-05,11.58,0.64,0.57
2020-09-06,24.41,0.73,0.6
2020-09-07,5.89,0.66,0.61
2020-09-08,46.39,0.78,0.64
2020-09-09,15.27,0.74,0.69
2020-09-10,10.51,0.72,0.68
2020-09-11,6.81,0.7,0.66
2020-09-12,11.56,0.7,0.65
2020-09-13,10.44,0.7,0.65
2020-09-14,2.29,0.66,0.64
2020-09-15,4.1,0.65,0.62
2020-09-16,4.61,0.65,0.61
2020-09-17,3.39,0.64,0.61
2020-09-18,1.37,0.62,0.6
2020-09-19,6.24,0.63,0.59
2020-09-20,5.43,0.64,0.59
2020-09-21,1.38,0.62,0.59
2020-09-22,1.79,0.61,0.58
2020-09-23,4.54,0.61,0.58
2020-09-24,13.25,0.68,0.59
2020-09-25,2.81,0.64,0.6
2020-09-26,4.97,0.63,0.59
2020-09-27,2.0,0.62,0.59
2020-09-28,2.05,0.61,0.58
2020-09-29,3.21,0.61,0.57
2020-09-30,6.87,0.64,0.58
2020-10-01,6.07,0.64,0.58
2020-10-02,10.84,0.67,0.59
2020-10-03,26.18,0.73,0.63
2020-10-04,2.18,0.65,0.63
2020-10-05,3.14,0.65,0.62
2020-10-06,4.99,0.65,0.61
2020-10-07,12.0,0.69,0.62
2020-10-08,6.94,0.68,0.62
2020-10-09,3.06,0.65,0.62
2020-10-10,4.94,0.65,0.61
2020-10-11,43.94,0.72,0.62
2020-10-12,74.35,0.81,0.72
2020-10-13,4.78,0.72,0.7
2020-10-14,9.42,0.72,0.68
2020-10-15,16.81,0.75,0.68
2020-10-16,10.24,0.74,0.69
2020-10-17,3.64,0.7,0.68
2020-10-18,10.35,0.72,0.67
2020-10-19,10.83,0.73,0.68
2020-10-20,7.46,0.71,0.67
2020-10-21,6.82,0.71,0.67
2020-10-22,4.98,0.69,0.66
2020-10-23,2.31,0.68,0.66
2020-10-24,0.81,0.66,0.65
2020-10-25,1.04,0.65,0.63
2020-10-26,1.68,0.65,0.63
2020-10-27,2.05,0.65,0.62
2020-10-28,1.08,0.64,0.62
2020-10-29,0.69,0.63,0.61
2020-10-30,0.57,0.62,0.6
2020-10-31,0.72,0.62,0.6
2020-11-01,0.98,0.61,0.6
2020-11-02,4.44,0.63,0.59
2020-11-03,3.3,0.63,0.59
2020-11-04,3.29,0.63,0.59
2020-11-05,6.14,0.65,0.6
2020-11-06,3.49,0.65,0.6
2020-11-07,0.24,0.62,0.6
2020-11-08,1.74,0.62,0.6
2020-11-09,3.33,0.63,0.6
2020-11-10,4.6,0.64,0.6
2020-11-11,5.25,0.65,0.6
2020-11-12,2.1,0.64,0.6
2020-11-13,0.29,0.61,0.6
2020-11-14,0.65,0.61,0.59
2020-11-15,0.54,0.6,0.58
2020-11-16,1.38,0.6,0.58
2020-11-17,1.34,0.59,0.57
2020-11-18,1.93,0.6,0.57
2020-11-19,1.2,0.6,0.57
2020-11-20,0.77,0.59,0.57
2020-11-21,4.01,0.6,0.56
2020-11-22,0.93,0.6,0.57
2020-11-23,0.25,0.58,0.56
2020-11-24,0.66,0.58,0.56
2020-11-25,0.27,0.58,0.56
2020-11-26,0.04,0.57,0.55
2020-11-27,0.07,0.56,0.55
2020-11-28,0.12,0.56,0.54
2020-11-29,0.17,0.56,0.54
2020-11-30,0.14,0.55,0.54
2020-12-01,0.13,0.55,0.54
2020-12-02,0.09,0.55,0.53
2020-12-03,0.04,0.54,0.53
2020-12-04,0.04,0.54,0.53
2020-12-05,0.05,0.53,0.52
2020-12-06,0.09,0.53,0.52
2020-12-07,1.22,0.54,0.52
2020-12-08,4.14,0.56,0.52
2020-12-09,2.95,0.56,0.52
2020-12-10,3.49,0.57,0.53
2020-12-11,1.69,0.55,0.53
2020-12-12,2.45,0.55,0.53
2020-12-13,2.9,0.56,0.53
2020-12-14,6.84,0.59,0.53
2020-12-15,7.23,0.61,0.54
2020-12-16,5.48,0.59,0.54
2020-12-17,11.72,0.65,0.56
2020-12-18,1.31,0.59,0.56
2020-12-19,1.01,0.58,0.56
2020-12-20,1.65,0.58,0.55
2020-12-21,1.09,0.57,0.55
2020-12-22,0.13,0.56,0.54
2020-12-23,0.09,0.55,0.54
2020-12-24,0.92,0.55,0.53
2020-12-25,1.3,0.55,0.53
2020-12-26,0.18,0.54,0.53
2020-12-27,0.0,0.53,0.52
2020-12-28,0.0,0.52,0.51
2020-12-29,0.0,0.52,0.51
2020-12-30,0.0,0.51,0.51
2020-12-31,0.0,0.51,0.5
2021-01-01,0.4,0.51,0.5
2021-01-02,1.11,0.51,0.5
2021-01-03,2.68,0.53,0.5
2021-01-04,3.8,0.54,0.5
2021-01-05,9.13,0.59,0.51
2021-01-06,0.21,0.54,0.51
2021-01-07,0.27,0.52,0.51
2021-01-08,0.18,0.52,0.51
2021-01-09,0.52,0.52,0.5
2021-01-10,0.33,0.51,0.5
2021-01-11,2.04,0.52,0.5
2021-01-12,0.97,0.53,0.5
2021-01-13,0.64,0.52,0.5
2021-01-14,0.18,0.51,0.5
2021-01-15,0.11,0.5,0.49
2021-01-16,0.01,0.49,0.49
2021-01-17,0.01,0.48,0.48
2021-01-18,0.0,0.48,0.48
2021-01-19,0.0,0.47,0.47
2021-01-20,0.03,0.47,0.47
2021-01-21,0.0,0.47,0.47
2021-01-22,0.0,0.46,0.47
2021-01-23,0.0,0.46,0.46
2021-01-24,0.0,0.46,0.46
2021-01-25,0.0,0.46,0.46
2021-01-26,0.0,0.46,0.46
2021-01-27,0.0,0.46,0.46
2021-01-28,0.0,0.45,0.46
2021-01-29,0.0,0.46,0.45
2021-01-30,0.0,0.46,0.45
2021-01-31,0.0,0.46,0.45
2021-02-01,0.0,0.45,0.45
2021-02-02,0.0,0.45,0.45
2021-02-03,0.0,0.45,0.45
2021-02-04,0.0,0.44,0.45
2021-02-05,1.26,0.46,0.45
2021-02-06,2.59,0.47,0.45
2021-02-07,0.64,0.47,0.45
2021-02-08,1.75,0.47,0.45
2021-02-09,0.71,0.46,0.45
2021-02-10,0.09,0.45,0.45
2021-02-11,0.07,0.45,0.45
2021-02-12,0.09,0.44,0.44
2021-02-13,0.16,0.44,0.44
2021-02-14,0.57,0.44,0.44
2021-02-15,11.82,0.55,0.45
2021-02-16,15.53,0.62,0.48
2021-02-17,4.89,0.56,0.49
2021-02-18,46.05,0.69,0.51
2021-02-19,0.63,0.61,0.57
2021-02-20,0.0,0.57,0.55
2021-02-21,0.0,0.55,0.54
2021-02-22,0.0,0.53,0.53
2021-02-23,0.0,0.52,0.51
2021-02-24,0.0,0.51,0.5
2021-02-25,0.15,0.5,0.49
2021-02-26,0.27,0.5,0.49
2021-02-27,0.22,0.49,0.48
2021-02-28,0.92,0.49,0.48
2021-03-01,0.18,0.49,0.47
2021-03-02,0.26,0.47,0.47
2021-03-03,0.58,0.47,0.46
2021-03-04,1.03,0.47,0.46
2021-03-05,1.97,0.48,0.46
2021-03-06,2.99,0.5,0.46
2021-03-07,1.81,0.49,0.46
2021-03-08,2.35,0.51,0.46
2021-03-09,14.53,0.56,0.47
2021-03-10,8.35,0.58,0.49
2021-03-11,23.17,0.68,0.53
2021-03-12,0.64,0.56,0.54
2021-03-13,1.08,0.54,0.52
2021-03-14,2.6,0.55,0.52
2021-03-15,3.16,0.56,0.51
2021-03-16,1.24,0.53,0.51
2021-03-17,24.04,0.66,0.52
2021-03-18,15.33,0.68,0.57
2021-03-19,1.39,0.59,0.56
2021-03-20,4.16,0.59,0.55
2021-03-21,5.52,0.59,0.55
2021-03-22,4.74,0.61,0.55
2021-03-23,2.26,0.58,0.54
2021-03-24,5.24,0.58,0.54
2021-03-25,1.37,0.57,0.54
2021-03-26,0.94,0.55,0.53
2021-03-27,4.74,0.56,0.52
2021-03-28,8.48,0.6,0.52
2021-03-29,5.9,0.59,0.53
2021-03-30,1.4,0.55,0.52
2021-03-31,1.39,0.54,0.51
2021-04-01,0.37,0.53,0.51
2021-04-02,1.24,0.52,0.5
2021-04-03,1.24,0.51,0.49
2021-04-04,1.95,0.51,0.49
2021-04-05,3.1,0.53,0.49
2021-04-06,4.27,0.55,0.49
2021-04-07,2.88,0.54,0.49
2021-04-08,5.52,0.56,0.5
2021-04-09,8.94,0.58,0.5
2021-04-10,3.59,0.58,0.51
2021-04-11,1.38,0.53,0.51
2021-04-12,1.55,0.52,0.5
2021-04-13,3.38,0.52,0.49
2021-04-14,33.97,0.69,0.54
2021-04-15,0.5,0.57,0.54
2021-04-16,13.14,0.62,0.54
2021-04-17,30.1,0.75,0.58
2021-04-18,5.35,0.64,0.6
2021-04-19,13.03,0.68,0.59
2021-04-20,2.75,0.63,0.59
2021-04-21,6.61,0.64,0.58
2021-04-22,2.08,0.61,0.58
2021-04-23,3.13,0.6,0.57
2021-04-24,9.56,0.63,0.56
2021-04-25,6.26,0.64,0.57
2021-04-26,1.03,0.59,0.56
2021-04-27,4.43,0.59,0.55
2021-04-28,4.7,0.61,0.55
2021-04-29,0.78,0.57,0.55
2021-04-30,1.21,0.56,0.54
2021-05-01,0.45,0.55,0.53
2021-05-02,3.62,0.56,0.52
2021-05-03,3.82,0.58,0.52
2021-05-04,0.61,0.55,0.52
2021-05-05,3.22,0.55,0.52
2021-05-06,1.08,0.54,0.51
2021-05-07,0.26,0.53,0.51
2021-05-08,1.83,0.53,0.5
2021-05-09,1.86,0.53,0.5
2021-05-10,1.67,0.52,0.49
2021-05-11,0.82,0.51,0.49
2021-05-12,0.95,0.51,0.48
2021-05-13,1.13,0.5,0.48
2021-05-14,2.7,0.51,0.47
2021-05-15,2.39,0.52,0.48
2021-05-16,4.9,0.54,0.48
2021-05-17,2.84,0.53,0.48
2021-05-18,6.56,0.56,0.49
2021-05-19,5.42,0.57,0.5
2021-05-20,1.94,0.53,0.49
2021-05-21,1.58,0.53,0.49
2021-05-22,0.69,0.52,0.49
2021-05-23,1.43,0.51,0.48
2021-05-24,2.41,0.52,0.48
2021-05-25,0.77,0.5,0.48
2021-05-26,2.79,0.5,0.47
2021-05-27,5.69,0.55,0.48
2021-05-28,5.65,0.56,0.48
2021-05-29,1.82,0.53,0.48
2021-05-30,7.94,0.55,0.48
2021-05-31,13.16,0.64,0.51
2021-06-01,0.94,0.54,0.51
2021-06-02,3.95,0.56,0.51
2021-06-03,2.84,0.55,0.5
2021-06-04,3.85,0.55,0.5
2021-06-05,6.82,0.57,0.5
2021-06-06,9.22,0.6,0.51
2021-06-07,4.66,0.58,0.52
2021-06-08,5.25,0.57,0.51
2021-06-09,9.64,0.59,0.52
2021-06-10,28.35,0.72,0.56
2021-06-11,2.44,0.61,0.57
2021-06-12,2.39,0.59,0.55
2021-06-13,5.72,0.6,0.55
2021-06-14,9.86,0.63,0.55
2021-06-15,12.02,0.65,0.56
2021-06-16,4.22,0.62,0.57
2021-06-17,0.73,0.58,0.55
2021-06-18,5.52,0.59,0.54
2021-06-19,6.39,0.6,0.54
2021-06-20,10.8,0.63,0.54
2021-06-21,10.75,0.63,0.55
2021-06-22,11.66,0.67,0.57
2021-06-23,14.05,0.66,0.57
2021-06-24,39.35,0.77,0.64
2021-06-25,16.72,0.73,0.65
2021-06-26,9.38,0.7,0.65
2021-06-27,8.73,0.7,0.65
2021-06-28,2.84,0.66,0.64
2021-06-29,3.21,0.65,0.62
2021-06-30,8.68,0.66,0.61
2021-07-01,9.35,0.68,0.61
2021-07-02,8.82,0.68,0.61
2021-07-03,11.14,0.67,0.61
2021-07-04,13.46,0.7,0.63
2021-07-05,8.92,0.69,0.63
2021-07-06,5.26,0.67,0.63
2021-07-07,3.52,0.65,0.61
2021-07-08,7.18,0.66,0.61
2021-07-09,8.84,0.67,0.61
2021-07-10,1.4,0.64,0.61
2021-07-11,0.75,0.62,0.6
2021-07-12,1.09,0.6,0.58
2021-07-13,1.47,0.59,0.57
2021-07-14,3.37,0.59,0.57
2021-07-15,6.04,0.62,0.57
2021-07-16,8.15,0.62,0.57
2021-07-17,10.1,0.66,0.59
2021-07-18,1.13,0.61,0.59
2021-07-19,2.98,0.6,0.57
2021-07-20,0.83,0.59,0.57
2021-07-21,0.43,0.57,0.56
2021-07-22,1.1,0.56,0.55
2021-07-23,1.47,0.56,0.54
2021-07-24,0.87,0.56,0.54
2021-07-25,1.84,0.55,0.53
2021-07-26,2.17,0.55,0.53
2021-07-27,1.92,0.55,0.53
2021-07-28,2.67,0.55,0.52
2021-07-29,1.23,0.55,0.53
2021-07-30,2.43,0.54,0.52
2021-07-31,9.03,0.58,0.52
2021-08-01,12.8,0.65,0.55
2021-08-02,1.21,0.57,0.55
2021-08-03,1.26,0.56,0.54
2021-08-04,4.66,0.58,0.54
2021-08-05,7.82,0.61,0.54
2021-08-06,1.32,0.57,0.54
2021-08-07,1.02,0.56,0.54
2021-08-08,4.58,0.57,0.53
2021-08-09,6.71,0.6,0.54
2021-08-10,3.75,0.58,0.54
2021-08-11,9.36,0.61,0.54
2021-08-12,23.54,0.71,0.58
2021-08-13,3.55,0.63,0.59
2021-08-14,0.05,0.6,0.58
2021-08-15,0.2,0.58,0.57
2021-08-16,0.29,0.57,0.55
2021-08-17,0.36,0.56,0.54
2021-08-18,0.16,0.55,0.54
2021-08-19,1.04,0.55,0.53
2021-08-20,11.32,0.62,0.54
2021-08-21,8.19,0.61,0.55
2021-08-22,22.5,0.7,0.58
2021-08-23,2.24,0.62,0.59
2021-08-24,7.36,0.63,0.58
2021-08-25,20.92,0.71,0.6
2021-08-26,5.11,0.65,0.61
2021-08-27,2.69,0.64,0.6
2021-08-28,13.41,0.65,0.6
2021-08-29,67.82,0.87,0.69
2021-08-30,5.02,0.73,0.72
2021-08-31,4.37,0.71,0.69
2021-09-01,2.38,0.68,0.67
2021-09-02,4.65,0.68,0.65
2021-09-03,3.67,0.67,0.64
2021-09-04,3.72,0.65,0.63
2021-09-05,6.67,0.67,0.62
2021-09-06,1.77,0.64,0.62
2021-09-07,0.62,0.62,0.6
2021-09-08,0.67,0.62,0.6
2021-09-09,6.47,0.64,0.59
2021-09-10,30.96,0.73,0.64
2021-09-11,2.74,0.65,0.63
2021-09-12,11.77,0.69,0.63
2021-09-13,1.49,0.65,0.63
2021-09-14,5.17,0.65,0.62
2021-09-15,13.93,0.71,0.63
2021-09-16,2.23,0.66,0.63
2021-09-17,4.7,0.66,0.63
2021-09-18,6.41,0.67,0.62
2021-09-19,4.67,0.67,0.62
2021-09-20,3.84,0.65,0.62
2021-09-21,2.96,0.64,0.61
2021-09-22,2.6,0.64,0.61
2021-09-23,2.57,0.63,0.6
2021-09-24,4.63,0.64,0.6
2021-09-25,8.54,0.66,0.6
2021-09-26,25.3,0.75,0.63
2021-09-27,0.93,0.67,0.65
2021-09-28,3.99,0.66,0.64
2021-09-29,6.77,0.67,0.63
2021-09-30,6.71,0.67,0.63
2021-10-01,11.21,0.69,0.63
2021-10-02,9.04,0.7,0.64
2021-10-03,3.81,0.67,0.64
2021-10-04,2.86,0.65,0.63
2021-10-05,4.46,0.66,0.62
2021-10-06,6.0,0.67,0.62
2021-10-07,5.65,0.67,0.62
2021-10-08,1.02,0.65,0.62
2021-10-09,2.13,0.64,0.61
2021-10-10,5.75,0.65,0.61
2021-10-11,3.86,0.65,0.61
2021-10-12,3.02,0.64,0.61
2021-10-13,1.28,0.62,0.6
2021-10-14,0.93,0.62,0.59
2021-10-15,1.03,0.61,0.59
2021-10-16,0.92,0.61,0.58
2021-10-17,0.5,0.59,0.58
2021-10-18,1.63,0.59,0.57
2021-10-19,2.59,0.6,0.57
2021-10-20,18.81,0.65,0.58
2021-10-21,18.02,0.7,0.62
2021-10-22,3.47,0.65,0.62
2021-10-23,7.37,0.67,0.62
2021-10-24,7.11,0.67,0.62
2021-10-25,15.29,0.72,0.64
2021-10-26,3.78,0.68,0.64
2021-10-27,5.81,0.68,0.64
2021-10-28,4.15,0.67,0.63
2021-10-29,4.12,0.66,0.63
2021-10-30,2.93,0.65,0.62
2021-10-31,3.09,0.65,0.62
2021-11-01,3.66,0.65,0.62
2021-11-02,0.88,0.63,0.61
2021-11-03,2.22,0.63,0.6
2021-11-04,4.32,0.64,0.6
2021-11-05,7.83,0.66,0.6
2021-11-06,5.07,0.66,0.61
2021-11-07,1.71,0.63,0.61
2021-11-08,7.5,0.65,0.6
2021-11-09,12.31,0.7,0.62
2021-11-10,8.34,0.69,0.63
2021-11-11,6.24,0.68,0.63
2021-11-12,3.81,0.67,0.63
2021-11-13,4.09,0.66,0.63
2021-11-14,1.68,0.65,0.63
2021-11-15,2.1,0.65,0.62
2021-11-16,3.48,0.65,0.62
2021-11-17,0.92,0.63,0.61
2021-11-18,1.78,0.63,0.6
2021-11-19,1.21,0.63,0.6
2021-11-20,0.77,0.61,0.59
2021-11-21,0.91,0.61,0.59
2021-11-22,0.84,0.6,0.58
2021-11-23,0.97,0.6,0.58
2021-11-24,0.35,0.59,0.57
2021-11-25,0.35,0.59,0.57
2021-11-26,0.43,0.58,0.56
2021-11-27,2.33,0.6,0.56
2021-11-28,1.93,0.6,0.57
2021-11-29,2.62,0.6,0.57
2021-11-30,0.95,0.59,0.56
2021-12-01,0.92,0.58,0.56
2021-12-02,0.0,0.57,0.55
2021-12-03,0.0,0.57,0.55
2021-12-04,0.0,0.56,0.55
2021-12-05,0.0,0.56,0.54
2021-12-06,0.0,0.55,0.54
2021-12-07,0.51,0.56,0.54
2021-12-08,0.42,0.55,0.54
2021-12-09,0.25,0.55,0.53
2021-12-10,0.31,0.54,0.53
2021-12-11,0.59,0.54,0.53
2021-12-12,0.1,0.54,0.53
2021-12-13,0.08,0.53,0.52
2021-12-14,0.4,0.53,0.52
2021-12-15,0.78,0.54,0.52
2021-12-16,1.02,0.54,0.52
2021-12-17,0.21,0.53,0.52
2021-12-18,0.13,0.52,0.52
2021-12-19,0.16,0.52,0.51
2021-12-20,0.15,0.52,0.51
2021-12-21,0.04,0.51,0.51
2021-12-22,0.04,0.51,0.5
2021-12-23,0.02,0.51,0.5
2021-12-24,0.08,0.51,0.5
2021-12-25,0.19,0.51,0.5
2021-12-26,0.42,0.51,0.5
2021-12-27,0.57,0.51,0.5
2021-12-28,0.11,0.51,0.5
2021-12-29,0.5,0.51,0.49
2021-12-30,0.52,0.51,0.49
2021-12-31,0.88,0.51,0.49
2022-01-01,4.19,0.53,0.49
2022-01-02,8.45,0.58,0.51
2022-01-03,0.29,0.52,0.51
2022-01-04,0.99,0.52,0.51
2022-01-05,3.57,0.54,0.5
2022-01-06,0.0,0.51,0.5
2022-01-07,0.0,0.51,0.5
2022-01-08,0.0,0.5,0.5
2022-01-09,0.0,0.5,0.49
2022-01-10,0.0,0.49,0.49
2022-01-11,0.52,0.5,0.49
2022-01-12,0.15,0.49,0.49
2022-01-13,0.25,0.49,0.48
2022-01-14,2.83,0.51,0.48
2022-01-15,0.19,0.5,0.48
2022-01-16,0.0,0.48,0.48
2022-01-17,0.0,0.47,0.48
2022-01-18,0.0,0.47,0.47
2022-01-19,0.0,0.47,0.47
2022-01-20,0.0,0.46,0.47
2022-01-21,0.0,0.46,0.46
2022-01-22,0.0,0.46,0.46
2022-01-23,0.0,0.45,0.46
2022-01-24,0.0,0.45,0.46
2022-01-25,0.0,0.45,0.46
2022-01-26,0.0,0.44,0.45
2022-01-27,0.0,0.45,0.45
2022-01-28,0.0,0.45,0.45
2022-01-29,0.0,0.44,0.45
2022-01-30,0.0,0.44,0.45
2022-01-31,0.0,0.44,0.44
2022-02-01,0.0,0.43,0.44
2022-02-02,0.0,0.43,0.44
2022-02-03,0.0,0.43,0.44
2022-02-04,0.0,0.43,0.44
2022-02-05,0.0,0.43,0.44
2022-02-06,0.02,0.43,0.43
2022-02-07,0.04,0.43,0.43
2022-02-08,0.02,0.43,0.43
2022-02-09,0.01,0.43,0.43
2022-02-10,0.04,0.42,0.43
2022-02-11,0.12,0.42,0.43
2022-02-12,0.21,0.42,0.43
2022-02-13,0.48,0.42,0.43
2022-02-14,0.57,0.43,0.43
2022-02-15,0.0,0.41,0.43
2022-02-16,0.0,0.41,0.43
2022-02-17,0.0,0.42,0.43
2022-02-18,0.01,0.42,0.43
2022-02-19,0.0,0.41,0.42
2022-02-20,2.48,0.43,0.42
2022-02-21,3.83,0.48,0.43
2022-02-22,2.49,0.47,0.43
2022-02-23,0.15,0.45,0.43
2022-02-24,0.51,0.43,0.43
2022-02-25,1.13,0.44,0.43
2022-02-26,2.26,0.45,0.43
2022-02-27,3.6,0.48,0.43
2022-02-28,0.72,0.46,0.44
2022-03-01,0.71,0.44,0.43
2022-03-02,7.48,0.5,0.44
2022-03-03,0.69,0.48,0.45
2022-03-04,7.62,0.52,0.45
2022-03-05,10.57,0.56,0.46
2022-03-06,1.95,0.53,0.47
2022-03-07,1.64,0.5,0.47
2022-03-08,1.84,0.49,0.46
2022-03-09,2.13,0.49,0.46
2022-03-10,1.14,0.48,0.46
2022-03-11,1.34,0.47,0.45
2022-03-12,15.04,0.56,0.46
2022-03-13,12.31,0.61,0.49
2022-03-14,19.26,0.63,0.5
2022-03-15,9.98,0.63,0.53
2022-03-16,4.82,0.59,0.53
2022-03-17,3.43,0.57,0.53
2022-03-18,3.5,0.56,0.52
2022-03-19,13.03,0.64,0.53
2022-03-20,5.41,0.6,0.53
2022-03-21,5.02,0.59,0.53
2022-03-22,2.92,0.57,0.53
2022-03-23,3.25,0.56,0.52
2022-03-24,5.65,0.58,0.52
2022-03-25,8.06,0.6,0.52
2022-03-26,6.16,0.6,0.53
2022-03-27,1.31,0.55,0.52
2022-03-28,1.87,0.55,0.52
2022-03-29,0.87,0.53,0.51
2022-03-30,1.77,0.53,0.5
2022-03-31,2.43,0.53,0.5
2022-04-01,1.24,0.52,0.49
2022-04-02,2.46,0.54,0.49
2022-04-03,0.02,0.5,0.49
2022-04-04,0.07,0.49,0.48
2022-04-05,0.08,0.48,0.47
2022-04-06,8.93,0.54,0.47
2022-04-07,4.73,0.55,0.48
2022-04-08,6.63,0.54,0.48
2022-04-09,8.51,0.57,0.49
2022-04-10,7.87,0.59,0.5
2022-04-11,2.47,0.55,0.5
2022-04-12,3.67,0.54,0.49
2022-04-13,8.38,0.57,0.5
2022-04-14,7.34,0.59,0.51
2022-04-15,3.29,0.55,0.51
2022-04-16,6.66,0.58,0.51
2022-04-17,1.67,0.55,0.51
2022-04-18,0.97,0.52,0.5
2022-04-19,2.75,0.52,0.49
2022-04-20,2.04,0.53,0.49
2022-04-21,5.25,0.54,0.49
2022-04-22,4.15,0.55,0.49
2022-04-23,2.6,0.52,0.48
2022-04-24,8.38,0.56,0.48
2022-04-25,3.28,0.56,0.49
2022-04-26,1.42,0.52,0.49
2022-04-27,0.7,0.5,0.48
2022-04-28,4.35,0.51,0.47
2022-04-29,1.05,0.52,0.48
2022-04-30,0.65,0.49,0.47
2022-05-01,5.21,0.52,0.47
2022-05-02,8.41,0.57,0.48
2022-05-03,3.24,0.55,0.48
2022-05-04,7.72,0.56,0.48
2022-05-05,19.24,0.66,0.51
2022-05-06,5.09,0.6,0.52
2022-05-07,2.1,0.56,0.52
2022-05-08,7.29,0.59,0.52
2022-05-09,5.35,0.59,0.52
2022-05-10,8.62,0.61,0.52
2022-05-11,2.91,0.57,0.52
2022-05-12,6.19,0.59,0.52
2022-05-13,5.63,0.59,0.52
2022-05-14,11.73,0.63,0.53
2022-05-15,11.41,0.64,0.54
2022-05-16,5.79,0.61,0.54
2022-05-17,4.21,0.59,0.54
2022-05-18,7.79,0.61,0.54
2022-05-19,10.09,0.63,0.54
2022-05-20,17.15,0.68,0.56
2022-05-21,2.28,0.61,0.56
2022-05-22,5.96,0.62,0.56
2022-05-23,3.57,0.59,0.55
2022-05-24,20.19,0.69,0.57
2022-05-25,2.45,0.6,0.57
2022-05-26,2.78,0.59,0.56
2022-05-27,2.09,0.59,0.55
2022-05-28,1.45,0.57,0.54
2022-05-29,1.54,0.56,0.53
2022-05-30,1.67,0.55,0.52
2022-05-31,4.89,0.57,0.52
2022-06-01,3.72,0.58,0.52
2022-06-02,1.21,0.54,0.51
2022-06-03,6.21,0.56,0.51
2022-06-04,2.54,0.57,0.51
2022-06-05,2.26,0.55,0.51
2022-06-06,6.89,0.57,0.51
2022-06-07,4.15,0.58,0.52
2022-06-08,0.71,0.53,0.51
2022-06-09,4.24,0.55,0.5
2022-06-10,6.67,0.58,0.5
2022-06-11,8.78,0.59,0.51
2022-06-12,3.58,0.58,0.52
2022-06-13,1.7,0.54,0.51
2022-06-14,3.84,0.55,0.51
2022-06-15,26.51,0.66,0.52
2022-06-16,73.22,0.87,0.63
2022-06-17,43.82,0.83,0.73
2022-06-18,2.68,0.74,0.74
2022-06-19,1.19,0.7,0.7
2022-06-20,10.4,0.71,0.67
2022-06-21,9.51,0.72,0.67
2022-06-22,8.09,0.7,0.66
2022-06-23,11.54,0.71,0.65
2022-06-24,10.78,0.7,0.65
2022-06-25,5.06,0.68,0.64
2022-06-26,0.74,0.65,0.63
2022-06-27,2.93,0.64,0.61
2022-06-28,5.0,0.65,0.6
2022-06-29,2.86,0.63,0.6
2022-06-30,4.24,0.64,0.59
2022-07-01,1.49,0.62,0.59
2022-07-02,2.11,0.61,0.58
2022-07-03,1.5,0.6,0.57
2022-07-04,2.3,0.59,0.57
2022-07-05,5.1,0.61,0.57
2022-07-06,4.28,0.61,0.56
2022-07-07,4.55,0.61,0.56
2022-07-08,13.5,0.64,0.57
2022-07-09,46.22,0.8,0.64
2022-07-10,5.98,0.69,0.65
2022-07-11,4.46,0.67,0.64
2022-07-12,5.9,0.66,0.63
2022-07-13,9.58,0.68,0.62
2022-07-14,9.09,0.68,0.62
2022-07-15,1.15,0.65,0.62
2022-07-16,1.7,0.62,0.6
2022-07-17,1.75,0.62,0.6
2022-07-18,1.17,0.61,0.59
2022-07-19,0.62,0.6,0.58
2022-07-20,0.54,0.59,0.57
2022-07-21,0.32,0.58,0.57
2022-07-22,0.24,0.57,0.56
2022-07-23,1.29,0.57,0.55
2022-07-24,2.99,0.59,0.55
2022-07-25,1.55,0.57,0.55
2022-07-26,7.77,0.59,0.54
2022-07-27,8.44,0.64,0.56
2022-07-28,3.11,0.6,0.57
2022-07-29,0.6,0.58,0.56
2022-07-30,2.19,0.58,0.55
2022-07-31,5.05,0.6,0.55
2022-08-01,15.21,0.65,0.57
2022-08-02,7.01,0.65,0.59
2022-08-03,2.23,0.6,0.58
2022-08-04,0.26,0.59,0.57
2022-08-05,0.13,0.58,0.56
2022-08-06,0.05,0.57,0.55
2022-08-07,0.05,0.56,0.54
2022-08-08,0.1,0.55,0.53
2022-08-09,1.74,0.55,0.53
2022-08-10,1.58,0.55,0.53
2022-08-11,0.71,0.54,0.52
2022-08-12,2.23,0.54,0.52
2022-08-13,12.81,0.64,0.54
2022-08-14,7.7,0.62,0.55
2022-08-15,7.95,0.62,0.56
2022-08-16,2.38,0.6,0.56
2022-08-17,0.56,0.58,0.56
2022-08-18,1.13,0.57,0.55
2022-08-19,3.36,0.57,0.54
2022-08-20,6.71,0.61,0.55
2022-08-21,2.13,0.58,0.55
2022-08-22,4.29,0.58,0.54
2022-08-23,22.79,0.68,0.56
2022-08-24,0.58,0.61,0.58
2022-08-25,0.41,0.59,0.57
2022-08-26,3.02,0.58,0.55
2022-08-27,15.19,0.67,0.57
2022-08-28,6.27,0.64,0.58
2022-08-29,1.77,0.6,0.58
2022-08-30,2.89,0.6,0.57
2022-08-31,20.24,0.68,0.57
2022-09-01,15.55,0.7,0.62
2022-09-02,1.01,0.63,0.61
2022-09-03,9.51,0.66,0.6
2022-09-04,15.17,0.7,0.61
2022-09-05,36.6,0.77,0.64
2022-09-06,105.0,0.88,0.76
2022-09-07,16.2,0.79,0.77
2022-09-08,5.62,0.75,0.75
2022-09-09,9.74,0.75,0.73
2022-09-10,28.75,0.8,0.74
2022-09-11,8.02,0.74,0.73
2022-09-12,9.83,0.74,0.71
2022-09-13,19.41,0.77,0.72
2022-09-14,13.71,0.75,0.72
2022-09-15,12.93,0.75,0.71
2022-09-16,53.22,0.82,0.72
2022-09-17,83.33,0.89,0.84
2022-09-18,1.29,0.77,0.81
2022-09-19,1.63,0.75,0.75
2022-09-20,5.57,0.74,0.72
2022-09-21,6.57,0.74,0.71
2022-09-22,2.18,0.71,0.69
2022-09-23,28.54,0.8,0.71
2022-09-24,17.21,0.78,0.73
2022-09-25,57.93,0.88,0.77
2022-09-26,32.69,0.85,0.82
2022-09-27,8.89,0.8,0.79
2022-09-28,4.0,0.78,0.76
2022-09-29,3.38,0.77,0.74
2022-09-30,2.01,0.76,0.73
2022-10-01,2.2,0.75,0.72
2022-10-02,8.34,0.77,0.72
2022-10-03,2.53,0.76,0.73
2022-10-04,1.74,0.75,0.72
2022-10-05,1.94,0.74,0.71
2022-10-06,0.77,0.73,0.71
2022-10-07,2.44,0.74,0.7
2022-10-08,13.68,0.77,0.72
2022-10-09,3.72,0.75,0.72
2022-10-10,1.21,0.74,0.71
2022-10-11,8.12,0.75,0.71
2022-10-12,1.35,0.74,0.71
2022-10-13,3.32,0.74,0.7
2022-10-14,15.46,0.76,0.71
2022-10-15,56.06,0.88,0.78
2022-10-16,1.25,0.78,0.77
2022-10-17,1.75,0.77,0.75
2022-10-18,10.19,0.78,0.74
2022-10-19,13.46,0.8,0.75
2022-10-20,6.86,0.8,0.76
2022-10-21,2.25,0.77,0.75
2022-10-22,5.6,0.78,0.75
2022-10-23,1.35,0.77,0.74
2022-10-24,0.94,0.76,0.74
2022-10-25,1.12,0.75,0.73
2022-10-26,1.02,0.75,0.73
2022-10-27,0.92,0.75,0.72
2022-10-28,6.93,0.76,0.72
2022-10-29,2.46,0.75,0.73
2022-10-30,1.3,0.74,0.72
2022-10-31,6.02,0.75,0.72
2022-11-01,10.77,0.77,0.72
2022-11-02,2.79,0.76,0.73
2022-11-03,2.03,0.75,0.72
2022-11-04,1.63,0.75,0.72
2022-11-05,2.5,0.75,0.72
2022-11-06,5.03,0.75,0.72
2022-11-07,0.61,0.74,0.72
2022-11-08,0.26,0.73,0.71
2022-11-09,0.2,0.73,0.71
2022-11-10,0.77,0.73,0.7
2022-11-11,0.64,0.72,0.7
2022-11-12,3.96,0.73,0.69
2022-11-13,6.42,0.74,0.7
2022-11-14,5.48,0.74,0.7
2022-11-15,4.47,0.74,0.71
2022-11-16,0.48,0.72,0.7
2022-11-17,0.06,0.71,0.69
2022-11-18,0.09,0.71,0.69
2022-11-19,0.51,0.71,0.68
2022-11-20,2.44,0.71,0.68
2022-11-21,1.51,0.71,0.68
2022-11-22,0.31,0.7,0.68
2022-11-23,0.13,0.7,0.68
2022-11-24,1.02,0.7,0.67
2022-11-25,0.33,0.7,0.67
2022-11-26,0.12,0.69,0.67
2022-11-27,1.29,0.69,0.66
2022-11-28,3.9,0.71,0.67
2022-11-29,1.42,0.7,0.67
2022-11-30,4.23,0.7,0.67
2022-12-01,5.65,0.71,0.67
2022-12-02,2.98,0.71,0.68
2022-12-03,1.49,0.7,0.67
2022-12-04,1.04,0.69,0.67
2022-12-05,1.15,0.7,0.67
2022-12-06,0.79,0.69,0.66
2022-12-07,0.22,0.68,0.66
2022-12-08,0.11,0.68,0.65
2022-12-09,0.43,0.68,0.65
2022-12-10,0.42,0.68,0.65
2022-12-11,0.14,0.67,0.65
2022-12-12,0.01,0.67,0.65
2022-12-13,0.0,0.67,0.65
2022-12-14,0.0,0.66,0.64
2022-12-15,0.01,0.66,0.64
2022-12-16,0.0,0.66,0.64
2022-12-17,0.2,0.66,0.63
2022-12-18,0.37,0.65,0.63
2022-12-19,0.34,0.65,0.63
2022-12-20,0.06,0.65,0.63
2022-12-21,0.0,0.64,0.63
2022-12-22,0.0,0.64,0.62
2022-12-23,0.0,0.64,0.62
2022-12-24,0.0,0.64,0.62
2022-12-25,0.0,0.64,0.62
2022-12-26,0.0,0.63,0.62
2022-12-27,0.0,0.63,0.61
2022-12-28,0.0,0.63,0.61
2022-12-29,0.0,0.63,0.61
2022-12-30,0.0,0.63,0.61
2022-12-31,0.0,0.62,0.61
2023-01-01,0.0,0.62,0.61
2023-01-02,0.0,0.62,0.61
2023-01-03,0.0,0.62,0.6
2023-01-04,0.0,0.61,0.6
2023-01-05,0.0,0.61,0.6
2023-01-06,0.0,0.61,0.6
2023-01-07,0.0,0.61,0.6
2023-01-08,0.0,0.61,0.59
2023-01-09,0.0,0.6,0.59
2023-01-10,0.0,0.6,0.59
2023-01-11,0.01,0.6,0.59
2023-01-12,0.01,0.6,0.59
2023-01-13,0.0,0.59,0.58
2023-01-14,0.0,0.59,0.58
2023-01-15,0.0,0.59,0.58
2023-01-16,0.0,0.58,0.58
2023-01-17,0.0,0.58,0.57
2023-01-18,0.0,0.58,0.57
2023-01-19,0.0,0.58,0.57
2023-01-20,0.0,0.58,0.57
2023-01-21,0.07,0.57,0.57
2023-01-22,0.26,0.57,0.56
2023-01-23,0.52,0.57,0.56
2023-01-24,0.45,0.58,0.56
2023-01-25,0.34,0.58,0.56
2023-01-26,0.79,0.58,0.57
2023-01-27,0.97,0.58,0.56
2023-01-28,0.46,0.57,0.56
2023-01-29,0.86,0.57,0.56
2023-01-30,0.12,0.56,0.56
2023-01-31,1.6,0.57,0.55
2023-02-01,0.29,0.56,0.55
2023-02-02,0.92,0.56,0.55
2023-02-03,0.8,0.56,0.55
2023-02-04,3.2,0.57,0.55
2023-02-05,3.35,0.59,0.55
2023-02-06,0.06,0.56,0.55
2023-02-07,0.82,0.56,0.55
2023-02-08,0.65,0.56,0.55
2023-02-09,0.46,0.56,0.54
2023-02-10,0.45,0.55,0.54
2023-02-11,0.3,0.54,0.54
2023-02-12,1.19,0.55,0.53
2023-02-13,0.88,0.55,0.53
2023-02-14,0.59,0.54,0.53
2023-02-15,0.61,0.54,0.53
2023-02-16,0.24,0.53,0.52
2023-02-17,0.02,0.52,0.52
2023-02-18,0.02,0.52,0.52
2023-02-19,0.0,0.52,0.51
2023-02-20,0.03,0.52,0.51
2023-02-21,0.02,0.51,0.51
2023-02-22,0.36,0.51,0.5
2023-02-23,1.21,0.52,0.5
2023-02-24,2.43,0.54,0.51
2023-02-25,1.47,0.54,0.51
2023-02-26,1.17,0.54,0.51
2023-02-27,1.1,0.53,0.51
2023-02-28,2.55,0.54,0.51
2023-03-01,4.2,0.57,0.52
2023-03-02,10.97,0.62,0.53
2023-03-03,9.61,0.62,0.54
2023-03-04,16.99,0.67,0.56
2023-03-05,9.95,0.66,0.58
2023-03-06,8.89,0.64,0.58
2023-03-07,2.75,0.63,0.58
2023-03-08,1.03,0.6,0.58
2023-03-09,1.74,0.58,0.57
2023-03-10,3.41,0.6,0.56
2023-03-11,4.77,0.61,0.56
2023-03-12,1.01,0.58,0.56
2023-03-13,0.24,0.56,0.55
2023-03-14,1.62,0.56,0.54
2023-03-15,2.26,0.56,0.54
2023-03-16,1.59,0.56,0.53
2023-03-17,8.54,0.61,0.54
2023-03-18,4.33,0.59,0.54
2023-03-19,6.18,0.61,0.55
2023-03-20,2.6,0.57,0.55
2023-03-21,8.1,0.61,0.55
2023-03-22,20.31,0.69,0.57
2023-03-23,20.96,0.72,0.61
2023-03-24,15.85,0.71,0.62
2023-03-25,8.65,0.69,0.64
2023-03-26,3.87,0.65,0.62
2023-03-27,6.14,0.66,0.61
2023-03-28,2.38,0.64,0.61
2023-03-29,2.4,0.62,0.59
2023-03-30,5.25,0.64,0.59
2023-03-31,2.02,0.61,0.59
2023-04-01,0.54,0.59,0.57
2023-04-02,0.92,0.58,0.57
2023-04-03,1.57,0.58,0.56
2023-04-04,0.83,0.57,0.55
2023-04-05,0.4,0.56,0.54
2023-04-06,0.4,0.55,0.54
2023-04-07,1.33,0.55,0.53
2023-04-08,1.12,0.55,0.53
2023-04-09,2.13,0.56,0.52
2023-04-10,0.57,0.55,0.53
2023-04-11,1.58,0.54,0.52
2023-04-12,1.1,0.53,0.51
2023-04-13,2.11,0.54,0.51
2023-04-14,1.9,0.54,0.51
2023-04-15,3.42,0.56,0.51
2023-04-16,5.37,0.57,0.52
2023-04-17,9.75,0.62,0.53
2023-04-18,9.96,0.62,0.54
2023-04-19,11.73,0.65,0.55
2023-04-20,6.63,0.63,0.57
2023-04-21,1.3,0.58,0.56
2023-04-22,2.58,0.58,0.55
2023-04-23,3.67,0.59,0.55
2023-04-24,8.78,0.61,0.55
2023-04-25,1.77,0.6,0.56
2023-04-26,9.39,0.62,0.55
2023-04-27,1.56,0.59,0.56
2023-04-28,3.13,0.59,0.55
2023-04-29,1.42,0.57,0.55
2023-04-30,3.63,0.58,0.54
2023-05-01,1.45,0.57,0.54
2023-05-02,0.22,0.55,0.53
2023-05-03,0.71,0.54,0.52
2023-05-04,1.19,0.53,0.51
2023-05-05,1.24,0.54,0.51
2023-05-06,1.72,0.53,0.5
2023-05-07,1.96,0.54,0.5
2023-05-08,1.09,0.52,0.5
2023-05-09,1.48,0.52,0.5
2023-05-10,4.31,0.54,0.5
2023-05-11,4.6,0.55,0.5
2023-05-12,5.03,0.56,0.5
2023-05-13,12.3,0.6,0.51
2023-05-14,13.18,0.64,0.53
2023-05-15,55.58,0.76,0.57
2023-05-16,12.61,0.73,0.66
2023-05-17,0.72,0.65,0.64
2023-05-18,3.95,0.65,0.62
2023-05-19,5.16,0.66,0.61
2023-05-20,4.24,0.65,0.6
2023-05-21,6.02,0.64,0.6
2023-05-22,6.66,0.65,0.6
2023-05-23,14.53,0.69,0.6
2023-05-24,9.99,0.68,0.61
2023-05-25,15.14,0.7,0.62
2023-05-26,5.28,0.68,0.63
2023-05-27,5.02,0.67,0.62
2023-05-28,6.69,0.67,0.62
2023-05-29,2.66,0.64,0.61
2023-05-30,7.06,0.66,0.61
2023-05-31,15.33,0.7,0.61
2023-06-01,17.38,0.73,0.64
2023-06-02,24.61,0.74,0.65
2023-06-03,16.79,0.75,0.69
2023-06-04,5.99,0.7,0.68
2023-06-05,18.86,0.73,0.67
2023-06-06,33.56,0.81,0.71
2023-06-07,31.98,0.8,0.73
2023-06-08,13.45,0.77,0.75
2023-06-09,12.58,0.75,0.73
2023-06-10,19.08,0.77,0.72
2023-06-11,60.98,0.85,0.75
2023-06-12,7.67,0.78,0.79
2023-06-13,2.44,0.74,0.74
2023-06-14,5.76,0.73,0.71
2023-06-15,2.2,0.71,0.69
2023-06-16,3.79,0.7,0.68
2023-06-17,3.11,0.7,0.67
2023-06-18,2.13,0.68,0.66
2023-06-19,3.22,0.68,0.65
2023-06-20,12.42,0.73,0.66
2023-06-21,16.9,0.74,0.67
2023-06-22,11.95,0.75,0.69
2023-06-23,10.65,0.74,0.69
2023-06-24,9.5,0.73,0.69
2023-06-25,5.19,0.71,0.68
2023-06-26,7.68,0.72,0.68
2023-06-27,4.72,0.71,0.67
2023-06-28,3.47,0.7,0.67
2023-06-29,4.21,0.7,0.66
2023-06-30,1.34,0.69,0.66
2023-07-01,0.88,0.68,0.65
2023-07-02,3.51,0.68,0.65
2023-07-03,4.27,0.69,0.65
2023-07-04,6.96,0.71,0.66
2023-07-05,6.83,0.7,0.66
2023-07-06,14.08,0.73,0.67
2023-07-07,4.62,0.71,0.68
2023-07-08,6.3,0.71,0.67
2023-07-09,6.52,0.71,0.67
2023-07-10,2.58,0.7,0.67
2023-07-11,4.86,0.7,0.66
2023-07-12,1.66,0.69,0.66
2023-07-13,3.81,0.69,0.66
2023-07-14,10.45,0.72,0.67
2023-07-15,1.64,0.69,0.66
2023-07-16,5.09,0.7,0.66
2023-07-17,15.51,0.75,0.68
2023-07-18,5.92,0.72,0.68
2023-07-19,1.96,0.7,0.67
2023-07-20,1.66,0.69,0.67
2023-07-21,1.25,0.68,0.66
2023-07-22,2.33,0.68,0.65
2023-07-23,1.35,0.68,0.65
2023-07-24,0.74,0.67,0.65
2023-07-25,1.04,0.67,0.64
2023-07-26,0.49,0.66,0.64
2023-07-27,1.35,0.66,0.64
2023-07-28,2.2,0.66,0.63
2023-07-29,2.78,0.66,0.63
2023-07-30,5.56,0.68,0.64
2023-07-31,5.31,0.69,0.64
2023-08-01,4.55,0.68,0.65
2023-08-02,6.93,0.69,0.65
2023-08-03,10.35,0.72,0.67
2023-08-04,0.97,0.68,0.66
2023-08-05,0.97,0.67,0.65
2023-08-06,0.69,0.66,0.64
2023-08-07,0.72,0.66,0.64
2023-08-08,2.49,0.67,0.64
2023-08-09,9.7,0.69,0.64
2023-08-10,10.76,0.72,0.66
2023-08-11,1.71,0.68,0.66
2023-08-12,2.47,0.67,0.65
2023-08-13,4.72,0.68,0.65
2023-08-14,2.5,0.68,0.65
2023-08-15,0.9,0.66,0.64
2023-08-16,0.62,0.66,0.64
2023-08-17,3.51,0.66,0.63
2023-08-18,42.07,0.79,0.68
2023-08-19,1.55,0.7,0.68
2023-08-20,1.9,0.69,0.67
2023-08-21,2.01,0.68,0.66
2023-08-22,1.48,0.67,0.65
2023-08-23,1.63,0.67,0.64
2023-08-24,0.44,0.66,0.64
2023-08-25,0.14,0.65,0.63
2023-08-26,0.69,0.65,0.62
2023-08-27,0.69,0.64,0.62
2023-08-28,0.18,0.64,0.62
2023-08-29,3.01,0.65,0.62
2023-08-30,2.06,0.65,0.62
2023-08-31,2.1,0.65,0.62
2023-09-01,2.53,0.65,0.62
2023-09-02,8.61,0.66,0.62
2023-09-03,7.86,0.69,0.64
2023-09-04,1.51,0.65,0.63
2023-09-05,1.02,0.65,0.63
2023-09-06,0.8,0.64,0.62
2023-09-07,0.67,0.63,0.62
2023-09-08,3.22,0.64,0.61
2023-09-09,8.75,0.67,0.61
2023-09-10,43.34,0.8,0.68
2023-09-11,1.74,0.7,0.68
2023-09-12,5.73,0.69,0.66
2023-09-13,0.99,0.68,0.66
2023-09-14,0.55,0.66,0.65
2023-09-15,0.79,0.66,0.64
2023-09-16,0.83,0.65,0.63
2023-09-17,2.48,0.66,0.63
2023-09-18,2.3,0.65,0.63
2023-09-19,0.93,0.65,0.62
2023-09-20,1.41,0.65,0.62
2023-09-21,3.76,0.65,0.62
2023-09-22,4.27,0.66,0.62
2023-09-23,31.98,0.77,0.67
2023-09-24,2.22,0.69,0.67
2023-09-25,1.54,0.67,0.65
2023-09-26,1.81,0.67,0.64
2023-09-27,1.32,0.66,0.64
2023-09-28,2.96,0.66,0.63
2023-09-29,2.85,0.66,0.62
2023-09-30,4.07,0.66,0.62
2023-10-01,3.56,0.66,0.62
2023-10-02,6.54,0.67,0.62
2023-10-03,5.35,0.67,0.63
2023-10-04,3.1,0.65,0.62
2023-10-05,1.89,0.65,0.62
2023-10-06,3.02,0.65,0.62
2023-10-07,3.85,0.66,0.62
2023-10-08,9.15,0.68,0.63
2023-10-09,12.07,0.71,0.64
2023-10-10,5.73,0.69,0.65
2023-10-11,5.39,0.69,0.65
2023-10-12,7.77,0.69,0.65
2023-10-13,2.07,0.68,0.65
2023-10-14,5.4,0.67,0.64
2023-10-15,9.31,0.71,0.65
2023-10-16,6.11,0.68,0.65
2023-10-17,6.35,0.69,0.65
2023-10-18,1.7,0.67,0.65
2023-10-19,2.97,0.67,0.64
2023-10-20,3.59,0.67,0.64
2023-10-21,2.18,0.66,0.63
2023-10-22,2.28,0.66,0.63
2023-10-23,5.98,0.66,0.62
2023-10-24,5.2,0.68,0.63
2023-10-25,1.15,0.66,0.63
2023-10-26,0.87,0.64,0.62
2023-10-27,1.71,0.64,0.62
2023-10-28,0.28,0.63,0.61
2023-10-29,0.32,0.62,0.6
2023-10-30,2.04,0.63,0.6
2023-10-31,2.19,0.63,0.6
2023-11-01,1.17,0.63,0.6
2023-11-02,0.99,0.62,0.6
2023-11-03,2.9,0.63,0.6
2023-11-04,2.01,0.62,0.6
2023-11-05,0.98,0.62,0.59
2023-11-06,1.72,0.61,0.59
2023-11-07,8.48,0.66,0.6
2023-11-08,7.07,0.67,0.61
2023-11-09,4.36,0.65,0.61
2023-11-10,5.11,0.65,0.61
2023-11-11,4.83,0.66,0.61
2023-11-12,4.49,0.65,0.61
2023-11-13,3.59,0.65,0.61
2023-11-14,4.41,0.64,0.61
2023-11-15,2.8,0.64,0.61
2023-11-16,4.56,0.64,0.61
2023-11-17,2.57,0.64,0.61
2023-11-18,2.57,0.63,0.6
2023-11-19,1.98,0.63,0.6
2023-11-20,1.16,0.63,0.6
2023-11-21,0.71,0.62,0.6
2023-11-22,3.06,0.63,0.6
2023-11-23,2.13,0.62,0.6
2023-11-24,2.82,0.62,0.59
2023-11-25,9.7,0.66,0.6
2023-11-26,10.15,0.68,0.61
2023-11-27,2.83,0.66,0.62
2023-11-28,3.68,0.64,0.61
2023-11-29,6.41,0.66,0.61
2023-11-30,4.95,0.66,0.62
2023-12-01,4.33,0.65,0.62
2023-12-02,1.95,0.64,0.62
2023-12-03,0.53,0.62,0.61
2023-12-04,0.51,0.61,0.6
2023-12-05,0.31,0.6,0.59
2023-12-06,0.16,0.6,0.58
2023-12-07,1.0,0.59,0.58
2023-12-08,5.4,0.62,0.58
2023-12-09,0.55,0.6,0.58
2023-12-10,0.35,0.59,0.57
2023-12-11,1.29,0.58,0.57
2023-12-12,0.0,0.57,0.56
2023-12-13,0.0,0.56,0.56
2023-12-14,0.0,0.56,0.55
2023-12-15,0.0,0.55,0.55
2023-12-16,0.0,0.55,0.54
2023-12-17,0.0,0.55,0.54
2023-12-18,0.0,0.55,0.54
2023-12-19,0.0,0.54,0.54
2023-12-20,0.0,0.54,0.53
2023-12-21,0.0,0.53,0.53
2023-12-22,0.0,0.53,0.52
2023-12-23,0.0,0.53,0.52
2023-12-24,0.0,0.52,0.52
2023-12-25,0.0,0.52,0.52
2023-12-26,0.0,0.52,0.51
2023-12-27,0.01,0.52,0.51
2023-12-28,0.01,0.52,0.51
2023-12-29,0.0,0.51,0.5
2023-12-30,0.01,0.51,0.5
2023-12-31,0.01,0.51,0.5
2024-01-01,0.07,0.51,0.5
2024-01-02,0.17,0.5,0.5
2024-01-03,0.47,0.51,0.49
2024-01-04,1.29,0.51,0.49
2024-01-05,0.23,0.5,0.49
2024-01-06,0.61,0.5,0.49
2024-01-07,0.97,0.51,0.49
2024-01-08,1.46,0.51,0.49
2024-01-09,6.52,0.55,0.5
2024-01-10,2.64,0.55,0.5
2024-01-11,0.44,0.52,0.5
2024-01-12,0.21,0.51,0.5
2024-01-13,0.14,0.5,0.49
2024-01-14,0.05,0.49,0.49
2024-01-15,0.02,0.49,0.49
2024-01-16,0.03,0.49,0.48
2024-01-17,0.02,0.48,0.48
2024-01-18,0.01,0.48,0.48
2024-01-19,0.04,0.48,0.47
2024-01-20,0.02,0.48,0.47
2024-01-21,0.01,0.47,0.47
2024-01-22,0.0,0.46,0.47
2024-01-23,0.01,0.46,0.46
2024-01-24,0.02,0.46,0.46
2024-01-25,0.12,0.46,0.46
2024-01-26,0.0,0.45,0.46
2024-01-27,0.0,0.45,0.46
2024-01-28,0.0,0.44,0.45
2024-01-29,0.0,0.44,0.45
2024-01-30,0.0,0.44,0.45
2024-01-31,0.0,0.44,0.45
2024-02-01,0.01,0.45,0.45
2024-02-02,0.01,0.44,0.45
2024-02-03,0.0,0.44,0.44
2024-02-04,0.0,0.44,0.44
2024-02-05,0.0,0.44,0.44
2024-02-06,0.0,0.44,0.44
2024-02-07,0.0,0.43,0.44
2024-02-08,0.0,0.44,0.44
2024-02-09,0.0,0.44,0.44
2024-02-10,0.0,0.44,0.44
2024-02-11,0.0,0.44,0.44
2024-02-12,0.0,0.44,0.44
2024-02-13,0.0,0.44,0.44
2024-02-14,0.0,0.43,0.44
2024-02-15,0.11,0.42,0.43
2024-02-16,0.13,0.43,0.43
2024-02-17,0.13,0.43,0.43
2024-02-18,0.31,0.43,0.43
2024-02-19,0.33,0.42,0.43
2024-02-20,0.3,0.42,0.43
2024-02-21,0.5,0.42,0.43
2024-02-22,0.26,0.42,0.43
2024-02-23,0.18,0.41,0.42
2024-02-24,0.02,0.4,0.42
2024-02-25,0.15,0.4,0.42
2024-02-26,1.35,0.43,0.42
2024-02-27,1.19,0.43,0.42
2024-02-28,3.26,0.45,0.42
2024-02-29,1.55,0.46,0.43
2024-03-01,4.86,0.48,0.43
2024-03-02,6.89,0.52,0.44
2024-03-03,11.19,0.58,0.46
2024-03-04,0.23,0.49,0.46
2024-03-05,1.15,0.47,0.46
2024-03-06,0.79,0.46,0.45
2024-03-07,6.93,0.51,0.45
2024-03-08,2.29,0.51,0.46
2024-03-09,3.18,0.49,0.45
2024-03-10,3.32,0.51,0.46
2024-03-11,2.24,0.48,0.45
2024-03-12,1.04,0.48,0.45
2024-03-13,0.36,0.46,0.45
2024-03-14,0.41,0.45,0.44
2024-03-15,0.4,0.45,0.44
2024-03-16,0.19,0.44,0.44
2024-03-17,7.43,0.5,0.44
2024-03-18,5.12,0.51,0.44
2024-03-19,11.39,0.56,0.45
2024-03-20,19.83,0.65,0.48
2024-03-21,1.01,0.52,0.49
2024-03-22,110.67,0.85,0.57
2024-03-23,12.97,0.75,0.69
2024-03-24,3.29,0.7,0.68
2024-03-25,36.88,0.76,0.67
2024-03-26,18.28,0.77,0.72
2024-03-27,0.85,0.69,0.69
2024-03-28,6.66,0.69,0.66
2024-03-29,10.42,0.71,0.66
2024-03-30,1.35,0.66,0.64
2024-03-31,2.17,0.64,0.62
2024-04-01,0.07,0.61,0.6
2024-04-02,0.26,0.59,0.58
2024-04-03,0.61,0.58,0.57
2024-04-04,0.2,0.57,0.55
2024-04-05,0.88,0.55,0.54
2024-04-06,8.67,0.6,0.54
2024-04-07,10.96,0.64,0.55
2024-04-08,10.62,0.66,0.57
2024-04-09,3.58,0.61,0.57
2024-04-10,13.76,0.66,0.57
2024-04-11,3.26,0.62,0.58
2024-04-12,0.43,0.58,0.56
2024-04-13,2.58,0.57,0.55
2024-04-14,3.85,0.59,0.55
2024-04-15,2.96,0.57,0.54
2024-04-16,5.51,0.58,0.53
2024-04-17,1.66,0.58,0.53
2024-04-18,0.3,0.55,0.53
2024-04-19,2.08,0.55,0.52
2024-04-20,1.6,0.55,0.52
2024-04-21,13.07,0.6,0.52
2024-04-22,4.07,0.61,0.54
2024-04-23,11.18,0.62,0.54
2024-04-24,5.16,0.62,0.55
2024-04-25,2.35,0.58,0.55
2024-04-26,5.56,0.6,0.55
2024-04-27,2.88,0.59,0.54
2024-04-28,6.28,0.61,0.54
2024-04-29,9.92,0.62,0.55
2024-04-30,2.65,0.61,0.55
2024-05-01,1.67,0.57,0.55
2024-05-02,1.84,0.57,0.54
2024-05-03,0.57,0.55,0.53
2024-05-04,0.77,0.54,0.52
2024-05-05,2.17,0.54,0.51
2024-05-06,8.13,0.59,0.51
2024-05-07,0.96,0.56,0.52
2024-05-08,0.94,0.53,0.51
2024-05-09,1.66,0.54,0.51
2024-05-10,0.91,0.52,0.5
2024-05-11,3.79,0.53,0.49
2024-05-12,2.97,0.54,0.49
2024-05-13,5.02,0.56,0.49
2024-05-14,3.0,0.55,0.5
2024-05-15,2.22,0.53,0.49
2024-05-16,9.85,0.58,0.5
2024-05-17,2.81,0.57,0.51
2024-05-18,4.57,0.55,0.51
2024-05-19,3.88,0.57,0.51
2024-05-20,2.93,0.55,0.51
2024-05-21,3.87,0.56,0.51
2024-05-22,4.93,0.57,0.51
2024-05-23,4.34,0.58,0.52
2024-05-24,0.35,0.54,0.51
2024-05-25,2.71,0.53,0.5
2024-05-26,1.05,0.54,0.5
2024-05-27,0.04,0.52,0.49
2024-05-28,0.18,0.5,0.48
2024-05-29,0.45,0.5,0.48
2024-05-30,0.6,0.5,0.47
2024-05-31,5.96,0.53,0.48
2024-06-01,6.03,0.55,0.48
2024-06-02,5.73,0.56,0.49
2024-06-03,1.76,0.54,0.49
2024-06-04,1.55,0.52,0.49
2024-06-05,1.99,0.51,0.48
2024-06-06,5.66,0.54,0.48
2024-06-07,5.26,0.55,0.49
2024-06-08,1.13,0.53,0.49
2024-06-09,7.35,0.54,0.48
2024-06-10,4.09,0.56,0.49
2024-06-11,1.43,0.52,0.49
2024-06-12,2.62,0.51,0.48
2024-06-13,9.49,0.57,0.48
2024-06-14,10.73,0.6,0.5
2024-06-15,1.1,0.54,0.5
2024-06-16,7.56,0.56,0.5
2024-06-17,12.45,0.63,0.52
2024-06-18,3.33,0.57,0.53
2024-06-19,2.91,0.57,0.52
2024-06-20,5.17,0.57,0.52
2024-06-21,6.96,0.59,0.52
2024-06-22,4.15,0.58,0.52
2024-06-23,2.57,0.56,0.52
2024-06-24,5.46,0.57,0.52
2024-06-25,3.72,0.56,0.51
2024-06-26,2.64,0.56,0.51
2024-06-27,1.59,0.54,0.51
2024-06-28,2.87,0.55,0.5
2024-06-29,0.8,0.52,0.5
2024-06-30,2.22,0.52,0.49
2024-07-01,2.36,0.53,0.49
2024-07-02,0.88,0.51,0.49
2024-07-03,1.18,0.5,0.48
2024-07-04,3.79,0.52,0.48
2024-07-05,0.52,0.5,0.47
2024-07-06,0.8,0.49,0.47
2024-07-07,6.95,0.53,0.47
2024-07-08,4.38,0.54,0.48
2024-07-09,4.81,0.52,0.48
2024-07-10,1.32,0.53,0.48
2024-07-11,0.97,0.5,0.48
2024-07-12,1.18,0.5,0.47
2024-07-13,1.28,0.49,0.47
2024-07-14,0.88,0.48,0.46
2024-07-15,0.32,0.48,0.46
2024-07-16,0.46,0.47,0.45
2024-07-17,1.11,0.47,0.45
2024-07-18,3.98,0.5,0.45
2024-07-19,0.6,0.48,0.45
2024-07-20,1.84,0.47,0.45
2024-07-21,2.8,0.49,0.45
2024-07-22,0.32,0.46,0.45
2024-07-23,0.51,0.45,0.44
2024-07-24,0.43,0.45,0.44
2024-07-25,0.74,0.45,0.43
2024-07-26,0.9,0.45,0.43
2024-07-27,0.55,0.44,0.43
2024-07-28,1.04,0.44,0.43
2024-07-29,1.81,0.45,0.43
2024-07-30,1.49,0.45,0.43
2024-07-31,1.62,0.44,0.43
2024-08-01,2.25,0.44,0.43
2024-08-02,2.31,0.45,0.43
2024-08-03,1.39,0.45,0.43
2024-08-04,0.19,0.43,0.42
2024-08-05,0.25,0.42,0.42
2024-08-06,2.08,0.43,0.42
2024-08-07,0.5,0.42,0.42
2024-08-08,0.57,0.43,0.42
2024-08-09,1.27,0.42,0.42
2024-08-10,1.15,0.42,0.42
2024-08-11,1.39,0.42,0.42
2024-08-12,2.72,0.42,0.42
2024-08-13,24.98,0.63,0.45
2024-08-14,0.8,0.51,0.47
2024-08-15,0.33,0.48,0.46
2024-08-16,0.57,0.47,0.45
2024-08-17,1.01,0.48,0.45
2024-08-18,0.41,0.46,0.45
2024-08-19,1.75,0.46,0.44
2024-08-20,4.41,0.48,0.44
2024-08-21,4.57,0.5,0.45
2024-08-22,1.35,0.47,0.44
2024-08-23,2.47,0.47,0.44
2024-08-24,12.66,0.56,0.45
2024-08-25,1.36,0.5,0.46
2024-08-26,5.28,0.51,0.46
2024-08-27,6.6,0.54,0.46
2024-08-28,8.57,0.56,0.47
2024-08-29,0.97,0.5,0.47
2024-08-30,1.21,0.48,0.46
2024-08-31,5.2,0.51,0.46
2024-09-01,2.27,0.51,0.46
2024-09-02,0.91,0.48,0.45
2024-09-03,1.48,0.47,0.45
2024-09-04,3.74,0.49,0.45
2024-09-05,3.12,0.49,0.45
2024-09-06,1.42,0.46,0.44
2024-09-07,2.51,0.46,0.44
2024-09-08,7.98,0.53,0.45
2024-09-09,3.38,0.48,0.45
2024-09-10,3.7,0.5,0.44
2024-09-11,5.92,0.52,0.45
2024-09-12,4.61,0.5,0.45
2024-09-13,3.99,0.5,0.45
2024-09-14,3.11,0.49,0.45
2024-09-15,6.45,0.52,0.45
2024-09-16,2.43,0.5,0.45
2024-09-17,4.05,0.48,0.45
2024-09-18,2.57,0.5,0.45
2024-09-19,4.6,0.5,0.45
2024-09-20,12.38,0.57,0.46
2024-09-21,0.73,0.5,0.46
2024-09-22,1.69,0.48,0.45
2024-09-23,4.2,0.5,0.45
2024-09-24,8.79,0.55,0.46
2024-09-25,24.58,0.66,0.5
2024-09-26,3.41,0.55,0.51
2024-09-27,6.23,0.58,0.51
2024-09-28,2.34,0.54,0.5
2024-09-29,2.9,0.54,0.5
2024-09-30,5.09,0.56,0.49
2024-10-01,3.15,0.54,0.49
2024-10-02,4.29,0.54,0.49
2024-10-03,8.13,0.57,0.49
2024-10-04,3.24,0.52,0.48
2024-10-05,16.42,0.62,0.51
2024-10-06,1.68,0.55,0.51
2024-10-07,1.01,0.53,0.5
2024-10-08,1.21,0.52,0.49
2024-10-09,2.64,0.52,0.48
2024-10-10,2.43,0.52,0.48
2024-10-11,3.69,0.53,0.47
2024-10-12,4.93,0.52,0.47
2024-10-13,20.02,0.65,0.5
2024-10-14,2.51,0.55,0.5
2024-10-15,2.93,0.54,0.49
2024-10-16,10.81,0.58,0.49
2024-10-17,10.26,0.61,0.51
2024-10-18,24.12,0.69,0.54
2024-10-19,15.1,0.67,0.56
2024-10-20,5.58,0.61,0.56
2024-10-21,6.71,0.61,0.55
2024-10-22,19.16,0.68,0.56
2024-10-23,4.3,0.62,0.57
2024-10-24,0.86,0.6,0.56
2024-10-25,0.32,0.57,0.54
2024-10-26,0.6,0.55,0.53
2024-10-27,0.32,0.54,0.51
2024-10-28,2.93,0.54,0.5
2024-10-29,4.27,0.56,0.5
2024-10-30,2.77,0.54,0.5
2024-10-31,2.73,0.54,0.5
2024-11-01,2.86,0.55,0.5
2024-11-02,0.52,0.52,0.49
2024-11-03,0.26,0.5,0.48
2024-11-04,1.27,0.49,0.47
2024-11-05,0.49,0.49,0.47
2024-11-06,0.01,0.47,0.46
2024-11-07,0.02,0.46,0.45
2024-11-08,0.0,0.45,0.44
2024-11-09,0.1,0.44,0.44
2024-11-10,0.75,0.44,0.43
2024-11-11,0.64,0.44,0.43
2024-11-12,0.91,0.44,0.43
2024-11-13,1.03,0.45,0.43
2024-11-14,1.34,0.45,0.43
2024-11-15,0.93,0.45,0.43
2024-11-16,0.39,0.43,0.42
2024-11-17,1.22,0.43,0.42
2024-11-18,0.44,0.42,0.42
2024-11-19,0.96,0.42,0.42
2024-11-20,0.59,0.42,0.42
2024-11-21,0.08,0.41,0.42
2024-11-22,0.05,0.4,0.41
2024-11-23,0.21,0.4,0.41
2024-11-24,0.09,0.4,0.41
2024-11-25,0.17,0.4,0.41
2024-11-26,0.06,0.39,0.41
2024-11-27,0.0,0.39,0.41
2024-11-28,0.0,0.38,0.41
2024-11-29,0.01,0.38,0.41
2024-11-30,0.03,0.38,0.41
2024-12-01,0.0,0.38,0.41
2024-12-02,0.0,0.38,0.4
2024-12-03,0.02,0.38,0.4
2024-12-04,0.2,0.38,0.4
2024-12-05,0.06,0.37,0.4
2024-12-06,0.0,0.37,0.4
2024-12-07,0.02,0.37,0.4
2024-12-08,0.01,0.37,0.4
2024-12-09,0.01,0.37,0.4
2024-12-10,0.0,0.37,0.4
2024-12-11,0.01,0.37,0.4
2024-12-12,0.28,0.37,0.4
2024-12-13,0.57,0.37,0.4
2024-12-14,0.22,0.36,0.4
2024-12-15,0.21,0.36,0.4
2024-12-16,0.16,0.36,0.4
2024-12-17,0.01,0.36,0.4
2024-12-18,0.0,0.36,0.4
2024-12-19,0.0,0.36,0.4
2024-12-20,0.0,0.36,0.4
2024-12-21,0.0,0.36,0.39
2024-12-22,0.0,0.35,0.39
2024-12-23,0.0,0.35,0.39
2024-12-24,0.0,0.36,0.39
2024-12-25,0.0,0.36,0.39
2024-12-26,0.0,0.35,0.39
2024-12-27,0.0,0.35,0.39
2024-12-28,0.0,0.34,0.39
2024-12-29,0.0,0.35,0.39
2024-12-30,0.05,0.35,0.39
2024-12-31,0.02,0.35,0.39
2025-01-01,0.01,0.34,0.39
2025-01-02,0.02,0.34,0.39
2025-01-03,0.14,0.34,0.39
2025-01-04,0.01,0.34,0.39
2025-01-05,0.0,0.35,0.39
2025-01-06,0.0,0.35,0.39
2025-01-07,0.0,0.35,0.39
2025-01-08,0.0,0.35,0.39
2025-01-09,0.0,0.35,0.39
2025-01-10,0.0,0.35,0.39
2025-01-11,0.0,0.34,0.39
2025-01-12,0.0,0.34,0.39
2025-01-13,0.0,0.34,0.39
2025-01-14,0.0,0.34,0.39
2025-01-15,0.0,0.34,0.39
2025-01-16,0.04,0.34,0.39
2025-01-17,0.0,0.33,0.39
2025-01-18,0.0,0.33,0.38
2025-01-19,0.0,0.32,0.38
2025-01-20,0.0,0.32,0.38
2025-01-21,0.0,0.32,0.38
2025-01-22,0.0,0.32,0.38
2025-01-23,0.06,0.32,0.38
2025-01-24,1.16,0.34,0.38
2025-01-25,0.78,0.36,0.38
2025-01-26,0.71,0.35,0.39
2025-01-27,0.92,0.37,0.39
2025-01-28,0.08,0.36,0.39
2025-01-29,0.02,0.34,0.39
2025-01-30,0.14,0.34,0.39
2025-01-31,0.03,0.34,0.39
2025-02-01,0.01,0.34,0.39
2025-02-02,0.05,0.33,0.38
2025-02-03,0.0,0.32,0.38
2025-02-04,0.0,0.31,0.38
2025-02-05,0.0,0.31,0.38
2025-02-06,0.03,0.3,0.38
2025-02-07,0.08,0.3,0.38
2025-02-08,0.18,0.3,0.38
2025-02-09,1.0,0.32,0.38
2025-02-10,0.05,0.32,0.38
2025-02-11,0.18,0.32,0.38
2025-02-12,1.63,0.34,0.38
2025-02-13,1.51,0.38,0.39
2025-02-14,1.68,0.4,0.39
2025-02-15,1.08,0.38,0.39
2025-02-16,1.2,0.38,0.39
2025-02-17,1.49,0.39,0.39
2025-02-18,1.69,0.38,0.39
2025-02-19,6.43,0.44,0.4
2025-02-20,7.29,0.51,0.41
2025-02-21,0.87,0.44,0.42
2025-02-22,3.52,0.44,0.41
2025-02-23,2.47,0.46,0.42
2025-02-24,0.1,0.41,0.42
2025-02-25,0.03,0.39,0.41
2025-02-26,0.0,0.37,0.41
2025-02-27,0.01,0.37,0.4
2025-02-28,0.33,0.37,0.4
2025-03-01,4.7,0.4,0.4
2025-03-02,7.56,0.51,0.42
2025-03-03,2.78,0.47,0.42
2025-03-04,5.69,0.47,0.42
2025-03-05,8.71,0.55,0.44
2025-03-06,0.93,0.48,0.44
2025-03-07,0.27,0.44,0.43
2025-03-08,5.48,0.47,0.43
2025-03-09,0.33,0.46,0.43
2025-03-10,0.63,0.43,0.42
2025-03-11,0.76,0.43,0.42
2025-03-12,7.26,0.48,0.42
2025-03-13,6.07,0.53,0.43
2025-03-14,1.23,0.47,0.43
2025-03-15,1.0,0.45,0.43
2025-03-16,6.06,0.48,0.43
2025-03-17,1.17,0.48,0.43
2025-03-18,0.3,0.44,0.43
2025-03-19,1.29,0.42,0.42
2025-03-20,0.9,0.42,0.42
2025-03-21,0.26,0.39,0.41
2025-03-22,1.78,0.4,0.41
2025-03-23,2.81,0.42,0.41
2025-03-24,3.49,0.44,0.41
2025-03-25,4.14,0.45,0.41
2025-03-26,5.61,0.47,0.42
2025-03-27,5.21,0.52,0.43
2025-03-28,2.49,0.46,0.43
2025-03-29,2.75,0.45,0.42
2025-03-30,4.25,0.47,0.42
2025-03-31,2.18,0.47,0.43
2025-04-01,1.21,0.43,0.42
2025-04-02,0.77,0.41,0.42
2025-04-03,3.18,0.43,0.41
2025-04-04,1.26,0.43,0.42
2025-04-05,1.09,0.4,0.41
2025-04-06,0.72,0.41,0.41
2025-04-07,0.52,0.4,0.41
2025-04-08,1.54,0.4,0.41
2025-04-09,2.91,0.43,0.41
2025-04-10,1.34,0.41,0.41
2025-04-11,1.92,0.41,0.41
2025-04-12,1.79,0.42,0.41
2025-04-13,0.61,0.39,0.41
2025-04-14,2.57,0.4,0.4
2025-04-15,12.07,0.52,0.42
2025-04-16,4.91,0.5,0.43
2025-04-17,4.34,0.5,0.43
2025-04-18,4.98,0.48,0.43
2025-04-19,6.01,0.52,0.43
2025-04-20,0.89,0.47,0.43
2025-04-21,0.79,0.43,0.43
2025-04-22,4.52,0.45,0.42
2025-04-23,7.1,0.52,0.43
2025-04-24,2.02,0.48,0.43
2025-04-25,1.95,0.46,0.43
2025-04-26,13.24,0.55,0.43
2025-04-27,2.48,0.52,0.45
2025-04-28,1.16,0.46,0.44
2025-04-29,8.75,0.49,0.43
2025-04-30,14.18,0.61,0.46
2025-05-01,0.72,0.5,0.46
2025-05-02,0.15,0.47,0.45
2025-05-03,1.95,0.45,0.44
2025-05-04,2.21,0.48,0.44
2025-05-05,1.61,0.47,0.43
2025-05-06,0.76,0.45,0.43
2025-05-07,0.9,0.44,0.42
2025-05-08,0.41,0.42,0.42
2025-05-09,1.09,0.41,0.41
2025-05-10,0.55,0.41,0.41
2025-05-11,4.11,0.43,0.41
2025-05-12,5.31,0.45,0.41
2025-05-13,8.0,0.52,0.42
2025-05-14,1.78,0.47,0.42
2025-05-15,1.2,0.43,0.42
2025-05-16,4.43,0.44,0.42
2025-05-17,10.35,0.53,0.42
2025-05-18,7.18,0.53,0.44
2025-05-19,6.8,0.54,0.45
2025-05-20,1.0,0.46,0.44
2025-05-21,16.91,0.57,0.45
2025-05-22,3.14,0.54,0.46
2025-05-23,9.37,0.55,0.46
2025-05-24,10.78,0.6,0.47
2025-05-25,0.48,0.52,0.47
2025-05-26,1.56,0.49,0.46
2025-05-27,2.01,0.49,0.45
2025-05-28,6.71,0.51,0.45
2025-05-29,27.98,0.61,0.46
2025-05-30,25.02,0.69,0.53
2025-05-31,2.35,0.59,0.54
2025-06-01,1.43,0.55,0.52
2025-06-02,2.25,0.54,0.5
2025-06-03,1.59,0.53,0.49
2025-06-04,2.76,0.51,0.48
2025-06-05,3.41,0.52,0.47
2025-06-06,2.78,0.52,0.47
2025-06-07,3.89,0.5,0.46
2025-06-08,2.75,0.51,0.46
2025-06-09,3.33,0.49,0.45
2025-06-10,8.73,0.54,0.45
2025-06-11,24.92,0.61,0.47
2025-06-12,20.34,0.69,0.53
2025-06-13,4.89,0.59,0.53
2025-06-14,6.28,0.6,0.53
2025-06-15,2.11,0.56,0.52
2025-06-16,2.21,0.54,0.51
2025-06-17,5.08,0.55,0.5
2025-06-18,8.64,0.57,0.5
2025-06-19,2.12,0.56,0.5
2025-06-20,2.94,0.53,0.49
2025-06-21,6.45,0.55,0.49
2025-06-22,6.25,0.57,0.49
2025-06-23,3.04,0.54,0.49
2025-06-24,4.5,0.53,0.48
2025-06-25,5.16,0.54,0.48
2025-06-26,8.43,0.57,0.48
2025-06-27,41.22,0.74,0.54
2025-06-28,1.27,0.59,0.55
2025-06-29,1.74,0.57,0.54
2025-06-30,0.63,0.55,0.52
2025-07-01,0.77,0.53,0.51
2025-07-02,0.3,0.52,0.5
2025-07-03,1.26,0.51,0.48
2025-07-04,1.33,0.51,0.48
2025-07-05,2.24,0.51,0.47
2025-07-06,0.78,0.49,0.47
2025-07-07,2.46,0.5,0.46
2025-07-08,2.47,0.5,0.46
2025-07-09,3.89,0.51,0.46
2025-07-10,0.24,0.48,0.46
2025-07-11,0.23,0.47,0.45
2025-07-12,0.67,0.46,0.44
2025-07-13,2.42,0.47,0.44
2025-07-14,0.49,0.45,0.44
2025-07-15,0.84,0.45,0.43
2025-07-16,4.33,0.46,0.43
2025-07-17,4.79,0.49,0.43
2025-07-18,3.04,0.48,0.44
2025-07-19,1.07,0.45,0.43
2025-07-20,0.22,0.43,0.43
2025-07-21,1.19,0.43,0.42
2025-07-22,0.84,0.43,0.42
2025-07-23,0.99,0.43,0.42
2025-07-24,0.41,0.43,0.42
2025-07-25,0.02,0.41,0.42
2025-07-26,0.08,0.4,0.41
2025-07-27,0.11,0.4,0.41
2025-07-28,0.1,0.4,0.41
2025-07-29,0.16,0.39,0.41
2025-07-30,1.1,0.39,0.41
2025-07-31,1.8,0.4,0.41
2025-08-01,0.48,0.4,0.41
2025-08-02,0.6,0.4,0.41
2025-08-03,1.38,0.4,0.41
2025-08-04,0.73,0.4,0.41
2025-08-05,1.38,0.41,0.41
2025-08-06,0.38,0.4,0.41
2025-08-07,0.69,0.39,0.41
2025-08-08,0.83,0.39,0.41
2025-08-09,0.57,0.39,0.41
2025-08-10,0.6,0.39,0.4
2025-08-11,1.06,0.39,0.4
2025-08-12,0.26,0.39,0.4
2025-08-13,0.41,0.39,0.4
2025-08-14,1.11,0.39,0.4
2025-08-15,0.27,0.38,0.4
2025-08-16,1.26,0.38,0.4
2025-08-17,5.15,0.44,0.41
2025-08-18,0.99,0.42,0.41
2025-08-19,0.58,0.4,0.41
2025-08-20,0.36,0.39,0.41
2025-08-21,0.11,0.38,0.4
2025-08-22,0.14,0.38,0.4
2025-08-23,0.59,0.38,0.4
2025-08-24,0.6,0.38,0.4
2025-08-25,0.56,0.38,0.4
2025-08-26,1.1,0.38,0.4
2025-08-27,0.58,0.38,0.4
2025-08-28,0.26,0.37,0.4
2025-08-29,1.31,0.37,0.4
2025-08-30,1.19,0.38,0.4
2025-08-31,1.9,0.39,0.4
2025-09-01,0.34,0.38,0.4
2025-09-02,0.96,0.37,0.4
2025-09-03,9.6,0.47,0.41
2025-09-04,3.31,0.44,0.41
2025-09-05,0.74,0.42,0.41
2025-09-06,0.45,0.4,0.41
2025-09-07,1.71,0.4,0.41
2025-09-08,6.57,0.44,0.41
2025-09-09,15.14,0.57,0.44
2025-09-10,2.1,0.47,0.44
2025-09-11,3.35,0.48,0.44
2025-09-12,3.6,0.48,0.44
2025-09-13,7.55,0.52,0.44
2025-09-14,5.2,0.5,0.44
2025-09-15,3.42,0.5,0.45
2025-09-16,5.53,0.5,0.44
2025-09-17,12.63,0.57,0.45
2025-09-18,12.22,0.58,0.46
2025-09-19,5.65,0.56,0.48
2025-09-20,6.91,0.55,0.47
2025-09-21,9.15,0.58,0.48
2025-09-22,8.26,0.58,0.49
2025-09-23,2.33,0.53,0.48
2025-09-24,4.99,0.53,0.48
2025-09-25,1.8,0.51,0.47
2025-09-26,1.39,0.49,0.46
2025-09-27,5.57,0.5,0.45
2025-09-28,9.33,0.58,0.47
2025-09-29,0.49,0.5,0.46
2025-09-30,2.49,0.49,0.46
2025-10-01,5.6,0.52,0.45
2025-10-02,1.63,0.5,0.45
2025-10-03,3.27,0.49,0.45
2025-10-04,2.94,0.49,0.44
2025-10-05,4.57,0.5,0.44
2025-10-06,3.89,0.5,0.44
2025-10-07,3.42,0.49,0.44
2025-10-08,4.37,0.49,0.44
2025-10-09,6.05,0.53,0.44
2025-10-10,1.15,0.48,0.45
2025-10-11,2.98,0.47,0.44
2025-10-12,4.66,0.51,0.44
2025-10-13,3.55,0.5,0.44
2025-10-14,3.88,0.5,0.44
2025-10-15,5.49,0.51,0.44
2025-10-16,3.95,0.52,0.45
2025-10-17,2.28,0.49,0.45
2025-10-18,5.47,0.5,0.44
2025-10-19,6.34,0.54,0.45
2025-10-20,3.43,0.52,0.45
2025-10-21,2.24,0.49,0.45
2025-10-22,1.72,0.48,0.45
2025-10-23,1.61,0.46,0.44
2025-10-24,3.38,0.47,0.43
2025-10-25,3.15,0.48,0.43
2025-10-26,1.3,0.45,0.43
2025-10-27,1.29,0.44,0.42
2025-10-28,4.76,0.46,0.42
2025-10-29,16.31,0.55,0.43
2025-10-30,14.23,0.61,0.46
2025-10-31,24.13,0.65,0.48
2025-11-01,15.89,0.64,0.52
2025-11-02,0.18,0.55,0.52
2025-11-03,0.51,0.52,0.5
2025-11-04,0.75,0.51,0.49
2025-11-05,1.92,0.5,0.47
2025-11-06,5.28,0.53,0.47
2025-11-07,1.65,0.52,0.47
2025-11-08,0.43,0.49,0.46
2025-11-09,0.85,0.47,0.45
2025-11-10,2.49,0.48,0.45
2025-11-11,1.77,0.48,0.45
2025-11-12,2.71,0.47,0.44
2025-11-13,3.58,0.49,0.44
2025-11-14,6.88,0.51,0.44
2025-11-15,3.65,0.51,0.44
2025-11-16,2.45,0.49,0.44
2025-11-17,1.86,0.47,0.44
2025-11-18,2.32,0.47,0.44
2025-11-19,2.9,0.47,0.43
2025-11-20,4.7,0.51,0.44
2025-11-21,3.79,0.5,0.44
2025-11-22,0.48,0.46,0.44
2025-11-23,1.1,0.45,0.43
2025-11-24,1.38,0.44,0.43
2025-11-25,0.47,0.43,0.42
2025-11-26,0.24,0.42,0.42
2025-11-27,1.1,0.41,0.41
2025-11-28,4.62,0.45,0.42
2025-11-29,2.8,0.47,0.42
2025-11-30,0.31,0.43,0.42
2025-12-01,2.83,0.44,0.42
2025-12-02,1.28,0.44,0.42
2025-12-03,0.72,0.43,0.42
2025-12-04,0.59,0.42,0.42
2025-12-05,0.08,0.4,0.41
2025-12-06,0.19,0.39,0.41
2025-12-07,0.21,0.39,0.41
2025-12-08,0.38,0.38,0.4
2025-12-09,1.15,0.39,0.4
2025-12-10,1.03,0.4,0.4
2025-12-11,1.62,0.41,0.4
2025-12-12,4.88,0.45,0.41
2025-12-13,7.03,0.49,0.42
2025-12-14,9.33,0.56,0.44
2025-12-15,7.28,0.54,0.45
2025-12-16,0.34,0.48,0.45
2025-12-17,0.0,0.45,0.44
2025-12-18,0.06,0.44,0.43
2025-12-19,4.4,0.46,0.43
2025-12-20,0.64,0.45,0.43
2025-12-21,0.27,0.43,0.42
2025-12-22,0.2,0.42,0.42
2025-12-23,0.2,0.41,0.42
2025-12-24,0.9,0.41,0.41
2025-12-25,0.35,0.4,0.41
2025-12-26,1.28,0.4,0.41
2025-12-27,0.38,0.41,0.41
2025-12-28,0.22,0.4,0.41
2025-12-29,0.03,0.39,0.41
2025-12-30,0.08,0.38,0.4
2025-12-31,0.06,0.38,0.4
2026-01-01,18.01,0.52,0.41
2026-01-02,7.41,0.54,0.44
2026-01-03,6.09,0.51,0.45
2026-01-04,18.53,0.63,0.47
2026-01-05,17.58,0.62,0.49
2026-01-06,1.71,0.57,0.51
2026-01-07,0.89,0.52,0.49
2026-01-08,0.78,0.51,0.48
2026-01-09,0.12,0.49,0.47
2026-01-10,0.06,0.47,0.46
2026-01-11,0.01,0.45,0.45
2026-01-12,0.01,0.44,0.44
2026-01-13,0.0,0.43,0.44
2026-01-14,0.0,0.42,0.43
2026-01-15,0.07,0.42,0.43
2026-01-16,0.4,0.42,0.42
2026-01-17,0.02,0.41,0.42
2026-01-18,0.11,0.41,0.42
2026-01-19,0.93,0.41,0.41
2026-01-20,0.16,0.41,0.41
2026-01-21,0.37,0.4,0.41
2026-01-22,0.76,0.4,0.41
2026-01-23,0.06,0.38,0.41
2026-01-24,0.08,0.37,0.4
2026-01-25,0.01,0.36,0.4
2026-01-26,0.0,0.36,0.4
2026-01-27,0.0,0.35,0.4
2026-01-28,0.0,0.35,0.39
2026-01-29,0.0,0.35,0.39
2026-01-30,0.0,0.35,0.39
2026-01-31,0.13,0.35,0.39
2026-02-01,0.22,0.35,0.39
2026-02-02,0.46,0.35,0.39
2026-02-03,1.55,0.38,0.39
2026-02-04,0.0,0.37,0.39
2026-02-05,0.01,0.35,0.39
2026-02-06,0.01,0.35,0.39
2026-02-07,0.01,0.34,0.39
2026-02-08,0.01,0.34,0.39
2026-02-09,0.0,0.34,0.39
2026-02-10,0.96,0.34,0.39
2026-02-11,0.12,0.35,0.39
2026-02-12,0.3,0.34,0.39
2026-02-13,2.85,0.38,0.39
2026-02-14,3.52,0.41,0.39
2026-02-15,3.51,0.44,0.4
2026-02-16,0.61,0.42,0.4
2026-02-17,0.07,0.38,0.4
2026-02-18,0.07,0.36,0.4
2026-02-19,0.04,0.36,0.4
2026-02-20,0.17,0.35,0.4
2026-02-21,0.13,0.35,0.39
2026-02-22,0.17,0.35,0.39
2026-02-23,0.09,0.34,0.39
2026-02-24,0.73,0.34,0.39
2026-02-25,13.18,0.49,0.4
2026-02-26,3.79,0.48,0.42
2026-02-27,16.03,0.54,0.42
2026-02-28,7.69,0.57,0.46
2026-03-01,30.59,0.65,0.48
2026-03-02,25.79,0.71,0.54
2026-03-03,0.16,0.57,0.55
2026-03-04,2.2,0.55,0.53
2026-03-05,4.88,0.58,0.52
2026-03-06,4.91,0.57,0.52
2026-03-07,1.13,0.54,0.51
2026-03-08,0.8,0.51,0.49
2026-03-09,2.24,0.51,0.48
2026-03-10,1.35,0.5,0.47
2026-03-11,0.95,0.49,0.47
2026-03-12,0.37,0.47,0.46
2026-03-13,0.83,0.46,0.45
2026-03-14,1.46,0.46,0.44
2026-03-15,3.55,0.48,0.44
2026-03-16,5.68,0.51,0.44
2026-03-17,0.02,0.47,0.44
2026-03-18,0.02,0.43,0.44
2026-03-19,0.02,0.42,0.43
2026-03-20,0.0,0.41,0.42
2026-03-21,0.01,0.4,0.42
2026-03-22,22.23,0.59,0.44
2026-03-23,5.26,0.56,0.46
2026-03-24,13.79,0.56,0.46
2026-03-25,23.74,0.69,0.51
2026-03-26,2.37,0.57,0.52
2026-03-27,2.26,0.54,0.51
2026-03-28,4.73,0.56,0.5
2026-03-29,51.82,0.65,0.51
2026-03-30,29.7,0.74,0.62
2026-03-31,0.28,0.61,0.6
2026-04-01,0.0,0.6,0.58
2026-04-02,0.0,0.57,0.56
2026-04-03,0.0,0.55,0.54
2026-04-04,0.0,0.53,0.52
2026-04-05,0.0,0.51,0.5
2026-04-06,3.26,0.52,0.49
2026-04-07,8.63,0.56,0.49
2026-04-08,11.13,0.62,0.5
2026-04-09,0.5,0.54,0.51
2026-04-10,2.98,0.53,0.49
2026-04-11,1.68,0.52,0.49
2026-04-12,8.08,0.56,0.49
2026-04-13,5.51,0.56,0.49
2026-04-14,6.33,0.58,0.5
2026-04-15,0.19,0.52,0.49
2026-04-16,0.87,0.5,0.48
2026-04-17,3.8,0.51,0.47
2026-04-18,3.71,0.53,0.47
2026-04-19,5.66,0.53,0.47
2026-04-20,8.66,0.58,0.48
2026-04-21,2.45,0.52,0.48
2026-04-22,1.8,0.5,0.47
2026-04-23,1.29,0.48,0.46
2026-04-24,1.36,0.48,0.46
2026-04-25,0.67,0.47,0.45
2026-04-26,1.55,0.45,0.45
2026-04-27,1.28,0.46,0.44
2026-04-28,5.9,0.47,0.44
2026-04-29,28.85,0.65,0.49
2026-04-30,0.82,0.52,0.49
2026-05-01,0.25,0.49,0.48
2026-05-02,4.66,0.51,0.47
2026-05-03,4.86,0.54,0.48
2026-05-04,2.58,0.52,0.48
2026-05-05,6.11,0.54,0.48
2026-05-06,12.54,0.6,0.49
2026-05-07,4.31,0.56,0.49
2026-05-08,6.55,0.54,0.49
2026-05-09,11.53,0.62,0.5
2026-05-10,4.01,0.56,0.51
2026-05-11,1.35,0.53,0.5
2026-05-12,1.54,0.52,0.49
2026-05-13,1.54,0.5,0.48
2026-05-14,3.42,0.52,0.47
2026-05-15,6.57,0.52,0.47
2026-05-16,7.39,0.58,0.49
2026-05-17,1.78,0.51,0.48
2026-05-18,3.99,0.53,0.48
2026-05-19,1.68,0.51,0.47
2026-05-20,4.12,0.51,0.47
2026-05-21,2.25,0.51,0.47
2026-05-22,4.96,0.52,0.46
2026-05-23,22.09,0.59,0.47
2026-05-24,28.16,0.66,0.54
2026-05-25,9.92,0.59,0.53
2026-05-26,9.28,0.64,0.55
2026-05-27,0.59,0.57,0.54
2026-05-28,0.8,0.55,0.52
2026-05-29,0.83,0.54,0.51
2026-05-30,0.96,0.53,0.5
2026-05-31,9.29,0.59,0.5
2026-06-01,8.22,0.58,0.5
2026-06-02,17.28,0.65,0.52
2026-06-03,4.09,0.59,0.53
2026-06-04,2.92,0.57,0.52
2026-06-05,2.42,0.56,0.52
2026-06-06,8.0,0.59,0.52
2026-06-07,3.17,0.56,0.52
2026-06-08,1.92,0.55,0.51
2026-06-09,6.82,0.56,0.5
2026-06-10,3.44,0.56,0.51
2026-06-11,1.72,0.53,0.5
2026-06-12,3.98,0.54,0.49
2026-06-13,4.15,0.55,0.49
2026-06-14,0.86,0.53,0.49
2026-06-15,3.55,0.53,0.49
2026-06-16,6.88,0.55,0.49
2026-06-17,3.22,0.53,0.49
2026-06-18,5.86,0.56,0.49
2026-06-19,8.25,0.58,0.49
2026-06-20,29.88,0.69,0.52
2026-06-21,28.96,0.75,0.59
2026-06-22,21.75,0.74,0.62
2026-06-23,9.1,0.68,0.62
2026-06-24,9.91,0.68,0.62
2026-06-25,5.3,0.65,0.61
2026-06-26,18.25,0.7,0.61
2026-06-27,33.02,0.75,0.63
2026-06-28,45.39,0.82,0.69
2026-06-29,67.24,0.85,0.76
2026-06-30,17.49,0.8,0.78
2026-07-01,2.42,0.74,0.75
2026-07-02,0.96,0.71,0.71
2026-07-03,2.12,0.69,0.68
2026-07-04,1.92,0.67,0.66
2026-07-05,0.93,0.65,0.64
2026-07-06,1.06,0.64,0.62
2026-07-07,1.04,0.62,0.6
2026-07-08,1.42,0.61,0.59
2026-07-09,2.47,0.61,0.58
2026-07-10,2.48,0.6,0.57
2026-07-11,2.64,0.6,0.57
2026-07-12,2.55,0.59,0.56
2026-07-13,3.38,0.59,0.56
2026-07-14,5.25,0.6,0.56
2026-07-15,0.84,0.6,0.56
2026-07-16,0.26,0.58,0.56
2026-07-17,0.12,0.57,0.55
2026-07-18,0.26,0.56,0.54
2026-07-19,0.08,0.55,0.53
2026-07-20,0.05,0.54,0.53
2026-07-21,0.06,0.54,0.52
2026-07-22,0.2,0.53,0.51
2026-07-23,1.27,0.53,0.51
2026-07-24,2.11,0.55,0.51
2026-07-25,0.39,0.53,0.51
2026-07-26,0.58,0.52,0.5
2026-07-27,0.95,0.53,0.5
2026-07-28,0.81,0.52,0.5
2026-07-29,2.42,0.52,0.5
2026-07-30,2.35,0.53,0.5
2026-07-31,0.51,0.51,0.49
2026-08-01,1.91,0.49,0.5
2026-08-02,17.93,0.57,0.51
2026-08-03,3.92,0.55,0.53
2026-08-04,1.03,0.52,0.52
2026-08-05,3.29,0.51,0.51
2026-08-06,10.03,0.54,0.51
2026-08-07,5.76,0.54,0.52
2026-08-08,6.76,0.54,0.52
2026-08-09,10.14,0.55,0.52
2026-08-10,3.59,0.54,0.53
2026-08-11,6.96,0.55,0.52
2026-08-12,11.82,0.57,0.53
2026-08-13,5.18,0.56,0.54
2026-08-14,3.27,0.54,0.53
2026-08-15,4.44,0.54,0.52
2026-08-16,6.32,0.55,0.52
2026-08-17,9.73,0.56,0.52
2026-08-18,9.85,0.57,0.53
2026-08-19,6.76,0.57,0.54
2026-08-20,2.47,0.55,0.54
2026-08-21,1.41,0.53,0.53
2026-08-22,4.64,0.54,0.52
2026-08-23,3.54,0.55,0.53
2026-08-24,2.25,0.53,0.52
2026-08-25,5.27,0.54,0.52
2026-08-26,11.29,0.56,0.53
2026-08-27,6.53,0.56,0.54
2026-08-28,4.07,0.55,0.53
2026-08-29,16.3,0.58,0.54
2026-08-30,9.25,0.58,0.56
2026-08-31,6.1,0.57,0.55
2026-09-01,17.92,0.6,0.56
2026-09-02,1.45,0.57,0.56
2026-09-03,5.93,0.56,0.55
2026-09-04,3.42,0.56,0.55
2026-09-05,6.01,0.56,0.54
2026-09-06,11.02,0.58,0.55
2026-09-07,3.09,0.56,0.55
2026-09-08,9.48,0.58,0.54
2026-09-09,10.44,0.59,0.55
