date,precip_mm,surface_wetness,root_wetness
2016-01-01,0.02,0.53,0.56
2016-01-02,0.02,0.52,0.56
2016-01-03,0.0,0.52,0.55
2016-01-04,0.0,0.51,0.55
2016-01-05,0.0,0.51,0.55
2016-01-06,0.0,0.51,0.54
2016-01-07,0.0,0.5,0.54
2016-01-08,0.0,0.49,0.53
2016-01-09,0.0,0.49,0.53
2016-01-10,0.0,0.49,0.53
2016-01-11,0.0,0.49,0.53
2016-01-12,0.0,0.48,0.52
2016-01-13,0.0,0.48,0.52
2016-01-14,0.0,0.48,0.52
2016-01-15,0.0,0.47,0.51
2016-01-16,0.08,0.47,0.51
2016-01-17,0.12,0.47,0.51
2016-01-18,0.45,0.47,0.51
2016-01-19,0.63,0.47,0.51
2016-01-20,0.75,0.47,0.51
2016-01-21,0.53,0.47,0.5
2016-01-22,0.05,0.46,0.5
2016-01-23,0.05,0.46,0.5
2016-01-24,0.03,0.46,0.5
2016-01-25,0.05,0.45,0.49
2016-01-26,0.0,0.44,0.49
2016-01-27,0.0,0.44,0.49
2016-01-28,0.0,0.43,0.49
2016-01-29,0.0,0.42,0.48
2016-01-30,0.0,0.42,0.48
2016-01-31,0.0,0.41,0.48
2016-02-01,0.0,0.4,0.48
2016-02-02,0.0,0.39,0.48
2016-02-03,0.0,0.39,0.48
2016-02-04,0.0,0.38,0.47
2016-02-05,0.0,0.38,0.47
2016-02-06,0.0,0.37,0.47
2016-02-07,0.0,0.36,0.47
2016-02-08,0.0,0.35,0.47
2016-02-09,0.0,0.34,0.47
2016-02-10,0.0,0.32,0.47
2016-02-11,0.0,0.3,0.46
2016-02-12,0.01,0.29,0.46
2016-02-13,0.01,0.28,0.46
2016-02-14,0.04,0.28,0.46
2016-02-15,0.91,0.3,0.46
2016-02-16,0.01,0.31,0.46
2016-02-17,0.09,0.29,0.46
2016-02-18,0.28,0.28,0.46
2016-02-19,0.48,0.28,0.46
2016-02-20,0.03,0.28,0.46
2016-02-21,0.13,0.27,0.46
2016-02-22,0.24,0.26,0.46
2016-02-23,0.14,0.25,0.46
2016-02-24,0.02,0.25,0.46
2016-02-25,1.55,0.28,0.46
2016-02-26,1.74,0.33,0.47
2016-02-27,3.58,0.39,0.47
2016-02-28,4.39,0.47,0.47
2016-02-29,5.53,0.51,0.48
2016-03-01,2.72,0.49,0.49
2016-03-02,0.08,0.45,0.48
2016-03-03,0.04,0.44,0.48
2016-03-04,0.04,0.42,0.47
2016-03-05,0.33,0.4,0.47
2016-03-06,0.24,0.38,0.47
2016-03-07,3.55,0.39,0.47
2016-03-08,4.97,0.49,0.48
2016-03-09,2.48,0.48,0.48
2016-03-10,2.19,0.47,0.48
2016-03-11,2.82,0.48,0.48
2016-03-12,2.98,0.48,0.48
2016-03-13,16.85,0.56,0.49
2016-03-14,10.46,0.56,0.52
2016-03-15,1.7,0.49,0.52
2016-03-16,2.85,0.5,0.51
2016-03-17,5.69,0.52,0.51
2016-03-18,41.83,0.63,0.53
2016-03-19,9.77,0.62,0.6
2016-03-20,3.76,0.58,0.58
2016-03-21,4.94,0.58,0.57
2016-03-22,1.76,0.55,0.57
2016-03-23,2.23,0.55,0.56
2016-03-24,9.38,0.59,0.57
2016-03-25,0.88,0.55,0.57
2016-03-26,2.59,0.54,0.57
2016-03-27,3.01,0.54,0.56
2016-03-28,3.06,0.54,0.56
2016-03-29,4.65,0.55,0.56
2016-03-30,3.81,0.55,0.56
2016-03-31,3.07,0.55,0.56
2016-04-01,7.71,0.55,0.56
2016-04-02,13.94,0.63,0.59
2016-04-03,0.26,0.56,0.58
2016-04-04,1.14,0.56,0.58
2016-04-05,1.78,0.56,0.57
2016-04-06,2.04,0.56,0.57
2016-04-07,1.81,0.56,0.57
2016-04-08,1.53,0.55,0.57
2016-04-09,1.78,0.55,0.57
2016-04-10,3.56,0.57,0.57
2016-04-11,3.28,0.56,0.57
2016-04-12,3.34,0.56,0.57
2016-04-13,2.31,0.55,0.57
2016-04-14,5.12,0.56,0.57
2016-04-15,8.16,0.59,0.58
2016-04-16,5.35,0.59,0.58
2016-04-17,2.68,0.57,0.58
2016-04-18,5.58,0.58,0.58
2016-04-19,1.73,0.56,0.58
2016-04-20,5.07,0.58,0.58
2016-04-21,0.6,0.56,0.58
2016-04-22,0.03,0.55,0.57
2016-04-23,0.09,0.54,0.57
2016-04-24,0.19,0.53,0.56
2016-04-25,0.49,0.53,0.56
2016-04-26,2.43,0.54,0.56
2016-04-27,2.6,0.54,0.56
2016-04-28,3.59,0.56,0.56
2016-04-29,0.7,0.53,0.56
2016-04-30,3.04,0.54,0.56
2016-05-01,1.11,0.53,0.55
2016-05-02,3.37,0.53,0.55
2016-05-03,1.46,0.53,0.55
2016-05-04,0.37,0.51,0.55
2016-05-05,1.02,0.51,0.54
2016-05-06,4.8,0.53,0.54
2016-05-07,3.91,0.55,0.55
2016-05-08,1.21,0.52,0.55
2016-05-09,2.29,0.53,0.55
2016-05-10,1.51,0.52,0.55
2016-05-11,1.53,0.52,0.54
2016-05-12,8.91,0.56,0.55
2016-05-13,3.08,0.55,0.56
2016-05-14,1.37,0.53,0.56
2016-05-15,0.64,0.52,0.55
2016-05-16,10.29,0.57,0.55
2016-05-17,18.38,0.63,0.58
2016-05-18,7.85,0.61,0.59
2016-05-19,0.75,0.57,0.59
2016-05-20,8.32,0.59,0.58
2016-05-21,10.7,0.62,0.59
2016-05-22,6.49,0.61,0.6
2016-05-23,11.49,0.63,0.6
2016-05-24,52.24,0.76,0.63
2016-05-25,14.12,0.76,0.7
2016-05-26,4.1,0.72,0.68
2016-05-27,2.26,0.7,0.67
2016-05-28,1.04,0.68,0.66
2016-05-29,7.42,0.7,0.66
2016-05-30,5.67,0.7,0.66
2016-05-31,2.3,0.68,0.66
2016-06-01,3.39,0.68,0.65
2016-06-02,8.88,0.69,0.65
2016-06-03,4.18,0.69,0.66
2016-06-04,0.97,0.67,0.65
2016-06-05,6.06,0.68,0.65
2016-06-06,9.9,0.71,0.66
2016-06-07,7.08,0.7,0.66
2016-06-08,6.9,0.71,0.67
2016-06-09,28.7,0.78,0.69
2016-06-10,11.59,0.77,0.72
2016-06-11,1.89,0.74,0.71
2016-06-12,7.4,0.75,0.71
2016-06-13,8.72,0.76,0.71
2016-06-14,2.57,0.74,0.71
2016-06-15,2.4,0.73,0.71
2016-06-16,13.25,0.76,0.71
2016-06-17,2.74,0.74,0.71
2016-06-18,2.27,0.74,0.71
2016-06-19,10.78,0.75,0.71
2016-06-20,9.93,0.76,0.72
2016-06-21,7.06,0.76,0.73
2016-06-22,2.73,0.75,0.72
2016-06-23,0.63,0.73,0.71
2016-06-24,4.97,0.74,0.71
2016-06-25,1.59,0.73,0.71
2016-06-26,0.92,0.72,0.7
2016-06-27,1.46,0.72,0.7
2016-06-28,1.9,0.72,0.7
2016-06-29,1.8,0.72,0.69
2016-06-30,1.53,0.71,0.69
2016-07-01,1.07,0.71,0.68
2016-07-02,1.94,0.71,0.68
2016-07-03,3.24,0.71,0.68
2016-07-04,3.72,0.71,0.68
2016-07-05,0.66,0.7,0.68
2016-07-06,0.97,0.69,0.67
2016-07-07,1.12,0.69,0.67
2016-07-08,1.5,0.68,0.66
2016-07-09,0.82,0.68,0.66
2016-07-10,1.76,0.68,0.66
2016-07-11,2.73,0.68,0.66
2016-07-12,0.09,0.67,0.65
2016-07-13,0.03,0.66,0.65
2016-07-14,0.98,0.65,0.64
2016-07-15,1.51,0.65,0.64
2016-07-16,2.53,0.65,0.63
2016-07-17,3.24,0.65,0.63
2016-07-18,1.42,0.64,0.63
2016-07-19,1.19,0.64,0.63
2016-07-20,0.92,0.63,0.62
2016-07-21,2.39,0.63,0.62
2016-07-22,1.38,0.62,0.62
2016-07-23,1.22,0.62,0.61
2016-07-24,3.0,0.63,0.62
2016-07-25,5.05,0.63,0.62
2016-07-26,3.73,0.63,0.62
2016-07-27,1.76,0.62,0.62
2016-07-28,1.29,0.61,0.61
2016-07-29,3.1,0.61,0.61
2016-07-30,0.35,0.61,0.61
2016-07-31,0.39,0.6,0.61
2016-08-01,0.06,0.58,0.6
2016-08-02,0.08,0.57,0.59
2016-08-03,0.13,0.56,0.59
2016-08-04,2.42,0.57,0.58
2016-08-05,1.82,0.56,0.58
2016-08-06,3.9,0.58,0.58
2016-08-07,3.17,0.57,0.58
2016-08-08,3.59,0.57,0.58
2016-08-09,1.45,0.56,0.58
2016-08-10,1.23,0.55,0.58
2016-08-11,1.25,0.55,0.57
2016-08-12,2.28,0.55,0.57
2016-08-13,2.86,0.55,0.57
2016-08-14,0.12,0.54,0.57
2016-08-15,0.88,0.53,0.56
2016-08-16,0.22,0.53,0.56
2016-08-17,0.57,0.52,0.55
2016-08-18,0.75,0.52,0.55
2016-08-19,6.82,0.55,0.56
2016-08-20,4.84,0.55,0.56
2016-08-21,2.84,0.55,0.56
2016-08-22,1.67,0.54,0.56
2016-08-23,2.34,0.53,0.56
2016-08-24,1.26,0.53,0.55
2016-08-25,1.52,0.52,0.55
2016-08-26,1.08,0.53,0.55
2016-08-27,3.72,0.54,0.55
2016-08-28,3.45,0.55,0.56
2016-08-29,3.52,0.54,0.56
2016-08-30,9.76,0.57,0.56
2016-08-31,30.6,0.7,0.61
2016-09-01,1.49,0.62,0.61
2016-09-02,1.56,0.6,0.6
2016-09-03,7.05,0.61,0.6
2016-09-04,12.79,0.65,0.61
2016-09-05,12.83,0.67,0.62
2016-09-06,2.76,0.65,0.63
2016-09-07,5.57,0.64,0.62
2016-09-08,7.76,0.66,0.62
2016-09-09,11.81,0.68,0.63
2016-09-10,9.71,0.69,0.64
2016-09-11,7.91,0.69,0.64
2016-09-12,5.62,0.68,0.65
2016-09-13,2.3,0.67,0.65
2016-09-14,6.92,0.68,0.64
2016-09-15,12.49,0.71,0.65
2016-09-16,5.08,0.7,0.66
2016-09-17,4.86,0.69,0.66
2016-09-18,2.54,0.68,0.65
2016-09-19,2.59,0.67,0.65
2016-09-20,3.9,0.68,0.64
2016-09-21,5.07,0.68,0.65
2016-09-22,5.19,0.69,0.65
2016-09-23,5.47,0.69,0.65
2016-09-24,4.25,0.68,0.65
2016-09-25,30.4,0.76,0.67
2016-09-26,60.17,0.86,0.75
2016-09-27,10.81,0.79,0.75
2016-09-28,11.1,0.79,0.75
2016-09-29,12.52,0.8,0.76
2016-09-30,2.39,0.77,0.75
2016-10-01,6.83,0.78,0.74
2016-10-02,21.57,0.82,0.76
2016-10-03,4.2,0.79,0.77
2016-10-04,3.02,0.79,0.76
2016-10-05,2.69,0.78,0.76
2016-10-06,2.27,0.77,0.75
2016-10-07,6.41,0.78,0.75
2016-10-08,51.25,0.85,0.77
2016-10-09,35.93,0.89,0.85
2016-10-10,2.71,0.84,0.84
2016-10-11,5.52,0.83,0.83
2016-10-12,10.54,0.84,0.83
2016-10-13,5.45,0.83,0.83
2016-10-14,9.99,0.84,0.83
2016-10-15,7.52,0.84,0.83
2016-10-16,3.86,0.83,0.83
2016-10-17,4.0,0.83,0.83
2016-10-18,8.3,0.83,0.83
2016-10-19,4.51,0.84,0.83
2016-10-20,1.16,0.82,0.82
2016-10-21,8.21,0.83,0.82
2016-10-22,4.59,0.83,0.82
2016-10-23,0.32,0.82,0.82
2016-10-24,1.01,0.81,0.81
2016-10-25,2.48,0.81,0.81
2016-10-26,5.64,0.82,0.8
2016-10-27,1.6,0.81,0.8
2016-10-28,2.75,0.8,0.79
2016-10-29,4.45,0.8,0.79
2016-10-30,4.78,0.81,0.79
2016-10-31,6.26,0.81,0.8
2016-11-01,6.59,0.82,0.8
2016-11-02,5.73,0.82,0.8
2016-11-03,4.64,0.82,0.8
2016-11-04,3.06,0.81,0.8
2016-11-05,2.12,0.81,0.8
2016-11-06,3.62,0.81,0.79
2016-11-07,2.54,0.8,0.79
2016-11-08,2.59,0.8,0.79
2016-11-09,1.17,0.79,0.78
2016-11-10,2.15,0.79,0.78
2016-11-11,2.81,0.79,0.78
2016-11-12,0.97,0.78,0.77
2016-11-13,0.34,0.77,0.76
2016-11-14,0.98,0.77,0.76
2016-11-15,0.32,0.76,0.75
2016-11-16,0.39,0.76,0.74
2016-11-17,1.06,0.75,0.74
2016-11-18,1.59,0.75,0.73
2016-11-19,1.02,0.75,0.73
2016-11-20,2.03,0.75,0.72
2016-11-21,4.14,0.75,0.73
2016-11-22,4.72,0.76,0.73
2016-11-23,7.02,0.77,0.74
2016-11-24,6.1,0.77,0.74
2016-11-25,2.82,0.77,0.74
2016-11-26,4.14,0.77,0.74
2016-11-27,0.09,0.76,0.74
2016-11-28,0.2,0.75,0.74
2016-11-29,0.3,0.75,0.73
2016-11-30,0.29,0.75,0.73
2016-12-01,0.08,0.74,0.72
2016-12-02,1.07,0.73,0.72
2016-12-03,1.08,0.73,0.71
2016-12-04,0.85,0.72,0.71
2016-12-05,1.05,0.72,0.7
2016-12-06,0.18,0.71,0.7
2016-12-07,1.24,0.72,0.7
2016-12-08,2.72,0.72,0.7
2016-12-09,0.67,0.72,0.7
2016-12-10,1.43,0.72,0.7
2016-12-11,1.38,0.72,0.69
2016-12-12,0.66,0.71,0.69
2016-12-13,0.28,0.7,0.69
2016-12-14,1.09,0.7,0.68
2016-12-15,2.86,0.71,0.68
2016-12-16,1.41,0.7,0.68
2016-12-17,2.15,0.7,0.68
2016-12-18,1.78,0.7,0.68
2016-12-19,1.27,0.69,0.68
2016-12-20,0.31,0.68,0.67
2016-12-21,0.23,0.67,0.66
2016-12-22,0.22,0.66,0.66
2016-12-23,0.04,0.66,0.65
2016-12-24,0.07,0.65,0.65
2016-12-25,0.06,0.65,0.64
2016-12-26,0.1,0.64,0.64
2016-12-27,0.0,0.63,0.63
2016-12-28,0.0,0.63,0.63
2016-12-29,0.0,0.63,0.63
2016-12-30,0.0,0.63,0.62
2016-12-31,0.0,0.62,0.62
2017-01-01,0.0,0.61,0.62
2017-01-02,0.0,0.61,0.61
2017-01-03,0.0,0.6,0.6
2017-01-04,0.0,0.59,0.6
2017-01-05,0.0,0.58,0.59
2017-01-06,1.56,0.58,0.59
2017-01-07,1.28,0.57,0.59
2017-01-08,7.14,0.61,0.6
2017-01-09,1.2,0.59,0.6
2017-01-10,0.97,0.59,0.6
2017-01-11,0.11,0.57,0.59
2017-01-12,0.54,0.57,0.59
2017-01-13,0.53,0.56,0.58
2017-01-14,0.02,0.55,0.58
2017-01-15,0.0,0.54,0.57
2017-01-16,0.0,0.54,0.57
2017-01-17,0.0,0.53,0.56
2017-01-18,0.0,0.53,0.56
2017-01-19,0.0,0.53,0.56
2017-01-20,0.0,0.53,0.56
2017-01-21,3.96,0.55,0.56
2017-01-22,3.91,0.56,0.56
2017-01-23,3.44,0.56,0.57
2017-01-24,0.29,0.54,0.56
2017-01-25,0.13,0.53,0.56
2017-01-26,0.03,0.52,0.55
2017-01-27,0.08,0.51,0.55
2017-01-28,0.12,0.51,0.54
2017-01-29,0.17,0.5,0.54
2017-01-30,0.25,0.5,0.54
2017-01-31,0.67,0.5,0.53
2017-02-01,4.72,0.53,0.53
2017-02-02,0.57,0.51,0.54
2017-02-03,1.29,0.51,0.54
2017-02-04,0.85,0.51,0.53
2017-02-05,0.08,0.49,0.53
2017-02-06,0.09,0.49,0.53
2017-02-07,0.05,0.49,0.52
2017-02-08,0.06,0.48,0.52
2017-02-09,0.13,0.48,0.52
2017-02-10,1.28,0.49,0.52
2017-02-11,1.92,0.5,0.52
2017-02-12,0.55,0.49,0.52
2017-02-13,1.43,0.49,0.52
2017-02-14,0.17,0.48,0.52
2017-02-15,0.0,0.47,0.51
2017-02-16,0.01,0.47,0.51
2017-02-17,0.02,0.47,0.51
2017-02-18,0.0,0.46,0.51
2017-02-19,0.0,0.44,0.5
2017-02-20,0.49,0.45,0.5
2017-02-21,0.5,0.44,0.5
2017-02-22,1.41,0.45,0.5
2017-02-23,2.64,0.46,0.5
2017-02-24,3.35,0.49,0.5
2017-02-25,5.04,0.52,0.51
2017-02-26,11.44,0.56,0.52
2017-02-27,0.54,0.51,0.53
2017-02-28,0.68,0.49,0.52
2017-03-01,1.44,0.5,0.52
2017-03-02,2.65,0.51,0.52
2017-03-03,4.21,0.52,0.52
2017-03-04,3.76,0.52,0.52
2017-03-05,5.8,0.53,0.53
2017-03-06,5.94,0.53,0.53
2017-03-07,3.51,0.54,0.54
2017-03-08,0.88,0.51,0.54
2017-03-09,1.92,0.51,0.53
2017-03-10,4.01,0.52,0.53
2017-03-11,3.52,0.52,0.53
2017-03-12,1.44,0.52,0.53
2017-03-13,0.58,0.5,0.53
2017-03-14,1.0,0.5,0.53
2017-03-15,0.3,0.49,0.53
2017-03-16,0.19,0.49,0.52
2017-03-17,0.31,0.48,0.52
2017-03-18,0.8,0.48,0.52
2017-03-19,1.34,0.48,0.51
2017-03-20,2.5,0.49,0.51
2017-03-21,5.58,0.53,0.52
2017-03-22,1.98,0.5,0.52
2017-03-23,9.85,0.54,0.52
2017-03-24,5.44,0.55,0.54
2017-03-25,2.19,0.53,0.54
2017-03-26,1.51,0.52,0.54
2017-03-27,3.84,0.53,0.54
2017-03-28,3.78,0.53,0.54
2017-03-29,3.07,0.53,0.54
2017-03-30,10.45,0.57,0.55
2017-03-31,0.75,0.53,0.55
2017-04-01,2.81,0.53,0.55
2017-04-02,3.21,0.53,0.55
2017-04-03,5.06,0.55,0.55
2017-04-04,1.19,0.53,0.55
2017-04-05,3.85,0.53,0.55
2017-04-06,6.71,0.56,0.55
2017-04-07,7.02,0.57,0.56
2017-04-08,6.37,0.58,0.57
2017-04-09,8.65,0.59,0.57
2017-04-10,2.71,0.57,0.58
2017-04-11,5.3,0.56,0.57
2017-04-12,4.22,0.58,0.58
2017-04-13,2.87,0.57,0.58
2017-04-14,1.59,0.56,0.58
2017-04-15,2.64,0.55,0.57
2017-04-16,9.89,0.6,0.58
2017-04-17,1.63,0.56,0.58
2017-04-18,4.01,0.57,0.58
2017-04-19,3.32,0.57,0.58
2017-04-20,6.35,0.58,0.58
2017-04-21,4.41,0.59,0.58
2017-04-22,0.42,0.56,0.58
2017-04-23,0.58,0.54,0.57
2017-04-24,3.34,0.56,0.57
2017-04-25,3.3,0.57,0.57
2017-04-26,1.02,0.55,0.57
2017-04-27,0.6,0.54,0.57
2017-04-28,0.75,0.54,0.56
2017-04-29,1.43,0.54,0.56
2017-04-30,0.3,0.53,0.56
2017-05-01,13.03,0.57,0.56
2017-05-02,6.11,0.59,0.58
2017-05-03,4.14,0.57,0.58
2017-05-04,18.84,0.65,0.59
2017-05-05,2.83,0.6,0.6
2017-05-06,1.34,0.58,0.59
2017-05-07,2.18,0.57,0.58
2017-05-08,2.42,0.57,0.58
2017-05-09,1.28,0.56,0.58
2017-05-10,1.43,0.55,0.57
2017-05-11,11.3,0.6,0.58
2017-05-12,7.55,0.62,0.59
2017-05-13,6.57,0.61,0.6
2017-05-14,11.93,0.64,0.6
2017-05-15,9.26,0.66,0.62
2017-05-16,11.84,0.67,0.62
2017-05-17,14.18,0.69,0.64
2017-05-18,11.85,0.7,0.65
2017-05-19,6.35,0.69,0.65
2017-05-20,12.61,0.7,0.65
2017-05-21,4.43,0.69,0.66
2017-05-22,7.09,0.69,0.65
2017-05-23,7.15,0.69,0.66
2017-05-24,16.05,0.73,0.67
2017-05-25,11.82,0.73,0.68
2017-05-26,5.71,0.72,0.68
2017-05-27,0.81,0.7,0.68
2017-05-28,1.8,0.69,0.67
2017-05-29,2.47,0.69,0.66
2017-05-30,3.84,0.69,0.66
2017-05-31,6.21,0.7,0.67
2017-06-01,0.53,0.68,0.66
2017-06-02,6.12,0.69,0.66
2017-06-03,40.43,0.8,0.69
2017-06-04,31.94,0.83,0.76
2017-06-05,6.26,0.78,0.75
2017-06-06,4.01,0.77,0.74
2017-06-07,1.53,0.75,0.73
2017-06-08,2.14,0.75,0.73
2017-06-09,3.5,0.75,0.72
2017-06-10,15.33,0.78,0.73
2017-06-11,12.87,0.8,0.75
2017-06-12,8.9,0.79,0.76
2017-06-13,15.02,0.81,0.77
2017-06-14,2.05,0.79,0.77
2017-06-15,6.05,0.79,0.76
2017-06-16,7.71,0.8,0.77
2017-06-17,3.57,0.79,0.77
2017-06-18,3.83,0.79,0.77
2017-06-19,8.45,0.79,0.77
2017-06-20,26.03,0.84,0.79
2017-06-21,4.24,0.82,0.81
2017-06-22,0.6,0.8,0.8
2017-06-23,5.51,0.81,0.79
2017-06-24,22.77,0.84,0.8
2017-06-25,2.54,0.82,0.82
2017-06-26,9.23,0.83,0.81
2017-06-27,22.07,0.86,0.83
2017-06-28,4.4,0.84,0.83
2017-06-29,17.87,0.86,0.84
2017-06-30,1.42,0.84,0.85
2017-07-01,16.37,0.85,0.84
2017-07-02,55.82,0.93,0.9
2017-07-03,3.59,0.88,0.9
2017-07-04,5.17,0.87,0.89
2017-07-05,12.81,0.88,0.89
2017-07-06,18.38,0.9,0.9
2017-07-07,20.91,0.91,0.92
2017-07-08,4.88,0.89,0.91
2017-07-09,8.07,0.89,0.91
2017-07-10,0.09,0.88,0.91
2017-07-11,0.01,0.87,0.9
2017-07-12,0.01,0.87,0.89
2017-07-13,0.06,0.86,0.89
2017-07-14,0.22,0.86,0.88
2017-07-15,2.32,0.86,0.88
2017-07-16,1.45,0.86,0.87
2017-07-17,0.84,0.85,0.87
2017-07-18,1.87,0.85,0.86
2017-07-19,4.42,0.85,0.86
2017-07-20,1.5,0.85,0.86
2017-07-21,1.92,0.85,0.85
2017-07-22,3.51,0.85,0.85
2017-07-23,3.03,0.85,0.85
2017-07-24,2.28,0.84,0.85
2017-07-25,0.43,0.84,0.85
2017-07-26,0.56,0.84,0.84
2017-07-27,0.61,0.83,0.83
2017-07-28,0.46,0.83,0.83
2017-07-29,0.51,0.82,0.82
2017-07-30,0.59,0.82,0.82
2017-07-31,1.18,0.81,0.81
2017-08-01,1.52,0.81,0.81
2017-08-02,1.92,0.81,0.8
2017-08-03,1.61,0.81,0.8
2017-08-04,0.51,0.8,0.8
2017-08-05,1.15,0.8,0.79
2017-08-06,0.69,0.79,0.79
2017-08-07,0.14,0.79,0.78
2017-08-08,0.49,0.78,0.77
2017-08-09,3.41,0.79,0.77
2017-08-10,1.94,0.78,0.77
2017-08-11,5.16,0.79,0.77
2017-08-12,5.96,0.79,0.77
2017-08-13,6.16,0.79,0.77
2017-08-14,3.34,0.79,0.77
2017-08-15,1.7,0.78,0.77
2017-08-16,0.08,0.77,0.76
2017-08-17,0.16,0.77,0.75
2017-08-18,1.32,0.76,0.75
2017-08-19,0.26,0.76,0.74
2017-08-20,0.1,0.75,0.73
2017-08-21,1.27,0.75,0.73
2017-08-22,3.83,0.76,0.73
2017-08-23,0.13,0.74,0.72
2017-08-24,0.96,0.74,0.72
2017-08-25,6.02,0.75,0.72
2017-08-26,6.67,0.76,0.72
2017-08-27,5.03,0.75,0.72
2017-08-28,1.36,0.75,0.72
2017-08-29,0.82,0.74,0.72
2017-08-30,0.82,0.73,0.71
2017-08-31,0.83,0.73,0.71
2017-09-01,0.96,0.72,0.7
2017-09-02,1.18,0.72,0.7
2017-09-03,2.41,0.72,0.69
2017-09-04,2.31,0.72,0.69
2017-09-05,1.11,0.71,0.69
2017-09-06,2.99,0.71,0.68
2017-09-07,26.55,0.78,0.7
2017-09-08,6.0,0.76,0.72
2017-09-09,5.34,0.75,0.72
2017-09-10,7.77,0.76,0.72
2017-09-11,6.59,0.76,0.72
2017-09-12,13.85,0.78,0.72
2017-09-13,0.66,0.75,0.73
2017-09-14,0.68,0.74,0.72
2017-09-15,1.34,0.73,0.71
2017-09-16,1.42,0.73,0.7
2017-09-17,1.13,0.72,0.7
2017-09-18,2.28,0.72,0.69
2017-09-19,2.74,0.72,0.69
2017-09-20,3.31,0.72,0.69
2017-09-21,4.5,0.72,0.69
2017-09-22,7.73,0.73,0.69
2017-09-23,7.35,0.74,0.7
2017-09-24,27.03,0.8,0.72
2017-09-25,2.05,0.75,0.73
2017-09-26,5.32,0.75,0.72
2017-09-27,5.32,0.75,0.72
2017-09-28,7.24,0.76,0.72
2017-09-29,7.29,0.76,0.72
2017-09-30,6.91,0.77,0.73
2017-10-01,4.21,0.76,0.73
2017-10-02,1.09,0.75,0.72
2017-10-03,3.48,0.75,0.72
2017-10-04,7.3,0.76,0.72
2017-10-05,3.74,0.76,0.73
2017-10-06,11.89,0.78,0.73
2017-10-07,47.22,0.82,0.75
2017-10-08,73.39,0.92,0.86
2017-10-09,2.94,0.85,0.85
2017-10-10,2.88,0.84,0.83
2017-10-11,4.37,0.83,0.82
2017-10-12,3.21,0.83,0.82
2017-10-13,3.38,0.83,0.82
2017-10-14,10.03,0.83,0.82
2017-10-15,11.46,0.85,0.83
2017-10-16,2.51,0.83,0.82
2017-10-17,3.48,0.82,0.82
2017-10-18,1.75,0.82,0.81
2017-10-19,2.25,0.82,0.81
2017-10-20,1.28,0.81,0.8
2017-10-21,2.58,0.81,0.8
2017-10-22,2.44,0.81,0.8
2017-10-23,2.85,0.81,0.79
2017-10-24,3.37,0.81,0.79
2017-10-25,6.43,0.81,0.79
2017-10-26,3.56,0.81,0.79
2017-10-27,3.8,0.81,0.79
2017-10-28,2.7,0.81,0.79
2017-10-29,3.28,0.81,0.79
2017-10-30,1.03,0.8,0.79
2017-10-31,1.39,0.8,0.79
2017-11-01,1.27,0.8,0.78
2017-11-02,1.67,0.79,0.78
2017-11-03,0.78,0.79,0.78
2017-11-04,3.94,0.79,0.77
2017-11-05,7.21,0.8,0.78
2017-11-06,10.82,0.82,0.79
2017-11-07,1.04,0.8,0.79
2017-11-08,1.08,0.79,0.78
2017-11-09,1.07,0.79,0.77
2017-11-10,1.08,0.78,0.77
2017-11-11,0.49,0.78,0.76
2017-11-12,1.38,0.77,0.76
2017-11-13,0.84,0.77,0.75
2017-11-14,4.68,0.77,0.75
2017-11-15,7.78,0.78,0.75
2017-11-16,7.46,0.79,0.76
2017-11-17,5.31,0.79,0.77
2017-11-18,2.55,0.78,0.77
2017-11-19,3.72,0.79,0.76
2017-11-20,3.04,0.78,0.76
2017-11-21,0.53,0.78,0.76
2017-11-22,3.74,0.78,0.76
2017-11-23,4.04,0.79,0.76
2017-11-24,4.2,0.79,0.76
2017-11-25,3.72,0.78,0.76
2017-11-26,1.48,0.77,0.76
2017-11-27,0.07,0.76,0.75
2017-11-28,0.01,0.76,0.74
2017-11-29,0.01,0.75,0.73
2017-11-30,0.05,0.74,0.73
2017-12-01,0.02,0.74,0.72
2017-12-02,0.3,0.73,0.71
2017-12-03,0.22,0.72,0.71
2017-12-04,0.22,0.72,0.7
2017-12-05,0.18,0.72,0.7
2017-12-06,0.29,0.71,0.69
2017-12-07,2.1,0.71,0.69
2017-12-08,4.64,0.72,0.69
2017-12-09,3.75,0.72,0.69
2017-12-10,0.67,0.71,0.69
2017-12-11,0.05,0.7,0.69
2017-12-12,0.03,0.7,0.68
2017-12-13,0.19,0.69,0.68
2017-12-14,0.67,0.69,0.67
2017-12-15,0.72,0.69,0.67
2017-12-16,1.31,0.68,0.67
2017-12-17,0.74,0.68,0.66
2017-12-18,0.96,0.67,0.66
2017-12-19,1.28,0.67,0.65
2017-12-20,2.54,0.67,0.65
2017-12-21,2.66,0.68,0.66
2017-12-22,0.04,0.66,0.65
2017-12-23,0.0,0.65,0.65
2017-12-24,0.0,0.64,0.64
2017-12-25,0.0,0.63,0.63
2017-12-26,0.0,0.63,0.63
2017-12-27,0.0,0.62,0.62
2017-12-28,0.0,0.62,0.62
2017-12-29,0.0,0.61,0.61
2017-12-30,0.0,0.61,0.61
2017-12-31,0.0,0.6,0.61
2018-01-01,0.0,0.59,0.6
2018-01-02,0.0,0.58,0.6
2018-01-03,0.0,0.58,0.59
2018-01-04,0.0,0.57,0.59
2018-01-05,0.0,0.57,0.59
2018-01-06,0.1,0.56,0.58
2018-01-07,0.6,0.56,0.58
2018-01-08,1.33,0.56,0.58
2018-01-09,0.05,0.55,0.58
2018-01-10,0.19,0.55,0.57
2018-01-11,0.0,0.54,0.57
2018-01-12,0.0,0.53,0.56
2018-01-13,0.0,0.53,0.56
2018-01-14,0.0,0.52,0.56
2018-01-15,0.0,0.52,0.55
2018-01-16,0.01,0.52,0.55
2018-01-17,0.01,0.52,0.55
2018-01-18,0.0,0.52,0.55
2018-01-19,0.0,0.51,0.54
2018-01-20,0.0,0.51,0.54
2018-01-21,0.02,0.5,0.54
2018-01-22,0.02,0.5,0.53
2018-01-23,0.05,0.49,0.53
2018-01-24,0.03,0.49,0.53
2018-01-25,0.04,0.49,0.53
2018-01-26,0.0,0.49,0.52
2018-01-27,0.0,0.48,0.52
2018-01-28,0.01,0.48,0.52
2018-01-29,0.0,0.48,0.52
2018-01-30,0.0,0.47,0.52
2018-01-31,0.0,0.47,0.51
2018-02-01,0.0,0.47,0.51
2018-02-02,0.01,0.47,0.51
2018-02-03,0.01,0.47,0.5
2018-02-04,0.01,0.46,0.5
2018-02-05,0.23,0.46,0.5
2018-02-06,0.45,0.46,0.5
2018-02-07,1.04,0.46,0.5
2018-02-08,0.32,0.45,0.49
2018-02-09,0.68,0.45,0.49
2018-02-10,0.14,0.44,0.49
2018-02-11,0.43,0.44,0.49
2018-02-12,0.28,0.43,0.49
2018-02-13,0.23,0.42,0.48
2018-02-14,0.32,0.42,0.48
2018-02-15,0.36,0.41,0.48
2018-02-16,0.29,0.4,0.48
2018-02-17,1.84,0.41,0.48
2018-02-18,4.18,0.45,0.48
2018-02-19,3.71,0.49,0.49
2018-02-20,13.63,0.56,0.51
2018-02-21,1.38,0.49,0.51
2018-02-22,0.41,0.48,0.51
2018-02-23,3.48,0.5,0.5
2018-02-24,2.78,0.5,0.51
2018-02-25,19.94,0.58,0.52
2018-02-26,6.02,0.55,0.54
2018-02-27,3.71,0.54,0.54
2018-02-28,2.66,0.53,0.54
2018-03-01,8.26,0.55,0.54
2018-03-02,1.56,0.52,0.54
2018-03-03,1.05,0.51,0.54
2018-03-04,6.13,0.53,0.54
2018-03-05,7.9,0.56,0.55
2018-03-06,4.96,0.54,0.55
2018-03-07,7.03,0.56,0.55
2018-03-08,7.4,0.57,0.56
2018-03-09,8.59,0.57,0.56
2018-03-10,7.84,0.59,0.57
2018-03-11,6.9,0.59,0.58
2018-03-12,3.91,0.58,0.58
2018-03-13,3.45,0.58,0.58
2018-03-14,1.62,0.56,0.58
2018-03-15,4.91,0.57,0.57
2018-03-16,13.46,0.61,0.58
2018-03-17,4.7,0.61,0.6
2018-03-18,1.36,0.58,0.59
2018-03-19,0.64,0.57,0.59
2018-03-20,1.82,0.56,0.58
2018-03-21,2.47,0.57,0.58
2018-03-22,1.77,0.57,0.58
2018-03-23,6.71,0.59,0.58
2018-03-24,3.7,0.59,0.59
2018-03-25,1.72,0.57,0.59
2018-03-26,8.0,0.61,0.59
2018-03-27,0.03,0.57,0.59
2018-03-28,0.21,0.56,0.58
2018-03-29,0.43,0.56,0.58
2018-03-30,0.45,0.56,0.58
2018-03-31,0.38,0.55,0.57
2018-04-01,3.07,0.56,0.57
2018-04-02,0.93,0.56,0.57
2018-04-03,1.08,0.55,0.57
2018-04-04,2.13,0.55,0.57
2018-04-05,5.41,0.58,0.58
2018-04-06,3.58,0.57,0.58
2018-04-07,3.75,0.58,0.58
2018-04-08,4.2,0.58,0.58
2018-04-09,0.63,0.55,0.58
2018-04-10,1.48,0.56,0.57
2018-04-11,0.24,0.54,0.57
2018-04-12,1.32,0.54,0.56
2018-04-13,5.25,0.56,0.56
2018-04-14,2.75,0.55,0.57
2018-04-15,5.8,0.58,0.57
2018-04-16,4.89,0.57,0.57
2018-04-17,9.12,0.6,0.58
2018-04-18,9.22,0.61,0.59
2018-04-19,8.41,0.62,0.6
2018-04-20,8.56,0.63,0.6
2018-04-21,3.0,0.61,0.6
2018-04-22,9.01,0.62,0.6
2018-04-23,8.15,0.63,0.61
2018-04-24,2.59,0.62,0.61
2018-04-25,4.05,0.61,0.61
2018-04-26,0.31,0.6,0.6
2018-04-27,3.88,0.6,0.6
2018-04-28,1.65,0.59,0.6
2018-04-29,2.37,0.59,0.59
2018-04-30,1.22,0.58,0.59
2018-05-01,1.56,0.58,0.59
2018-05-02,1.34,0.57,0.59
2018-05-03,1.97,0.57,0.58
2018-05-04,2.53,0.57,0.58
2018-05-05,4.07,0.57,0.58
2018-05-06,8.75,0.61,0.59
2018-05-07,0.88,0.58,0.59
2018-05-08,4.24,0.59,0.59
2018-05-09,5.93,0.6,0.59
2018-05-10,12.09,0.63,0.6
2018-05-11,23.67,0.71,0.63
2018-05-12,5.76,0.68,0.65
2018-05-13,3.05,0.66,0.64
2018-05-14,1.82,0.64,0.63
2018-05-15,2.35,0.64,0.63
2018-05-16,6.48,0.64,0.62
2018-05-17,12.17,0.68,0.63
2018-05-18,1.54,0.65,0.64
2018-05-19,1.39,0.64,0.63
2018-05-20,4.78,0.64,0.62
2018-05-21,7.45,0.66,0.63
2018-05-22,16.81,0.68,0.63
2018-05-23,10.11,0.71,0.66
2018-05-24,13.99,0.72,0.66
2018-05-25,21.88,0.78,0.7
2018-05-26,4.66,0.73,0.69
2018-05-27,18.9,0.76,0.69
2018-05-28,0.63,0.73,0.7
2018-05-29,4.67,0.72,0.69
2018-05-30,6.84,0.73,0.69
2018-05-31,5.48,0.73,0.69
2018-06-01,3.54,0.72,0.69
2018-06-02,2.69,0.72,0.69
2018-06-03,4.18,0.72,0.69
2018-06-04,3.98,0.72,0.69
2018-06-05,2.08,0.71,0.69
2018-06-06,2.8,0.71,0.68
2018-06-07,6.06,0.72,0.68
2018-06-08,4.99,0.72,0.69
2018-06-09,5.97,0.72,0.69
2018-06-10,11.21,0.74,0.69
2018-06-11,2.94,0.73,0.7
2018-06-12,1.78,0.71,0.69
2018-06-13,5.14,0.72,0.69
2018-06-14,3.58,0.72,0.69
2018-06-15,6.29,0.73,0.69
2018-06-16,4.79,0.73,0.69
2018-06-17,3.17,0.72,0.69
2018-06-18,4.31,0.72,0.69
2018-06-19,10.51,0.75,0.7
2018-06-20,2.75,0.73,0.7
2018-06-21,26.77,0.79,0.72
2018-06-22,11.66,0.78,0.74
2018-06-23,6.72,0.77,0.73
2018-06-24,4.86,0.76,0.73
2018-06-25,0.85,0.75,0.73
2018-06-26,63.48,0.81,0.73
2018-06-27,42.7,0.85,0.81
2018-06-28,8.66,0.82,0.79
2018-06-29,8.52,0.82,0.79
2018-06-30,47.53,0.87,0.81
2018-07-01,16.68,0.87,0.86
2018-07-02,5.22,0.85,0.85
2018-07-03,5.32,0.84,0.84
2018-07-04,5.49,0.84,0.84
2018-07-05,11.67,0.85,0.84
2018-07-06,18.93,0.87,0.86
2018-07-07,6.81,0.86,0.86
2018-07-08,6.43,0.86,0.86
2018-07-09,5.31,0.86,0.86
2018-07-10,0.83,0.85,0.85
2018-07-11,5.56,0.85,0.85
2018-07-12,8.31,0.86,0.86
2018-07-13,3.94,0.85,0.85
2018-07-14,10.73,0.86,0.86
2018-07-15,5.01,0.86,0.86
2018-07-16,4.59,0.85,0.86
2018-07-17,6.39,0.86,0.86
2018-07-18,2.06,0.85,0.86
2018-07-19,2.88,0.85,0.85
2018-07-20,1.02,0.84,0.85
2018-07-21,3.28,0.84,0.84
2018-07-22,1.51,0.84,0.84
2018-07-23,1.83,0.84,0.84
2018-07-24,2.53,0.84,0.84
2018-07-25,6.62,0.84,0.84
2018-07-26,2.12,0.84,0.84
2018-07-27,0.09,0.83,0.83
2018-07-28,0.1,0.82,0.82
2018-07-29,1.53,0.82,0.82
2018-07-30,0.58,0.81,0.81
2018-07-31,0.08,0.81,0.8
2018-08-01,0.3,0.8,0.8
2018-08-02,1.64,0.8,0.79
2018-08-03,1.19,0.8,0.79
2018-08-04,0.28,0.79,0.78
2018-08-05,0.02,0.78,0.77
2018-08-06,0.18,0.78,0.77
2018-08-07,0.32,0.78,0.76
2018-08-08,0.2,0.77,0.76
2018-08-09,1.74,0.77,0.75
2018-08-10,1.88,0.77,0.75
2018-08-11,0.66,0.76,0.74
2018-08-12,2.17,0.76,0.74
2018-08-13,1.91,0.76,0.73
2018-08-14,2.48,0.76,0.73
2018-08-15,1.77,0.75,0.73
2018-08-16,1.15,0.74,0.72
2018-08-17,7.24,0.75,0.72
2018-08-18,9.46,0.78,0.73
2018-08-19,6.66,0.77,0.74
2018-08-20,3.24,0.77,0.74
2018-08-21,4.44,0.76,0.74
2018-08-22,6.15,0.76,0.73
2018-08-23,5.22,0.76,0.73
2018-08-24,14.1,0.79,0.74
2018-08-25,10.19,0.8,0.76
2018-08-26,6.23,0.79,0.76
2018-08-27,1.13,0.77,0.75
2018-08-28,3.41,0.77,0.74
2018-08-29,1.69,0.76,0.74
2018-08-30,2.15,0.76,0.74
2018-08-31,5.64,0.77,0.73
2018-09-01,4.42,0.77,0.74
2018-09-02,4.58,0.76,0.74
2018-09-03,4.42,0.77,0.73
2018-09-04,5.88,0.77,0.74
2018-09-05,7.6,0.77,0.74
2018-09-06,13.88,0.8,0.76
2018-09-07,9.36,0.79,0.76
2018-09-08,5.9,0.79,0.76
2018-09-09,5.41,0.79,0.76
2018-09-10,13.22,0.8,0.76
2018-09-11,5.62,0.8,0.77
2018-09-12,12.85,0.81,0.77
2018-09-13,3.98,0.8,0.78
2018-09-14,4.52,0.8,0.77
2018-09-15,3.96,0.79,0.77
2018-09-16,10.65,0.81,0.78
2018-09-17,1.2,0.79,0.77
2018-09-18,1.5,0.79,0.77
2018-09-19,5.43,0.8,0.77
2018-09-20,18.4,0.83,0.79
2018-09-21,8.46,0.82,0.79
2018-09-22,10.36,0.82,0.8
2018-09-23,3.47,0.81,0.79
2018-09-24,2.83,0.81,0.79
2018-09-25,3.09,0.8,0.78
2018-09-26,26.98,0.86,0.81
2018-09-27,2.38,0.82,0.81
2018-09-28,20.09,0.85,0.82
2018-09-29,3.63,0.83,0.82
2018-09-30,7.46,0.83,0.82
2018-10-01,5.89,0.83,0.82
2018-10-02,19.01,0.85,0.82
2018-10-03,45.18,0.9,0.87
2018-10-04,5.13,0.86,0.86
2018-10-05,17.42,0.88,0.87
2018-10-06,10.33,0.88,0.88
2018-10-07,5.81,0.87,0.88
2018-10-08,10.66,0.88,0.88
2018-10-09,11.34,0.88,0.89
2018-10-10,10.21,0.88,0.89
2018-10-11,8.65,0.88,0.9
2018-10-12,11.84,0.89,0.9
2018-10-13,3.73,0.88,0.9
2018-10-14,7.95,0.88,0.9
2018-10-15,11.78,0.9,0.91
2018-10-16,8.49,0.89,0.91
2018-10-17,5.72,0.89,0.91
2018-10-18,1.27,0.88,0.9
2018-10-19,0.48,0.87,0.9
2018-10-20,0.65,0.87,0.89
2018-10-21,1.47,0.87,0.88
2018-10-22,11.02,0.88,0.88
2018-10-23,4.72,0.88,0.89
2018-10-24,2.42,0.87,0.89
2018-10-25,0.46,0.86,0.88
2018-10-26,1.9,0.86,0.88
2018-10-27,1.7,0.86,0.87
2018-10-28,2.93,0.86,0.87
2018-10-29,3.18,0.86,0.87
2018-10-30,3.43,0.86,0.87
2018-10-31,1.87,0.86,0.86
2018-11-01,3.54,0.86,0.86
2018-11-02,9.27,0.86,0.86
2018-11-03,4.18,0.86,0.87
2018-11-04,6.61,0.86,0.87
2018-11-05,6.76,0.86,0.87
2018-11-06,5.29,0.86,0.87
2018-11-07,2.82,0.86,0.87
2018-11-08,2.24,0.86,0.87
2018-11-09,1.49,0.85,0.86
2018-11-10,0.63,0.85,0.86
2018-11-11,0.75,0.85,0.85
2018-11-12,1.33,0.84,0.85
2018-11-13,0.76,0.84,0.84
2018-11-14,1.25,0.84,0.84
2018-11-15,3.77,0.84,0.84
2018-11-16,1.52,0.84,0.84
2018-11-17,3.92,0.84,0.83
2018-11-18,1.68,0.84,0.83
2018-11-19,5.07,0.84,0.83
2018-11-20,3.6,0.84,0.84
2018-11-21,0.89,0.83,0.83
2018-11-22,0.33,0.83,0.82
2018-11-23,0.35,0.82,0.82
2018-11-24,1.33,0.82,0.81
2018-11-25,0.65,0.81,0.8
2018-11-26,1.05,0.81,0.8
2018-11-27,0.45,0.81,0.8
2018-11-28,0.98,0.81,0.79
2018-11-29,0.39,0.8,0.79
2018-11-30,0.39,0.8,0.78
2018-12-01,1.8,0.8,0.78
2018-12-02,0.0,0.79,0.78
2018-12-03,0.0,0.78,0.77
2018-12-04,0.0,0.78,0.76
2018-12-05,0.01,0.77,0.76
2018-12-06,0.0,0.77,0.75
2018-12-07,0.06,0.76,0.74
2018-12-08,0.07,0.76,0.74
2018-12-09,0.0,0.75,0.74
2018-12-10,0.07,0.75,0.73
2018-12-11,0.01,0.74,0.73
2018-12-12,0.45,0.74,0.72
2018-12-13,0.17,0.74,0.71
2018-12-14,0.01,0.73,0.71
2018-12-15,0.0,0.72,0.7
2018-12-16,0.02,0.72,0.7
2018-12-17,0.02,0.71,0.69
2018-12-18,0.11,0.7,0.68
2018-12-19,0.12,0.7,0.68
2018-12-20,0.01,0.69,0.67
2018-12-21,0.0,0.69,0.67
2018-12-22,0.0,0.68,0.66
2018-12-23,0.0,0.68,0.66
2018-12-24,0.0,0.67,0.65
2018-12-25,0.0,0.66,0.65
2018-12-26,0.0,0.66,0.64
2018-12-27,0.0,0.65,0.64
2018-12-28,0.0,0.64,0.63
2018-12-29,0.0,0.64,0.63
2018-12-30,0.0,0.63,0.62
2018-12-31,0.0,0.62,0.62
2019-01-01,0.0,0.61,0.61
2019-01-02,0.0,0.6,0.61
2019-01-03,0.0,0.59,0.6
2019-01-04,0.0,0.58,0.6
2019-01-05,0.0,0.58,0.6
2019-01-06,0.0,0.57,0.59
2019-01-07,0.06,0.57,0.59
2019-01-08,0.02,0.56,0.59
2019-01-09,0.0,0.55,0.58
2019-01-10,0.07,0.55,0.58
2019-01-11,0.0,0.55,0.58
2019-01-12,0.0,0.55,0.57
2019-01-13,0.0,0.55,0.57
2019-01-14,0.0,0.54,0.57
2019-01-15,0.0,0.54,0.57
2019-01-16,0.38,0.53,0.56
2019-01-17,1.21,0.54,0.56
2019-01-18,0.91,0.53,0.56
2019-01-19,0.59,0.53,0.56
2019-01-20,2.61,0.53,0.56
2019-01-21,0.03,0.52,0.55
2019-01-22,0.04,0.52,0.55
2019-01-23,0.07,0.51,0.55
2019-01-24,0.11,0.51,0.54
2019-01-25,0.4,0.51,0.54
2019-01-26,0.07,0.5,0.54
2019-01-27,0.14,0.5,0.54
2019-01-28,0.09,0.5,0.53
2019-01-29,0.07,0.49,0.53
2019-01-30,0.37,0.49,0.53
2019-01-31,3.36,0.51,0.53
2019-02-01,11.27,0.54,0.53
2019-02-02,28.81,0.68,0.59
2019-02-03,1.38,0.58,0.59
2019-02-04,1.34,0.57,0.58
2019-02-05,1.17,0.56,0.58
2019-02-06,0.53,0.55,0.57
2019-02-07,0.42,0.53,0.57
2019-02-08,0.41,0.53,0.56
2019-02-09,0.47,0.52,0.55
2019-02-10,0.0,0.51,0.55
2019-02-11,0.0,0.51,0.54
2019-02-12,0.0,0.5,0.54
2019-02-13,0.0,0.5,0.54
2019-02-14,0.0,0.5,0.53
2019-02-15,0.17,0.5,0.53
2019-02-16,0.11,0.49,0.53
2019-02-17,0.33,0.49,0.53
2019-02-18,2.0,0.5,0.53
2019-02-19,6.92,0.53,0.53
2019-02-20,0.61,0.52,0.54
2019-02-21,0.17,0.51,0.54
2019-02-22,0.47,0.51,0.53
2019-02-23,0.36,0.5,0.53
2019-02-24,0.28,0.5,0.53
2019-02-25,3.89,0.52,0.53
2019-02-26,1.33,0.5,0.53
2019-02-27,1.43,0.51,0.53
2019-02-28,0.44,0.49,0.53
2019-03-01,2.7,0.51,0.53
2019-03-02,0.51,0.49,0.53
2019-03-03,0.02,0.48,0.52
2019-03-04,0.52,0.49,0.52
2019-03-05,1.06,0.49,0.52
2019-03-06,6.7,0.52,0.52
2019-03-07,1.89,0.52,0.53
2019-03-08,2.84,0.51,0.53
2019-03-09,1.76,0.51,0.53
2019-03-10,1.07,0.5,0.53
2019-03-11,1.58,0.5,0.52
2019-03-12,0.22,0.48,0.52
2019-03-13,1.06,0.49,0.52
2019-03-14,0.73,0.49,0.52
2019-03-15,2.51,0.5,0.52
2019-03-16,2.18,0.5,0.52
2019-03-17,5.01,0.52,0.52
2019-03-18,2.64,0.5,0.52
2019-03-19,3.45,0.5,0.52
2019-03-20,5.32,0.54,0.53
2019-03-21,1.71,0.51,0.53
2019-03-22,13.41,0.57,0.55
2019-03-23,1.48,0.52,0.55
2019-03-24,2.63,0.51,0.54
2019-03-25,4.98,0.54,0.54
2019-03-26,0.32,0.5,0.54
2019-03-27,2.28,0.51,0.53
2019-03-28,3.18,0.51,0.53
2019-03-29,2.35,0.52,0.54
2019-03-30,11.94,0.57,0.55
2019-03-31,1.5,0.53,0.55
2019-04-01,7.08,0.56,0.55
2019-04-02,1.77,0.53,0.55
2019-04-03,2.86,0.53,0.55
2019-04-04,9.4,0.56,0.56
2019-04-05,8.07,0.58,0.57
2019-04-06,3.14,0.56,0.57
2019-04-07,6.01,0.56,0.57
2019-04-08,11.07,0.62,0.58
2019-04-09,1.7,0.56,0.58
2019-04-10,6.33,0.58,0.58
2019-04-11,7.21,0.6,0.59
2019-04-12,0.41,0.57,0.59
2019-04-13,2.54,0.57,0.58
2019-04-14,20.89,0.62,0.58
2019-04-15,7.27,0.65,0.62
2019-04-16,1.81,0.61,0.61
2019-04-17,0.84,0.59,0.6
2019-04-18,3.53,0.59,0.59
2019-04-19,3.22,0.6,0.6
2019-04-20,6.75,0.61,0.6
2019-04-21,1.36,0.59,0.6
2019-04-22,9.68,0.64,0.61
2019-04-23,8.43,0.65,0.62
2019-04-24,0.68,0.62,0.61
2019-04-25,1.78,0.6,0.6
2019-04-26,2.35,0.61,0.6
2019-04-27,1.29,0.59,0.6
2019-04-28,2.85,0.59,0.6
2019-04-29,11.4,0.64,0.6
2019-04-30,6.57,0.63,0.61
2019-05-01,16.05,0.65,0.61
2019-05-02,7.69,0.68,0.64
2019-05-03,3.53,0.66,0.64
2019-05-04,2.91,0.65,0.63
2019-05-05,0.13,0.63,0.62
2019-05-06,9.79,0.66,0.62
2019-05-07,11.58,0.68,0.64
2019-05-08,5.92,0.69,0.65
2019-05-09,6.28,0.67,0.64
2019-05-10,2.98,0.67,0.65
2019-05-11,6.34,0.67,0.64
2019-05-12,4.11,0.67,0.64
2019-05-13,10.14,0.69,0.65
2019-05-14,15.73,0.71,0.65
2019-05-15,10.38,0.73,0.68
2019-05-16,1.35,0.69,0.67
2019-05-17,2.46,0.68,0.66
2019-05-18,8.68,0.71,0.67
2019-05-19,1.71,0.69,0.66
2019-05-20,5.88,0.69,0.66
2019-05-21,4.36,0.69,0.66
2019-05-22,13.08,0.72,0.67
2019-05-23,13.52,0.75,0.69
2019-05-24,4.35,0.73,0.69
2019-05-25,5.33,0.72,0.69
2019-05-26,1.06,0.7,0.68
2019-05-27,3.68,0.7,0.68
2019-05-28,0.94,0.69,0.67
2019-05-29,4.41,0.69,0.67
2019-05-30,4.45,0.69,0.67
2019-05-31,6.79,0.71,0.67
2019-06-01,12.04,0.73,0.68
2019-06-02,4.59,0.72,0.69
2019-06-03,1.8,0.7,0.68
2019-06-04,7.7,0.72,0.68
2019-06-05,5.72,0.72,0.69
2019-06-06,5.05,0.72,0.69
2019-06-07,19.41,0.77,0.7
2019-06-08,3.34,0.74,0.71
2019-06-09,5.38,0.74,0.7
2019-06-10,37.36,0.82,0.73
2019-06-11,5.03,0.79,0.76
2019-06-12,0.66,0.76,0.74
2019-06-13,2.64,0.75,0.73
2019-06-14,6.68,0.76,0.72
2019-06-15,3.33,0.75,0.73
2019-06-16,1.82,0.75,0.72
2019-06-17,2.12,0.74,0.72
2019-06-18,1.18,0.73,0.71
2019-06-19,1.41,0.73,0.71
2019-06-20,12.35,0.75,0.71
2019-06-21,11.65,0.77,0.72
2019-06-22,13.44,0.78,0.73
2019-06-23,11.97,0.79,0.74
2019-06-24,14.78,0.8,0.76
2019-06-25,3.37,0.78,0.76
2019-06-26,2.51,0.77,0.75
2019-06-27,2.96,0.76,0.74
2019-06-28,9.19,0.78,0.75
2019-06-29,1.1,0.77,0.75
2019-06-30,2.29,0.76,0.74
2019-07-01,6.84,0.77,0.74
2019-07-02,8.36,0.78,0.74
2019-07-03,9.18,0.78,0.75
2019-07-04,14.09,0.8,0.76
2019-07-05,14.56,0.82,0.78
2019-07-06,1.64,0.79,0.77
2019-07-07,2.35,0.78,0.77
2019-07-08,3.73,0.78,0.76
2019-07-09,1.56,0.78,0.76
2019-07-10,0.43,0.77,0.76
2019-07-11,0.41,0.76,0.75
2019-07-12,3.32,0.76,0.74
2019-07-13,1.7,0.76,0.74
2019-07-14,0.27,0.75,0.74
2019-07-15,1.12,0.75,0.73
2019-07-16,3.65,0.75,0.73
2019-07-17,2.38,0.75,0.73
2019-07-18,2.95,0.75,0.72
2019-07-19,9.03,0.76,0.72
2019-07-20,8.21,0.77,0.74
2019-07-21,4.91,0.77,0.74
2019-07-22,3.46,0.76,0.74
2019-07-23,2.88,0.76,0.73
2019-07-24,2.29,0.75,0.73
2019-07-25,1.71,0.75,0.72
2019-07-26,2.61,0.74,0.72
2019-07-27,2.58,0.74,0.72
2019-07-28,2.79,0.74,0.72
2019-07-29,4.72,0.74,0.72
2019-07-30,8.64,0.76,0.72
2019-07-31,1.48,0.74,0.72
2019-08-01,0.98,0.73,0.71
2019-08-02,2.45,0.73,0.71
2019-08-03,0.97,0.73,0.71
2019-08-04,0.98,0.72,0.7
2019-08-05,3.45,0.72,0.7
2019-08-06,1.9,0.71,0.69
2019-08-07,1.14,0.7,0.69
2019-08-08,2.7,0.71,0.68
2019-08-09,2.28,0.71,0.68
2019-08-10,0.93,0.69,0.68
2019-08-11,0.38,0.68,0.67
2019-08-12,0.71,0.67,0.66
2019-08-13,1.77,0.67,0.66
2019-08-14,0.97,0.66,0.65
2019-08-15,0.31,0.65,0.65
2019-08-16,0.61,0.65,0.64
2019-08-17,0.87,0.64,0.64
2019-08-18,0.8,0.64,0.63
2019-08-19,4.26,0.65,0.63
2019-08-20,2.48,0.65,0.63
2019-08-21,2.16,0.64,0.63
2019-08-22,1.46,0.63,0.62
2019-08-23,3.15,0.63,0.62
2019-08-24,5.16,0.65,0.62
2019-08-25,2.67,0.64,0.62
2019-08-26,2.88,0.64,0.62
2019-08-27,2.55,0.63,0.62
2019-08-28,4.24,0.64,0.62
2019-08-29,2.96,0.63,0.62
2019-08-30,5.02,0.64,0.62
2019-08-31,9.85,0.67,0.63
2019-09-01,14.35,0.7,0.64
2019-09-02,10.38,0.71,0.65
2019-09-03,1.81,0.68,0.65
2019-09-04,4.64,0.67,0.65
2019-09-05,9.19,0.7,0.65
2019-09-06,3.79,0.69,0.66
2019-09-07,11.08,0.71,0.66
2019-09-08,25.59,0.78,0.7
2019-09-09,11.18,0.74,0.7
2019-09-10,4.88,0.74,0.7
2019-09-11,2.08,0.72,0.69
2019-09-12,5.43,0.72,0.69
2019-09-13,19.03,0.77,0.71
2019-09-14,6.27,0.74,0.71
2019-09-15,6.26,0.75,0.71
2019-09-16,1.1,0.73,0.71
2019-09-17,1.35,0.73,0.7
2019-09-18,8.68,0.74,0.7
2019-09-19,10.4,0.76,0.71
2019-09-20,19.06,0.79,0.73
2019-09-21,11.23,0.79,0.74
2019-09-22,9.58,0.79,0.75
2019-09-23,3.84,0.77,0.75
2019-09-24,2.38,0.76,0.74
2019-09-25,6.05,0.77,0.74
2019-09-26,4.17,0.77,0.74
2019-09-27,9.53,0.78,0.74
2019-09-28,4.62,0.78,0.75
2019-09-29,2.2,0.77,0.74
2019-09-30,2.73,0.76,0.74
2019-10-01,25.79,0.8,0.74
2019-10-02,8.06,0.81,0.78
2019-10-03,13.06,0.82,0.78
2019-10-04,11.64,0.81,0.78
2019-10-05,22.85,0.85,0.8
2019-10-06,6.62,0.83,0.8
2019-10-07,10.91,0.83,0.8
2019-10-08,11.17,0.83,0.81
2019-10-09,27.49,0.87,0.84
2019-10-10,5.72,0.85,0.84
2019-10-11,21.43,0.87,0.84
2019-10-12,26.78,0.89,0.87
2019-10-13,7.89,0.88,0.88
2019-10-14,2.04,0.86,0.87
2019-10-15,3.49,0.86,0.86
2019-10-16,4.86,0.86,0.86
2019-10-17,3.37,0.85,0.86
2019-10-18,11.53,0.87,0.87
2019-10-19,26.95,0.9,0.89
2019-10-20,18.54,0.9,0.9
2019-10-21,9.72,0.89,0.91
2019-10-22,7.25,0.89,0.9
2019-10-23,25.25,0.91,0.92
2019-10-24,18.76,0.91,0.93
2019-10-25,15.03,0.91,0.94
2019-10-26,10.92,0.91,0.94
2019-10-27,21.78,0.92,0.94
2019-10-28,6.15,0.92,0.95
2019-10-29,2.33,0.91,0.94
2019-10-30,23.8,0.92,0.94
2019-10-31,32.74,0.94,0.97
2019-11-01,2.02,0.92,0.96
2019-11-02,4.49,0.92,0.96
2019-11-03,9.07,0.92,0.96
2019-11-04,3.29,0.92,0.96
2019-11-05,1.69,0.91,0.95
2019-11-06,2.21,0.91,0.95
2019-11-07,2.81,0.9,0.94
2019-11-08,1.24,0.9,0.94
2019-11-09,1.82,0.9,0.93
2019-11-10,8.47,0.9,0.93
2019-11-11,6.14,0.9,0.93
2019-11-12,1.94,0.9,0.93
2019-11-13,3.38,0.9,0.93
2019-11-14,4.63,0.9,0.92
2019-11-15,1.72,0.89,0.92
2019-11-16,1.54,0.89,0.92
2019-11-17,0.95,0.89,0.91
2019-11-18,0.36,0.88,0.91
2019-11-19,1.36,0.88,0.91
2019-11-20,4.61,0.88,0.9
2019-11-21,1.4,0.88,0.9
2019-11-22,2.25,0.88,0.9
2019-11-23,1.17,0.88,0.9
2019-11-24,2.91,0.88,0.89
2019-11-25,1.09,0.87,0.89
2019-11-26,0.91,0.87,0.89
2019-11-27,0.87,0.86,0.88
2019-11-28,0.79,0.86,0.88
2019-11-29,0.36,0.85,0.87
2019-11-30,0.3,0.85,0.86
2019-12-01,1.25,0.85,0.86
2019-12-02,0.33,0.85,0.86
2019-12-03,0.41,0.84,0.85
2019-12-04,0.13,0.84,0.85
2019-12-05,0.66,0.84,0.84
2019-12-06,1.04,0.84,0.84
2019-12-07,4.75,0.84,0.83
2019-12-08,6.57,0.85,0.84
2019-12-09,1.25,0.84,0.84
2019-12-10,1.39,0.83,0.84
2019-12-11,0.91,0.83,0.83
2019-12-12,0.28,0.82,0.82
2019-12-13,0.49,0.82,0.82
2019-12-14,0.22,0.82,0.81
2019-12-15,0.24,0.82,0.81
2019-12-16,0.06,0.81,0.8
2019-12-17,0.03,0.8,0.8
2019-12-18,0.03,0.8,0.79
2019-12-19,0.02,0.79,0.78
2019-12-20,0.01,0.79,0.78
2019-12-21,0.05,0.79,0.77
2019-12-22,0.55,0.79,0.77
2019-12-23,0.06,0.78,0.76
2019-12-24,0.0,0.77,0.76
2019-12-25,0.01,0.76,0.75
2019-12-26,0.01,0.76,0.74
2019-12-27,0.12,0.75,0.74
2019-12-28,0.32,0.75,0.73
2019-12-29,0.01,0.75,0.73
2019-12-30,0.25,0.74,0.72
2019-12-31,0.0,0.73,0.72
2020-01-01,0.0,0.73,0.71
2020-01-02,0.0,0.72,0.7
2020-01-03,0.0,0.71,0.7
2020-01-04,0.0,0.71,0.69
2020-01-05,0.0,0.7,0.68
2020-01-06,0.0,0.7,0.68
2020-01-07,0.0,0.69,0.67
2020-01-08,0.0,0.69,0.67
2020-01-09,0.0,0.68,0.67
2020-01-10,0.0,0.69,0.66
2020-01-11,0.79,0.68,0.66
2020-01-12,0.15,0.68,0.66
2020-01-13,0.14,0.67,0.65
2020-01-14,0.42,0.66,0.65
2020-01-15,0.02,0.65,0.64
2020-01-16,0.02,0.64,0.63
2020-01-17,0.02,0.63,0.63
2020-01-18,0.14,0.62,0.62
2020-01-19,0.05,0.61,0.62
2020-01-20,0.21,0.61,0.61
2020-01-21,0.01,0.6,0.61
2020-01-22,0.01,0.6,0.61
2020-01-23,0.0,0.59,0.6
2020-01-24,0.0,0.58,0.6
2020-01-25,0.0,0.57,0.6
2020-01-26,0.0,0.57,0.59
2020-01-27,0.0,0.56,0.59
2020-01-28,0.0,0.56,0.58
2020-01-29,0.0,0.55,0.58
2020-01-30,0.0,0.55,0.58
2020-01-31,0.04,0.54,0.57
2020-02-01,0.04,0.54,0.57
2020-02-02,0.02,0.53,0.56
2020-02-03,0.0,0.52,0.56
2020-02-04,0.01,0.52,0.55
2020-02-05,0.0,0.51,0.55
2020-02-06,0.0,0.51,0.55
2020-02-07,0.0,0.5,0.54
2020-02-08,0.0,0.5,0.54
2020-02-09,0.0,0.5,0.54
2020-02-10,0.2,0.5,0.53
2020-02-11,0.0,0.49,0.53
2020-02-12,0.0,0.49,0.53
2020-02-13,0.0,0.49,0.53
2020-02-14,0.0,0.49,0.52
2020-02-15,0.0,0.48,0.52
2020-02-16,0.01,0.48,0.52
2020-02-17,0.05,0.48,0.52
2020-02-18,0.16,0.48,0.51
2020-02-19,0.27,0.48,0.51
2020-02-20,0.09,0.47,0.51
2020-02-21,0.33,0.47,0.51
2020-02-22,0.23,0.48,0.5
2020-02-23,0.23,0.47,0.5
2020-02-24,0.16,0.47,0.5
2020-02-25,0.21,0.47,0.5
2020-02-26,0.07,0.47,0.5
2020-02-27,0.38,0.46,0.49
2020-02-28,1.03,0.47,0.49
2020-02-29,0.34,0.46,0.49
2020-03-01,0.53,0.46,0.49
2020-03-02,4.72,0.5,0.49
2020-03-03,7.13,0.52,0.5
2020-03-04,4.58,0.51,0.51
2020-03-05,5.47,0.52,0.51
2020-03-06,4.02,0.51,0.52
2020-03-07,2.88,0.5,0.52
2020-03-08,0.95,0.48,0.51
2020-03-09,50.72,0.6,0.52
2020-03-10,20.0,0.69,0.63
2020-03-11,7.03,0.65,0.62
2020-03-12,0.31,0.59,0.6
2020-03-13,2.55,0.58,0.59
2020-03-14,25.49,0.63,0.59
2020-03-15,25.84,0.75,0.66
2020-03-16,0.56,0.66,0.64
2020-03-17,0.5,0.65,0.63
2020-03-18,0.6,0.63,0.62
2020-03-19,0.99,0.62,0.62
2020-03-20,0.51,0.6,0.61
2020-03-21,0.68,0.6,0.6
2020-03-22,8.78,0.63,0.6
2020-03-23,9.2,0.66,0.62
2020-03-24,7.83,0.66,0.63
2020-03-25,3.81,0.66,0.63
2020-03-26,2.29,0.65,0.63
2020-03-27,5.08,0.66,0.63
2020-03-28,2.61,0.64,0.62
2020-03-29,3.04,0.63,0.62
2020-03-30,1.44,0.63,0.62
2020-03-31,2.24,0.63,0.62
2020-04-01,5.96,0.65,0.62
2020-04-02,1.3,0.63,0.62
2020-04-03,2.06,0.62,0.62
2020-04-04,5.63,0.63,0.62
2020-04-05,3.15,0.63,0.62
2020-04-06,3.7,0.62,0.61
2020-04-07,3.2,0.63,0.61
2020-04-08,5.99,0.64,0.62
2020-04-09,5.47,0.65,0.62
2020-04-10,4.7,0.65,0.62
2020-04-11,9.24,0.67,0.63
2020-04-12,4.9,0.67,0.64
2020-04-13,5.23,0.65,0.63
2020-04-14,5.87,0.66,0.63
2020-04-15,2.74,0.64,0.62
2020-04-16,1.94,0.63,0.62
2020-04-17,1.52,0.62,0.62
2020-04-18,1.32,0.61,0.61
2020-04-19,2.53,0.61,0.61
2020-04-20,1.55,0.61,0.61
2020-04-21,0.41,0.59,0.6
2020-04-22,3.13,0.6,0.6
2020-04-23,2.14,0.6,0.6
2020-04-24,2.31,0.6,0.6
2020-04-25,2.53,0.59,0.6
2020-04-26,23.49,0.7,0.62
2020-04-27,3.33,0.66,0.63
2020-04-28,2.17,0.64,0.63
2020-04-29,2.13,0.63,0.62
2020-04-30,15.74,0.68,0.63
2020-05-01,1.31,0.66,0.64
2020-05-02,3.22,0.64,0.62
2020-05-03,5.98,0.66,0.63
2020-05-04,3.01,0.65,0.63
2020-05-05,1.51,0.63,0.62
2020-05-06,10.93,0.65,0.62
2020-05-07,9.9,0.69,0.64
2020-05-08,11.48,0.69,0.64
2020-05-09,9.4,0.71,0.65
2020-05-10,15.55,0.73,0.66
2020-05-11,11.26,0.73,0.67
2020-05-12,0.72,0.7,0.67
2020-05-13,1.0,0.69,0.66
2020-05-14,2.39,0.68,0.65
2020-05-15,5.75,0.69,0.65
2020-05-16,4.87,0.7,0.66
2020-05-17,69.99,0.8,0.68
2020-05-18,4.97,0.78,0.74
2020-05-19,1.69,0.75,0.72
2020-05-20,1.43,0.73,0.71
2020-05-21,3.13,0.73,0.7
2020-05-22,3.48,0.73,0.7
2020-05-23,2.62,0.72,0.69
2020-05-24,4.93,0.72,0.69
2020-05-25,79.29,0.84,0.72
2020-05-26,11.0,0.82,0.78
2020-05-27,9.52,0.81,0.78
2020-05-28,4.65,0.8,0.77
2020-05-29,6.79,0.79,0.77
2020-05-30,8.18,0.8,0.77
2020-05-31,5.65,0.79,0.77
2020-06-01,15.79,0.82,0.78
2020-06-02,21.34,0.84,0.8
2020-06-03,6.85,0.83,0.81
2020-06-04,11.28,0.83,0.8
2020-06-05,9.59,0.83,0.81
2020-06-06,10.29,0.83,0.82
2020-06-07,4.82,0.83,0.82
2020-06-08,1.26,0.82,0.81
2020-06-09,6.17,0.82,0.81
2020-06-10,19.45,0.85,0.82
2020-06-11,3.15,0.83,0.83
2020-06-12,8.73,0.84,0.82
2020-06-13,14.93,0.85,0.83
2020-06-14,18.29,0.86,0.85
2020-06-15,6.41,0.85,0.85
2020-06-16,4.34,0.85,0.85
2020-06-17,11.34,0.86,0.85
2020-06-18,8.6,0.86,0.86
2020-06-19,7.68,0.86,0.86
2020-06-20,3.15,0.85,0.86
2020-06-21,1.92,0.85,0.85
2020-06-22,3.65,0.85,0.85
2020-06-23,7.2,0.84,0.84
2020-06-24,7.48,0.85,0.85
2020-06-25,17.16,0.87,0.85
2020-06-26,10.89,0.87,0.87
2020-06-27,15.95,0.88,0.87
2020-06-28,15.51,0.88,0.88
2020-06-29,19.67,0.89,0.89
2020-06-30,8.59,0.88,0.89
2020-07-01,5.52,0.88,0.89
2020-07-02,14.3,0.89,0.9
2020-07-03,12.67,0.89,0.9
2020-07-04,14.5,0.9,0.91
2020-07-05,2.15,0.88,0.91
2020-07-06,0.31,0.87,0.9
2020-07-07,2.02,0.87,0.89
2020-07-08,3.32,0.87,0.89
2020-07-09,11.76,0.89,0.9
2020-07-10,22.04,0.9,0.91
2020-07-11,14.29,0.9,0.92
2020-07-12,20.25,0.92,0.93
2020-07-13,3.98,0.9,0.93
2020-07-14,4.04,0.9,0.93
2020-07-15,0.28,0.89,0.92
2020-07-16,0.34,0.88,0.91
2020-07-17,2.28,0.88,0.91
2020-07-18,1.36,0.88,0.9
2020-07-19,1.41,0.88,0.9
2020-07-20,2.6,0.88,0.9
2020-07-21,3.77,0.88,0.9
2020-07-22,5.16,0.88,0.89
2020-07-23,3.87,0.88,0.9
2020-07-24,2.06,0.87,0.89
2020-07-25,2.17,0.87,0.89
2020-07-26,1.45,0.87,0.88
2020-07-27,2.33,0.87,0.88
2020-07-28,1.84,0.86,0.88
2020-07-29,1.41,0.86,0.87
2020-07-30,0.53,0.85,0.86
2020-07-31,1.14,0.85,0.86
2020-08-01,0.45,0.85,0.85
2020-08-02,0.06,0.84,0.85
2020-08-03,0.02,0.84,0.84
2020-08-04,0.01,0.83,0.83
2020-08-05,0.02,0.82,0.82
2020-08-06,0.04,0.82,0.82
2020-08-07,0.18,0.81,0.81
2020-08-08,0.34,0.81,0.8
2020-08-09,0.0,0.81,0.8
2020-08-10,0.0,0.8,0.79
2020-08-11,0.0,0.8,0.78
2020-08-12,0.0,0.79,0.78
2020-08-13,0.0,0.79,0.77
2020-08-14,6.69,0.79,0.77
2020-08-15,16.82,0.83,0.79
2020-08-16,1.24,0.8,0.79
2020-08-17,1.27,0.79,0.78
2020-08-18,0.88,0.78,0.77
2020-08-19,0.41,0.78,0.76
2020-08-20,0.37,0.77,0.75
2020-08-21,5.43,0.78,0.75
2020-08-22,0.26,0.77,0.75
2020-08-23,0.09,0.76,0.74
2020-08-24,0.17,0.76,0.74
2020-08-25,0.05,0.75,0.73
2020-08-26,0.14,0.75,0.73
2020-08-27,2.29,0.75,0.72
2020-08-28,2.13,0.75,0.72
2020-08-29,0.22,0.74,0.71
2020-08-30,0.31,0.73,0.71
2020-08-31,0.82,0.72,0.7
2020-09-01,0.81,0.72,0.7
2020-09-02,0.4,0.72,0.69
2020-09-03,0.28,0.71,0.69
2020-09-04,0.12,0.7,0.68
2020-09-05,0.16,0.69,0.67
2020-09-06,0.16,0.69,0.67
2020-09-07,0.14,0.68,0.66
2020-09-08,1.06,0.67,0.65
2020-09-09,2.06,0.67,0.65
2020-09-10,4.23,0.69,0.66
2020-09-11,3.79,0.68,0.66
2020-09-12,28.66,0.78,0.69
2020-09-13,7.76,0.74,0.7
2020-09-14,8.61,0.75,0.7
2020-09-15,9.43,0.75,0.7
2020-09-16,14.99,0.76,0.71
2020-09-17,9.52,0.77,0.72
2020-09-18,1.24,0.74,0.71
2020-09-19,7.93,0.75,0.71
2020-09-20,2.78,0.74,0.71
2020-09-21,4.9,0.74,0.71
2020-09-22,11.63,0.76,0.71
2020-09-23,38.36,0.81,0.73
2020-09-24,8.58,0.81,0.77
2020-09-25,4.21,0.79,0.76
2020-09-26,3.29,0.78,0.76
2020-09-27,7.7,0.78,0.75
2020-09-28,26.29,0.83,0.78
2020-09-29,3.56,0.8,0.78
2020-09-30,8.26,0.81,0.77
2020-10-01,7.81,0.81,0.78
2020-10-02,2.15,0.79,0.78
2020-10-03,1.9,0.79,0.77
2020-10-04,38.49,0.84,0.78
2020-10-05,12.32,0.84,0.82
2020-10-06,5.21,0.83,0.81
2020-10-07,2.41,0.82,0.8
2020-10-08,3.13,0.81,0.8
2020-10-09,17.32,0.83,0.8
2020-10-10,19.59,0.86,0.83
2020-10-11,24.19,0.88,0.85
2020-10-12,1.86,0.85,0.85
2020-10-13,9.57,0.85,0.84
2020-10-14,14.43,0.86,0.85
2020-10-15,15.09,0.87,0.85
2020-10-16,12.11,0.87,0.87
2020-10-17,6.5,0.86,0.87
2020-10-18,7.89,0.86,0.86
2020-10-19,6.3,0.86,0.87
2020-10-20,6.57,0.86,0.87
2020-10-21,2.04,0.85,0.86
2020-10-22,3.65,0.85,0.86
2020-10-23,4.04,0.85,0.86
2020-10-24,3.03,0.85,0.85
2020-10-25,6.85,0.85,0.85
2020-10-26,2.54,0.85,0.85
2020-10-27,9.86,0.86,0.85
2020-10-28,31.34,0.9,0.88
2020-10-29,22.99,0.9,0.89
2020-10-30,20.58,0.9,0.9
2020-10-31,30.18,0.92,0.92
2020-11-01,16.38,0.91,0.93
2020-11-02,3.43,0.9,0.93
2020-11-03,2.79,0.89,0.92
2020-11-04,1.92,0.89,0.91
2020-11-05,4.16,0.89,0.91
2020-11-06,2.78,0.88,0.91
2020-11-07,2.89,0.88,0.91
2020-11-08,5.2,0.88,0.91
2020-11-09,8.17,0.89,0.91
2020-11-10,6.86,0.89,0.91
2020-11-11,8.46,0.89,0.91
2020-11-12,5.76,0.89,0.91
2020-11-13,1.55,0.88,0.91
2020-11-14,1.49,0.88,0.9
2020-11-15,1.18,0.87,0.9
2020-11-16,2.11,0.87,0.89
2020-11-17,4.56,0.87,0.89
2020-11-18,5.28,0.87,0.89
2020-11-19,2.68,0.87,0.89
2020-11-20,1.14,0.87,0.89
2020-11-21,13.14,0.88,0.88
2020-11-22,20.89,0.89,0.9
2020-11-23,4.41,0.89,0.91
2020-11-24,4.06,0.88,0.9
2020-11-25,8.46,0.88,0.9
2020-11-26,11.21,0.89,0.91
2020-11-27,3.7,0.88,0.9
2020-11-28,3.39,0.88,0.9
2020-11-29,3.17,0.88,0.9
2020-11-30,2.89,0.88,0.9
2020-12-01,2.28,0.88,0.9
2020-12-02,0.27,0.87,0.89
2020-12-03,0.1,0.86,0.88
2020-12-04,0.05,0.86,0.88
2020-12-05,0.07,0.85,0.87
2020-12-06,0.15,0.85,0.86
2020-12-07,4.07,0.85,0.86
2020-12-08,3.3,0.85,0.86
2020-12-09,1.16,0.85,0.86
2020-12-10,2.13,0.85,0.85
2020-12-11,3.12,0.85,0.85
2020-12-12,2.17,0.84,0.85
2020-12-13,3.19,0.84,0.85
2020-12-14,3.92,0.84,0.84
2020-12-15,3.05,0.84,0.84
2020-12-16,4.45,0.84,0.84
2020-12-17,1.75,0.84,0.84
2020-12-18,1.88,0.84,0.84
2020-12-19,0.45,0.83,0.84
2020-12-20,0.53,0.83,0.83
2020-12-21,0.66,0.82,0.82
2020-12-22,1.24,0.82,0.82
2020-12-23,1.18,0.82,0.82
2020-12-24,0.35,0.82,0.81
2020-12-25,0.37,0.82,0.81
2020-12-26,0.31,0.81,0.81
2020-12-27,0.0,0.8,0.8
2020-12-28,0.0,0.8,0.79
2020-12-29,0.0,0.79,0.79
2020-12-30,0.0,0.79,0.78
2020-12-31,0.0,0.79,0.78
2021-01-01,0.68,0.78,0.77
2021-01-02,1.99,0.79,0.77
2021-01-03,2.54,0.79,0.77
2021-01-04,2.69,0.79,0.77
2021-01-05,2.14,0.78,0.77
2021-01-06,4.32,0.79,0.77
2021-01-07,1.56,0.78,0.77
2021-01-08,2.78,0.78,0.76
2021-01-09,1.72,0.77,0.76
2021-01-10,1.5,0.77,0.76
2021-01-11,1.03,0.77,0.75
2021-01-12,1.6,0.76,0.75
2021-01-13,1.76,0.76,0.74
2021-01-14,0.4,0.76,0.74
2021-01-15,0.27,0.75,0.74
2021-01-16,0.29,0.74,0.73
2021-01-17,0.78,0.74,0.73
2021-01-18,1.87,0.74,0.72
2021-01-19,1.69,0.74,0.72
2021-01-20,0.65,0.73,0.71
2021-01-21,0.01,0.72,0.71
2021-01-22,0.08,0.72,0.7
2021-01-23,0.0,0.71,0.7
2021-01-24,0.0,0.71,0.69
2021-01-25,0.01,0.7,0.69
2021-01-26,0.17,0.7,0.68
2021-01-27,0.16,0.7,0.68
2021-01-28,0.32,0.69,0.68
2021-01-29,5.48,0.7,0.67
2021-01-30,3.23,0.71,0.68
2021-01-31,0.2,0.69,0.68
2021-02-01,0.1,0.69,0.67
2021-02-02,0.04,0.68,0.67
2021-02-03,0.23,0.67,0.66
2021-02-04,0.1,0.67,0.66
2021-02-05,1.83,0.67,0.65
2021-02-06,0.9,0.67,0.65
2021-02-07,0.31,0.66,0.65
2021-02-08,0.72,0.65,0.64
2021-02-09,0.75,0.65,0.64
2021-02-10,1.05,0.64,0.64
2021-02-11,1.05,0.64,0.63
2021-02-12,2.56,0.64,0.63
2021-02-13,1.06,0.63,0.63
2021-02-14,4.58,0.64,0.62
2021-02-15,13.13,0.69,0.64
2021-02-16,8.88,0.7,0.65
2021-02-17,10.31,0.71,0.66
2021-02-18,4.28,0.69,0.66
2021-02-19,0.28,0.67,0.66
2021-02-20,0.1,0.66,0.65
2021-02-21,0.08,0.64,0.64
2021-02-22,0.11,0.64,0.63
2021-02-23,0.2,0.63,0.63
2021-02-24,0.94,0.63,0.63
2021-02-25,3.12,0.64,0.62
2021-02-26,1.38,0.63,0.62
2021-02-27,2.5,0.63,0.62
2021-02-28,3.4,0.64,0.62
2021-03-01,1.03,0.63,0.62
2021-03-02,0.59,0.62,0.62
2021-03-03,1.96,0.62,0.61
2021-03-04,3.06,0.62,0.61
2021-03-05,3.99,0.63,0.61
2021-03-06,8.48,0.66,0.62
2021-03-07,8.71,0.68,0.64
2021-03-08,3.03,0.66,0.64
2021-03-09,20.21,0.71,0.65
2021-03-10,4.19,0.69,0.66
2021-03-11,5.76,0.69,0.66
2021-03-12,5.44,0.69,0.66
2021-03-13,13.67,0.72,0.66
2021-03-14,13.38,0.74,0.68
2021-03-15,4.08,0.72,0.68
2021-03-16,5.52,0.72,0.68
2021-03-17,25.82,0.78,0.7
2021-03-18,2.05,0.74,0.71
2021-03-19,1.06,0.72,0.7
2021-03-20,2.32,0.71,0.69
2021-03-21,3.21,0.71,0.69
2021-03-22,40.18,0.8,0.71
2021-03-23,12.37,0.8,0.75
2021-03-24,11.92,0.79,0.75
2021-03-25,4.4,0.77,0.75
2021-03-26,5.06,0.77,0.74
2021-03-27,2.34,0.76,0.74
2021-03-28,1.36,0.76,0.73
2021-03-29,1.1,0.75,0.73
2021-03-30,0.61,0.74,0.72
2021-03-31,1.12,0.74,0.72
2021-04-01,0.12,0.73,0.71
2021-04-02,0.24,0.73,0.71
2021-04-03,0.37,0.72,0.7
2021-04-04,0.69,0.72,0.7
2021-04-05,1.23,0.71,0.69
2021-04-06,1.8,0.72,0.69
2021-04-07,1.13,0.71,0.69
2021-04-08,1.41,0.71,0.69
2021-04-09,2.98,0.72,0.69
2021-04-10,0.8,0.71,0.69
2021-04-11,0.6,0.7,0.68
2021-04-12,0.49,0.69,0.68
2021-04-13,0.75,0.69,0.67
2021-04-14,2.53,0.7,0.67
2021-04-15,0.37,0.69,0.67
2021-04-16,8.83,0.71,0.67
2021-04-17,6.12,0.72,0.68
2021-04-18,22.74,0.75,0.68
2021-04-19,5.18,0.74,0.71
2021-04-20,3.68,0.73,0.71
2021-04-21,8.75,0.74,0.7
2021-04-22,5.22,0.74,0.71
2021-04-23,4.73,0.73,0.7
2021-04-24,9.42,0.75,0.71
2021-04-25,5.28,0.75,0.71
2021-04-26,2.64,0.73,0.71
2021-04-27,4.52,0.73,0.71
2021-04-28,4.65,0.74,0.71
2021-04-29,0.3,0.72,0.7
2021-04-30,0.85,0.72,0.7
2021-05-01,0.45,0.71,0.69
2021-05-02,1.45,0.71,0.69
2021-05-03,1.26,0.71,0.69
2021-05-04,0.7,0.7,0.68
2021-05-05,0.5,0.69,0.67
2021-05-06,1.45,0.69,0.67
2021-05-07,0.56,0.69,0.67
2021-05-08,1.57,0.68,0.67
2021-05-09,0.5,0.68,0.66
2021-05-10,0.8,0.67,0.65
2021-05-11,1.98,0.66,0.65
2021-05-12,6.0,0.67,0.65
2021-05-13,5.9,0.68,0.65
2021-05-14,7.9,0.7,0.66
2021-05-15,5.69,0.7,0.66
2021-05-16,2.47,0.69,0.66
2021-05-17,5.93,0.69,0.66
2021-05-18,6.05,0.7,0.67
2021-05-19,3.06,0.69,0.66
2021-05-20,3.44,0.68,0.66
2021-05-21,3.15,0.69,0.66
2021-05-22,1.51,0.67,0.65
2021-05-23,1.4,0.67,0.65
2021-05-24,0.96,0.65,0.65
2021-05-25,3.51,0.65,0.64
2021-05-26,6.09,0.67,0.64
2021-05-27,6.19,0.68,0.65
2021-05-28,3.74,0.68,0.65
2021-05-29,2.44,0.67,0.65
2021-05-30,19.01,0.71,0.65
2021-05-31,11.11,0.74,0.69
2021-06-01,1.16,0.7,0.68
2021-06-02,7.73,0.71,0.67
2021-06-03,2.83,0.7,0.67
2021-06-04,8.51,0.71,0.67
2021-06-05,5.33,0.71,0.68
2021-06-06,4.45,0.71,0.68
2021-06-07,3.45,0.7,0.67
2021-06-08,2.56,0.69,0.67
2021-06-09,4.56,0.69,0.66
2021-06-10,3.43,0.69,0.67
2021-06-11,1.91,0.68,0.66
2021-06-12,0.5,0.68,0.66
2021-06-13,0.76,0.67,0.66
2021-06-14,2.78,0.67,0.65
2021-06-15,3.66,0.67,0.65
2021-06-16,3.08,0.68,0.65
2021-06-17,0.5,0.66,0.65
2021-06-18,3.03,0.66,0.64
2021-06-19,3.46,0.66,0.64
2021-06-20,10.69,0.69,0.65
2021-06-21,5.43,0.69,0.66
2021-06-22,5.12,0.69,0.66
2021-06-23,12.96,0.72,0.67
2021-06-24,3.58,0.71,0.68
2021-06-25,9.75,0.72,0.68
2021-06-26,8.59,0.73,0.68
2021-06-27,1.22,0.7,0.68
2021-06-28,1.65,0.69,0.67
2021-06-29,2.27,0.69,0.67
2021-06-30,3.26,0.69,0.66
2021-07-01,5.85,0.7,0.67
2021-07-02,8.57,0.72,0.67
2021-07-03,30.51,0.78,0.69
2021-07-04,3.31,0.75,0.72
2021-07-05,14.2,0.77,0.71
2021-07-06,13.65,0.78,0.73
2021-07-07,4.18,0.76,0.72
2021-07-08,13.48,0.77,0.72
2021-07-09,13.95,0.79,0.74
2021-07-10,1.14,0.76,0.74
2021-07-11,1.67,0.75,0.73
2021-07-12,3.34,0.75,0.72
2021-07-13,3.93,0.74,0.71
2021-07-14,9.37,0.76,0.72
2021-07-15,20.65,0.79,0.73
2021-07-16,14.76,0.8,0.75
2021-07-17,13.73,0.81,0.77
2021-07-18,0.58,0.78,0.76
2021-07-19,2.25,0.77,0.75
2021-07-20,1.09,0.76,0.74
2021-07-21,0.65,0.75,0.73
2021-07-22,0.82,0.74,0.72
2021-07-23,0.59,0.74,0.72
2021-07-24,0.25,0.73,0.71
2021-07-25,0.17,0.72,0.7
2021-07-26,0.38,0.72,0.7
2021-07-27,0.29,0.71,0.69
2021-07-28,0.35,0.7,0.68
2021-07-29,0.32,0.7,0.68
2021-07-30,2.52,0.7,0.67
2021-07-31,2.67,0.7,0.67
2021-08-01,2.11,0.69,0.67
2021-08-02,0.7,0.68,0.66
2021-08-03,1.47,0.68,0.66
2021-08-04,2.1,0.68,0.66
2021-08-05,1.39,0.68,0.66
2021-08-06,1.21,0.68,0.66
2021-08-07,0.66,0.67,0.65
2021-08-08,2.25,0.67,0.65
2021-08-09,4.55,0.68,0.65
2021-08-10,2.76,0.68,0.65
2021-08-11,5.98,0.68,0.65
2021-08-12,4.29,0.68,0.65
2021-08-13,2.44,0.68,0.65
2021-08-14,0.05,0.66,0.65
2021-08-15,0.08,0.65,0.64
2021-08-16,0.07,0.64,0.63
2021-08-17,0.06,0.62,0.62
2021-08-18,0.04,0.61,0.62
2021-08-19,0.77,0.61,0.61
2021-08-20,5.04,0.63,0.61
2021-08-21,8.81,0.65,0.62
2021-08-22,3.6,0.66,0.63
2021-08-23,1.38,0.64,0.63
2021-08-24,13.16,0.66,0.62
2021-08-25,65.23,0.85,0.72
2021-08-26,2.1,0.74,0.72
2021-08-27,5.86,0.74,0.7
2021-08-28,4.81,0.74,0.7
2021-08-29,7.0,0.74,0.7
2021-08-30,10.17,0.76,0.71
2021-08-31,5.12,0.75,0.71
2021-09-01,4.55,0.74,0.71
2021-09-02,14.42,0.77,0.72
2021-09-03,0.85,0.74,0.72
2021-09-04,2.77,0.74,0.71
2021-09-05,5.51,0.75,0.71
2021-09-06,0.73,0.73,0.71
2021-09-07,0.4,0.72,0.7
2021-09-08,5.44,0.73,0.7
2021-09-09,12.33,0.76,0.71
2021-09-10,5.95,0.75,0.71
2021-09-11,15.25,0.78,0.73
2021-09-12,5.12,0.76,0.73
2021-09-13,7.18,0.76,0.73
2021-09-14,16.44,0.79,0.73
2021-09-15,23.69,0.83,0.77
2021-09-16,6.71,0.8,0.77
2021-09-17,8.81,0.8,0.77
2021-09-18,3.43,0.79,0.77
2021-09-19,6.77,0.79,0.77
2021-09-20,5.37,0.79,0.77
2021-09-21,5.49,0.79,0.77
2021-09-22,12.9,0.81,0.78
2021-09-23,1.41,0.79,0.78
2021-09-24,31.29,0.82,0.77
2021-09-25,151.59,0.99,0.89
2021-09-26,6.59,0.91,0.93
2021-09-27,1.77,0.88,0.9
2021-09-28,5.45,0.88,0.89
2021-09-29,11.56,0.88,0.89
2021-09-30,18.78,0.89,0.89
2021-10-01,21.58,0.91,0.92
2021-10-02,9.47,0.9,0.92
2021-10-03,13.51,0.9,0.92
2021-10-04,8.47,0.9,0.92
2021-10-05,12.0,0.9,0.92
2021-10-06,11.04,0.9,0.93
2021-10-07,5.57,0.9,0.93
2021-10-08,3.74,0.89,0.92
2021-10-09,14.2,0.9,0.92
2021-10-10,16.62,0.91,0.94
2021-10-11,4.18,0.9,0.94
2021-10-12,5.57,0.9,0.93
2021-10-13,8.12,0.9,0.93
2021-10-14,11.54,0.91,0.94
2021-10-15,8.21,0.91,0.94
2021-10-16,8.69,0.91,0.94
2021-10-17,8.32,0.91,0.94
2021-10-18,19.52,0.92,0.94
2021-10-19,15.35,0.92,0.95
2021-10-20,13.02,0.92,0.96
2021-10-21,15.02,0.93,0.96
2021-10-22,20.9,0.94,0.97
2021-10-23,10.5,0.93,0.97
2021-10-24,6.63,0.93,0.97
2021-10-25,11.23,0.93,0.97
2021-10-26,13.92,0.94,0.97
2021-10-27,4.92,0.93,0.97
2021-10-28,5.06,0.93,0.97
2021-10-29,3.29,0.92,0.96
2021-10-30,7.37,0.92,0.96
2021-10-31,5.48,0.92,0.96
2021-11-01,8.09,0.92,0.96
2021-11-02,6.39,0.92,0.96
2021-11-03,3.03,0.92,0.96
2021-11-04,6.0,0.92,0.96
2021-11-05,6.88,0.92,0.96
2021-11-06,1.69,0.91,0.96
2021-11-07,3.41,0.91,0.95
2021-11-08,11.16,0.92,0.95
2021-11-09,4.35,0.91,0.95
2021-11-10,3.81,0.91,0.95
2021-11-11,8.75,0.92,0.95
2021-11-12,3.53,0.92,0.96
2021-11-13,5.13,0.91,0.95
2021-11-14,4.14,0.91,0.95
2021-11-15,2.53,0.91,0.95
2021-11-16,5.48,0.91,0.95
2021-11-17,4.68,0.91,0.95
2021-11-18,6.99,0.91,0.95
2021-11-19,3.18,0.91,0.95
2021-11-20,1.92,0.9,0.94
2021-11-21,4.01,0.9,0.94
2021-11-22,2.29,0.9,0.94
2021-11-23,1.24,0.9,0.93
2021-11-24,0.64,0.89,0.93
2021-11-25,0.88,0.89,0.92
2021-11-26,1.1,0.89,0.92
2021-11-27,2.71,0.89,0.91
2021-11-28,1.98,0.89,0.91
2021-11-29,2.05,0.88,0.91
2021-11-30,1.0,0.88,0.91
2021-12-01,1.07,0.88,0.9
2021-12-02,0.19,0.87,0.9
2021-12-03,0.21,0.87,0.89
2021-12-04,0.14,0.87,0.89
2021-12-05,0.4,0.87,0.88
2021-12-06,0.33,0.86,0.88
2021-12-07,0.36,0.86,0.88
2021-12-08,0.54,0.86,0.87
2021-12-09,0.21,0.85,0.87
2021-12-10,0.18,0.85,0.86
2021-12-11,0.17,0.85,0.85
2021-12-12,0.45,0.84,0.85
2021-12-13,0.71,0.84,0.85
2021-12-14,0.31,0.84,0.84
2021-12-15,0.35,0.83,0.84
2021-12-16,0.29,0.83,0.83
2021-12-17,0.22,0.82,0.82
2021-12-18,0.2,0.82,0.82
2021-12-19,0.05,0.82,0.81
2021-12-20,0.0,0.81,0.8
2021-12-21,0.0,0.81,0.8
2021-12-22,0.0,0.8,0.79
2021-12-23,0.02,0.8,0.79
2021-12-24,0.42,0.8,0.78
2021-12-25,0.57,0.79,0.78
2021-12-26,0.83,0.79,0.78
2021-12-27,1.14,0.79,0.77
2021-12-28,0.81,0.79,0.77
2021-12-29,0.32,0.78,0.77
2021-12-30,1.43,0.78,0.76
2021-12-31,1.86,0.78,0.76
2022-01-01,9.67,0.8,0.76
2022-01-02,25.43,0.84,0.79
2022-01-03,1.14,0.81,0.79
2022-01-04,0.12,0.8,0.78
2022-01-05,0.07,0.79,0.78
2022-01-06,0.02,0.78,0.77
2022-01-07,0.07,0.78,0.76
2022-01-08,0.19,0.77,0.76
2022-01-09,0.19,0.77,0.75
2022-01-10,0.13,0.76,0.74
2022-01-11,0.0,0.76,0.74
2022-01-12,0.0,0.75,0.73
2022-01-13,0.0,0.75,0.73
2022-01-14,0.0,0.75,0.72
2022-01-15,0.0,0.75,0.72
2022-01-16,0.0,0.74,0.72
2022-01-17,0.0,0.73,0.71
2022-01-18,0.0,0.72,0.71
2022-01-19,0.0,0.72,0.7
2022-01-20,0.0,0.71,0.69
2022-01-21,0.0,0.7,0.69
2022-01-22,0.0,0.7,0.68
2022-01-23,0.0,0.69,0.68
2022-01-24,0.0,0.69,0.67
2022-01-25,0.0,0.68,0.66
2022-01-26,0.0,0.68,0.66
2022-01-27,0.0,0.67,0.65
2022-01-28,0.0,0.67,0.65
2022-01-29,0.0,0.66,0.65
2022-01-30,0.0,0.65,0.64
2022-01-31,0.0,0.65,0.64
2022-02-01,0.0,0.64,0.63
2022-02-02,0.0,0.63,0.63
2022-02-03,0.0,0.62,0.62
2022-02-04,0.0,0.62,0.62
2022-02-05,0.22,0.61,0.61
2022-02-06,0.56,0.61,0.61
2022-02-07,0.48,0.6,0.61
2022-02-08,0.71,0.6,0.61
2022-02-09,0.36,0.6,0.6
2022-02-10,0.31,0.59,0.6
2022-02-11,0.73,0.58,0.6
2022-02-12,2.2,0.59,0.59
2022-02-13,2.83,0.59,0.59
2022-02-14,4.72,0.6,0.6
2022-02-15,1.51,0.59,0.6
2022-02-16,0.52,0.58,0.59
2022-02-17,0.6,0.57,0.59
2022-02-18,0.83,0.56,0.58
2022-02-19,1.08,0.56,0.58
2022-02-20,2.53,0.57,0.58
2022-02-21,2.48,0.57,0.58
2022-02-22,1.38,0.56,0.58
2022-02-23,0.49,0.55,0.57
2022-02-24,1.23,0.55,0.57
2022-02-25,3.42,0.56,0.57
2022-02-26,4.94,0.57,0.57
2022-02-27,9.35,0.6,0.58
2022-02-28,4.25,0.59,0.59
2022-03-01,2.3,0.58,0.59
2022-03-02,1.71,0.57,0.58
2022-03-03,1.4,0.57,0.58
2022-03-04,8.91,0.59,0.58
2022-03-05,4.74,0.61,0.6
2022-03-06,0.89,0.57,0.59
2022-03-07,3.26,0.58,0.58
2022-03-08,1.25,0.56,0.58
2022-03-09,5.72,0.58,0.58
2022-03-10,15.08,0.61,0.59
2022-03-11,1.23,0.61,0.6
2022-03-12,1.71,0.58,0.6
2022-03-13,6.41,0.6,0.59
2022-03-14,10.56,0.65,0.61
2022-03-15,2.2,0.61,0.61
2022-03-16,1.02,0.61,0.61
2022-03-17,2.26,0.6,0.6
2022-03-18,2.09,0.6,0.6
2022-03-19,3.44,0.61,0.6
2022-03-20,2.99,0.61,0.6
2022-03-21,2.09,0.6,0.6
2022-03-22,1.51,0.6,0.6
2022-03-23,3.26,0.6,0.6
2022-03-24,13.56,0.65,0.61
2022-03-25,4.32,0.64,0.62
2022-03-26,2.58,0.62,0.62
2022-03-27,2.91,0.62,0.61
2022-03-28,3.06,0.62,0.61
2022-03-29,3.84,0.62,0.61
2022-03-30,7.62,0.64,0.61
2022-03-31,5.08,0.64,0.62
2022-04-01,9.3,0.67,0.63
2022-04-02,5.15,0.66,0.63
2022-04-03,1.22,0.64,0.63
2022-04-04,1.67,0.62,0.62
2022-04-05,3.91,0.64,0.62
2022-04-06,6.73,0.66,0.63
2022-04-07,2.93,0.64,0.62
2022-04-08,6.76,0.65,0.62
2022-04-09,5.57,0.65,0.62
2022-04-10,1.4,0.63,0.62
2022-04-11,2.88,0.62,0.62
2022-04-12,5.02,0.64,0.62
2022-04-13,4.27,0.64,0.62
2022-04-14,2.93,0.63,0.62
2022-04-15,12.05,0.67,0.62
2022-04-16,12.84,0.7,0.64
2022-04-17,7.77,0.7,0.65
2022-04-18,5.5,0.69,0.65
2022-04-19,2.89,0.67,0.64
2022-04-20,1.29,0.66,0.64
2022-04-21,13.8,0.7,0.64
2022-04-22,2.75,0.68,0.65
2022-04-23,4.96,0.68,0.64
2022-04-24,18.1,0.73,0.66
2022-04-25,3.26,0.7,0.67
2022-04-26,1.9,0.69,0.66
2022-04-27,3.82,0.68,0.66
2022-04-28,5.99,0.71,0.66
2022-04-29,1.18,0.68,0.66
2022-04-30,2.47,0.68,0.65
2022-05-01,16.06,0.74,0.67
2022-05-02,10.32,0.74,0.68
2022-05-03,9.7,0.74,0.69
2022-05-04,12.92,0.75,0.7
2022-05-05,6.88,0.75,0.7
2022-05-06,3.54,0.74,0.7
2022-05-07,0.96,0.72,0.7
2022-05-08,5.18,0.72,0.69
2022-05-09,7.8,0.74,0.69
2022-05-10,6.09,0.74,0.7
2022-05-11,11.47,0.75,0.7
2022-05-12,2.03,0.74,0.71
2022-05-13,2.3,0.73,0.7
2022-05-14,5.68,0.74,0.7
2022-05-15,2.06,0.73,0.7
2022-05-16,4.1,0.73,0.7
2022-05-17,5.7,0.74,0.7
2022-05-18,3.91,0.73,0.7
2022-05-19,10.78,0.75,0.7
2022-05-20,2.82,0.73,0.7
2022-05-21,15.33,0.75,0.7
2022-05-22,17.49,0.8,0.74
2022-05-23,1.32,0.75,0.73
2022-05-24,6.71,0.76,0.72
2022-05-25,3.97,0.75,0.72
2022-05-26,5.51,0.75,0.72
2022-05-27,2.95,0.74,0.72
2022-05-28,1.89,0.74,0.72
2022-05-29,1.48,0.73,0.71
2022-05-30,3.29,0.73,0.7
2022-05-31,6.72,0.74,0.7
2022-06-01,1.14,0.73,0.71
2022-06-02,1.85,0.73,0.7
2022-06-03,5.2,0.74,0.7
2022-06-04,3.48,0.73,0.7
2022-06-05,1.72,0.73,0.7
2022-06-06,5.52,0.73,0.7
2022-06-07,0.08,0.72,0.7
2022-06-08,0.38,0.71,0.69
2022-06-09,2.51,0.7,0.68
2022-06-10,8.77,0.73,0.68
2022-06-11,5.62,0.73,0.69
2022-06-12,0.58,0.71,0.69
2022-06-13,1.4,0.7,0.68
2022-06-14,4.79,0.71,0.68
2022-06-15,16.88,0.76,0.69
2022-06-16,9.49,0.76,0.71
2022-06-17,16.98,0.78,0.72
2022-06-18,12.16,0.78,0.73
2022-06-19,14.83,0.79,0.74
2022-06-20,5.87,0.77,0.75
2022-06-21,10.96,0.78,0.74
2022-06-22,19.0,0.81,0.76
2022-06-23,12.64,0.81,0.77
2022-06-24,20.08,0.83,0.79
2022-06-25,14.61,0.83,0.8
2022-06-26,4.62,0.81,0.8
2022-06-27,13.79,0.82,0.8
2022-06-28,19.39,0.85,0.82
2022-06-29,14.15,0.85,0.82
2022-06-30,1.97,0.83,0.83
2022-07-01,3.21,0.82,0.82
2022-07-02,3.38,0.83,0.82
2022-07-03,0.41,0.81,0.81
2022-07-04,1.61,0.81,0.8
2022-07-05,6.42,0.82,0.8
2022-07-06,4.01,0.81,0.81
2022-07-07,7.72,0.82,0.81
2022-07-08,12.94,0.84,0.81
2022-07-09,8.66,0.84,0.82
2022-07-10,0.44,0.82,0.82
2022-07-11,2.69,0.82,0.81
2022-07-12,3.64,0.81,0.8
2022-07-13,7.82,0.82,0.81
2022-07-14,2.34,0.81,0.81
2022-07-15,5.05,0.81,0.8
2022-07-16,6.67,0.82,0.8
2022-07-17,5.69,0.82,0.8
2022-07-18,0.6,0.8,0.8
2022-07-19,0.21,0.8,0.79
2022-07-20,0.03,0.79,0.78
2022-07-21,0.01,0.78,0.77
2022-07-22,0.15,0.78,0.77
2022-07-23,0.76,0.78,0.76
2022-07-24,0.05,0.77,0.76
2022-07-25,1.79,0.77,0.75
2022-07-26,9.65,0.79,0.75
2022-07-27,4.64,0.78,0.76
2022-07-28,1.52,0.78,0.76
2022-07-29,0.45,0.77,0.75
2022-07-30,2.49,0.77,0.75
2022-07-31,6.78,0.78,0.75
2022-08-01,9.55,0.79,0.75
2022-08-02,2.5,0.77,0.76
2022-08-03,3.43,0.77,0.75
2022-08-04,0.05,0.76,0.74
2022-08-05,0.01,0.75,0.73
2022-08-06,0.03,0.74,0.72
2022-08-07,0.02,0.73,0.72
2022-08-08,0.07,0.73,0.71
2022-08-09,0.38,0.72,0.7
2022-08-10,0.17,0.72,0.7
2022-08-11,0.06,0.71,0.69
2022-08-12,0.47,0.71,0.69
2022-08-13,1.34,0.71,0.69
2022-08-14,3.35,0.71,0.68
2022-08-15,3.25,0.71,0.69
2022-08-16,0.89,0.71,0.68
2022-08-17,0.25,0.7,0.68
2022-08-18,0.06,0.69,0.67
2022-08-19,3.08,0.69,0.67
2022-08-20,1.81,0.69,0.67
2022-08-21,0.27,0.68,0.66
2022-08-22,3.14,0.68,0.65
2022-08-23,7.76,0.71,0.66
2022-08-24,1.9,0.69,0.67
2022-08-25,0.13,0.67,0.66
2022-08-26,4.22,0.68,0.65
2022-08-27,24.39,0.76,0.67
2022-08-28,6.03,0.74,0.7
2022-08-29,1.38,0.71,0.68
2022-08-30,3.94,0.71,0.68
2022-08-31,7.58,0.73,0.68
2022-09-01,4.69,0.72,0.69
2022-09-02,0.94,0.7,0.68
2022-09-03,1.63,0.7,0.67
2022-09-04,2.9,0.7,0.67
2022-09-05,9.26,0.71,0.67
2022-09-06,5.79,0.71,0.67
2022-09-07,3.54,0.7,0.67
2022-09-08,5.27,0.7,0.67
2022-09-09,2.81,0.69,0.66
2022-09-10,3.05,0.69,0.66
2022-09-11,1.0,0.68,0.66
2022-09-12,4.99,0.69,0.65
2022-09-13,1.33,0.68,0.65
2022-09-14,1.72,0.67,0.65
2022-09-15,3.94,0.67,0.64
2022-09-16,16.26,0.73,0.66
2022-09-17,2.01,0.69,0.66
2022-09-18,7.35,0.7,0.66
2022-09-19,15.01,0.74,0.67
2022-09-20,9.86,0.73,0.68
2022-09-21,8.79,0.73,0.69
2022-09-22,10.12,0.75,0.7
2022-09-23,5.94,0.73,0.7
2022-09-24,8.77,0.74,0.7
2022-09-25,53.46,0.86,0.75
2022-09-26,22.6,0.84,0.79
2022-09-27,10.96,0.81,0.78
2022-09-28,13.61,0.82,0.78
2022-09-29,5.4,0.81,0.79
2022-09-30,5.13,0.8,0.78
2022-10-01,19.05,0.83,0.79
2022-10-02,35.33,0.88,0.83
2022-10-03,2.75,0.83,0.83
2022-10-04,4.34,0.83,0.82
2022-10-05,10.06,0.84,0.81
2022-10-06,8.66,0.84,0.82
2022-10-07,9.05,0.84,0.82
2022-10-08,23.07,0.87,0.84
2022-10-09,6.94,0.85,0.85
2022-10-10,5.12,0.85,0.84
2022-10-11,1.93,0.84,0.84
2022-10-12,4.54,0.84,0.83
2022-10-13,6.3,0.84,0.83
2022-10-14,37.31,0.9,0.87
2022-10-15,2.87,0.86,0.88
2022-10-16,4.17,0.86,0.87
2022-10-17,1.33,0.85,0.86
2022-10-18,9.2,0.86,0.86
2022-10-19,15.08,0.87,0.87
2022-10-20,7.07,0.87,0.87
2022-10-21,10.11,0.87,0.87
2022-10-22,13.57,0.88,0.88
2022-10-23,14.68,0.89,0.89
2022-10-24,6.85,0.88,0.89
2022-10-25,16.44,0.89,0.89
2022-10-26,1.93,0.88,0.9
2022-10-27,4.65,0.87,0.89
2022-10-28,5.54,0.87,0.89
2022-10-29,1.32,0.86,0.88
2022-10-30,3.52,0.86,0.88
2022-10-31,7.69,0.87,0.88
2022-11-01,6.74,0.87,0.88
2022-11-02,2.19,0.87,0.88
2022-11-03,0.98,0.86,0.87
2022-11-04,1.03,0.86,0.87
2022-11-05,2.68,0.86,0.86
2022-11-06,3.08,0.86,0.86
2022-11-07,2.4,0.85,0.86
2022-11-08,0.69,0.85,0.85
2022-11-09,6.06,0.85,0.85
2022-11-10,15.41,0.87,0.86
2022-11-11,13.12,0.88,0.87
2022-11-12,9.42,0.87,0.88
2022-11-13,3.18,0.86,0.87
2022-11-14,3.91,0.86,0.87
2022-11-15,1.4,0.85,0.86
2022-11-16,0.5,0.85,0.85
2022-11-17,0.64,0.84,0.85
2022-11-18,2.0,0.84,0.84
2022-11-19,8.62,0.85,0.84
2022-11-20,7.53,0.85,0.85
2022-11-21,2.57,0.84,0.85
2022-11-22,1.77,0.84,0.84
2022-11-23,1.23,0.83,0.84
2022-11-24,1.59,0.83,0.83
2022-11-25,0.29,0.82,0.82
2022-11-26,0.67,0.82,0.82
2022-11-27,1.4,0.82,0.81
2022-11-28,3.07,0.82,0.81
2022-11-29,4.01,0.82,0.81
2022-11-30,1.99,0.82,0.81
2022-12-01,3.74,0.82,0.8
2022-12-02,3.18,0.82,0.81
2022-12-03,3.56,0.82,0.81
2022-12-04,0.84,0.81,0.8
2022-12-05,1.5,0.81,0.8
2022-12-06,1.14,0.81,0.79
2022-12-07,0.48,0.8,0.79
2022-12-08,1.4,0.8,0.79
2022-12-09,0.33,0.79,0.78
2022-12-10,0.5,0.79,0.78
2022-12-11,0.54,0.79,0.77
2022-12-12,0.39,0.79,0.77
2022-12-13,0.19,0.78,0.77
2022-12-14,0.17,0.78,0.76
2022-12-15,0.48,0.78,0.76
2022-12-16,0.46,0.77,0.76
2022-12-17,1.32,0.77,0.75
2022-12-18,1.57,0.77,0.75
2022-12-19,0.44,0.76,0.74
2022-12-20,0.2,0.75,0.74
2022-12-21,0.02,0.75,0.73
2022-12-22,0.0,0.74,0.73
2022-12-23,0.0,0.74,0.72
2022-12-24,0.0,0.73,0.71
2022-12-25,0.0,0.72,0.71
2022-12-26,0.0,0.72,0.7
2022-12-27,0.0,0.71,0.69
2022-12-28,0.0,0.71,0.69
2022-12-29,0.0,0.7,0.68
2022-12-30,0.0,0.7,0.68
2022-12-31,0.0,0.69,0.67
2023-01-01,0.0,0.68,0.67
2023-01-02,0.0,0.68,0.66
2023-01-03,0.0,0.67,0.66
2023-01-04,0.0,0.66,0.65
2023-01-05,0.0,0.66,0.65
2023-01-06,0.01,0.66,0.64
2023-01-07,0.03,0.65,0.64
2023-01-08,0.01,0.65,0.64
2023-01-09,0.01,0.64,0.63
2023-01-10,0.02,0.63,0.63
2023-01-11,0.04,0.63,0.62
2023-01-12,0.03,0.62,0.62
2023-01-13,0.02,0.61,0.62
2023-01-14,0.0,0.6,0.61
2023-01-15,0.03,0.6,0.61
2023-01-16,0.0,0.59,0.6
2023-01-17,0.01,0.58,0.6
2023-01-18,0.0,0.58,0.6
2023-01-19,0.01,0.57,0.59
2023-01-20,0.01,0.57,0.59
2023-01-21,1.27,0.57,0.59
2023-01-22,2.33,0.58,0.59
2023-01-23,2.06,0.58,0.59
2023-01-24,3.34,0.59,0.59
2023-01-25,1.36,0.58,0.59
2023-01-26,0.19,0.57,0.59
2023-01-27,0.68,0.56,0.58
2023-01-28,1.17,0.56,0.58
2023-01-29,0.75,0.56,0.58
2023-01-30,0.12,0.55,0.58
2023-01-31,1.01,0.55,0.57
2023-02-01,0.15,0.54,0.57
2023-02-02,0.77,0.54,0.57
2023-02-03,0.51,0.53,0.56
2023-02-04,1.89,0.54,0.56
2023-02-05,12.1,0.6,0.57
2023-02-06,0.12,0.56,0.58
2023-02-07,0.87,0.55,0.57
2023-02-08,1.35,0.55,0.57
2023-02-09,0.73,0.54,0.57
2023-02-10,0.16,0.53,0.56
2023-02-11,0.09,0.52,0.56
2023-02-12,0.17,0.52,0.55
2023-02-13,0.35,0.52,0.55
2023-02-14,0.17,0.51,0.55
2023-02-15,0.0,0.51,0.54
2023-02-16,0.0,0.5,0.54
2023-02-17,0.0,0.5,0.54
2023-02-18,0.0,0.5,0.53
2023-02-19,0.0,0.49,0.53
2023-02-20,0.01,0.49,0.53
2023-02-21,0.01,0.49,0.52
2023-02-22,0.03,0.49,0.52
2023-02-23,0.1,0.49,0.52
2023-02-24,0.06,0.48,0.52
2023-02-25,3.97,0.51,0.52
2023-02-26,3.7,0.52,0.52
2023-02-27,3.63,0.52,0.53
2023-02-28,3.02,0.52,0.53
2023-03-01,4.15,0.53,0.54
2023-03-02,3.93,0.52,0.54
2023-03-03,3.82,0.52,0.54
2023-03-04,3.48,0.53,0.54
2023-03-05,2.65,0.52,0.54
2023-03-06,2.55,0.52,0.54
2023-03-07,16.49,0.6,0.55
2023-03-08,2.61,0.54,0.56
2023-03-09,14.83,0.6,0.56
2023-03-10,4.49,0.58,0.58
2023-03-11,14.5,0.62,0.58
2023-03-12,0.55,0.58,0.59
2023-03-13,0.16,0.55,0.58
2023-03-14,0.28,0.54,0.57
2023-03-15,0.79,0.54,0.57
2023-03-16,0.66,0.53,0.56
2023-03-17,7.74,0.58,0.57
2023-03-18,7.38,0.6,0.58
2023-03-19,0.86,0.56,0.58
2023-03-20,2.76,0.56,0.57
2023-03-21,7.76,0.58,0.58
2023-03-22,5.56,0.59,0.58
2023-03-23,3.24,0.58,0.58
2023-03-24,4.55,0.59,0.59
2023-03-25,0.89,0.57,0.58
2023-03-26,5.46,0.58,0.58
2023-03-27,4.82,0.58,0.58
2023-03-28,5.9,0.6,0.59
2023-03-29,2.84,0.57,0.59
2023-03-30,2.19,0.58,0.59
2023-03-31,6.15,0.59,0.58
2023-04-01,1.14,0.57,0.59
2023-04-02,2.53,0.57,0.58
2023-04-03,2.45,0.58,0.58
2023-04-04,1.59,0.57,0.58
2023-04-05,2.26,0.57,0.58
2023-04-06,3.27,0.57,0.58
2023-04-07,5.84,0.59,0.58
2023-04-08,5.6,0.59,0.58
2023-04-09,3.65,0.59,0.59
2023-04-10,0.76,0.56,0.59
2023-04-11,1.84,0.56,0.58
2023-04-12,2.85,0.57,0.58
2023-04-13,6.17,0.59,0.58
2023-04-14,6.43,0.6,0.59
2023-04-15,8.95,0.62,0.6
2023-04-16,7.94,0.63,0.6
2023-04-17,5.91,0.63,0.61
2023-04-18,5.22,0.61,0.6
2023-04-19,4.25,0.61,0.61
2023-04-20,2.39,0.61,0.6
2023-04-21,1.21,0.59,0.6
2023-04-22,2.36,0.6,0.6
2023-04-23,5.34,0.61,0.6
2023-04-24,7.59,0.63,0.61
2023-04-25,6.3,0.63,0.61
2023-04-26,4.33,0.63,0.61
2023-04-27,0.92,0.6,0.61
2023-04-28,0.69,0.59,0.6
2023-04-29,8.69,0.61,0.6
2023-04-30,7.85,0.63,0.61
2023-05-01,2.72,0.62,0.61
2023-05-02,1.15,0.59,0.6
2023-05-03,4.13,0.6,0.6
2023-05-04,3.96,0.6,0.6
2023-05-05,2.32,0.59,0.6
2023-05-06,5.02,0.6,0.6
2023-05-07,4.33,0.6,0.6
2023-05-08,1.33,0.58,0.6
2023-05-09,6.06,0.6,0.59
2023-05-10,12.64,0.64,0.6
2023-05-11,2.91,0.62,0.61
2023-05-12,6.79,0.63,0.61
2023-05-13,7.09,0.63,0.61
2023-05-14,6.66,0.64,0.62
2023-05-15,22.23,0.71,0.64
2023-05-16,5.66,0.69,0.65
2023-05-17,3.43,0.66,0.64
2023-05-18,11.21,0.69,0.65
2023-05-19,2.55,0.67,0.65
2023-05-20,7.4,0.68,0.64
2023-05-21,3.34,0.67,0.65
2023-05-22,2.45,0.66,0.64
2023-05-23,5.43,0.67,0.64
2023-05-24,6.79,0.68,0.65
2023-05-25,8.74,0.69,0.65
2023-05-26,1.91,0.67,0.65
2023-05-27,4.82,0.67,0.65
2023-05-28,1.68,0.67,0.65
2023-05-29,2.39,0.66,0.64
2023-05-30,1.13,0.65,0.64
2023-05-31,7.25,0.67,0.64
2023-06-01,8.4,0.69,0.65
2023-06-02,30.49,0.75,0.67
2023-06-03,7.68,0.75,0.7
2023-06-04,2.21,0.71,0.69
2023-06-05,2.94,0.71,0.68
2023-06-06,3.88,0.71,0.68
2023-06-07,5.59,0.71,0.68
2023-06-08,5.36,0.72,0.68
2023-06-09,3.24,0.7,0.68
2023-06-10,76.55,0.79,0.69
2023-06-11,32.12,0.85,0.78
2023-06-12,0.69,0.78,0.77
2023-06-13,0.39,0.76,0.75
2023-06-14,3.99,0.76,0.74
2023-06-15,17.41,0.8,0.76
2023-06-16,3.74,0.78,0.75
2023-06-17,4.3,0.77,0.75
2023-06-18,4.51,0.77,0.74
2023-06-19,4.26,0.77,0.75
2023-06-20,17.97,0.8,0.76
2023-06-21,36.17,0.87,0.8
2023-06-22,12.71,0.84,0.81
2023-06-23,32.89,0.87,0.82
2023-06-24,55.47,0.92,0.87
2023-06-25,6.35,0.88,0.89
2023-06-26,5.06,0.87,0.88
2023-06-27,3.2,0.85,0.86
2023-06-28,3.27,0.85,0.86
2023-06-29,5.49,0.85,0.86
2023-06-30,2.84,0.84,0.85
2023-07-01,9.56,0.85,0.85
2023-07-02,28.12,0.88,0.87
2023-07-03,21.73,0.89,0.89
2023-07-04,17.15,0.89,0.9
2023-07-05,11.32,0.89,0.9
2023-07-06,7.79,0.89,0.9
2023-07-07,6.68,0.88,0.9
2023-07-08,7.55,0.88,0.9
2023-07-09,7.7,0.88,0.9
2023-07-10,10.37,0.89,0.91
2023-07-11,7.17,0.88,0.91
2023-07-12,9.5,0.89,0.91
2023-07-13,16.41,0.9,0.92
2023-07-14,7.31,0.9,0.92
2023-07-15,49.3,0.92,0.93
2023-07-16,52.18,0.95,0.96
2023-07-17,8.9,0.93,0.96
2023-07-18,5.28,0.92,0.95
2023-07-19,3.04,0.92,0.95
2023-07-20,2.81,0.92,0.95
2023-07-21,3.79,0.91,0.94
2023-07-22,7.61,0.91,0.94
2023-07-23,9.01,0.92,0.95
2023-07-24,3.5,0.91,0.95
2023-07-25,1.77,0.91,0.94
2023-07-26,4.51,0.91,0.94
2023-07-27,11.02,0.91,0.94
2023-07-28,15.11,0.92,0.95
2023-07-29,2.34,0.91,0.94
2023-07-30,5.45,0.91,0.94
2023-07-31,9.92,0.91,0.94
2023-08-01,31.43,0.94,0.97
2023-08-02,3.54,0.92,0.96
2023-08-03,2.43,0.91,0.95
2023-08-04,1.92,0.91,0.95
2023-08-05,2.24,0.91,0.94
2023-08-06,2.48,0.9,0.94
2023-08-07,1.05,0.9,0.93
2023-08-08,2.8,0.9,0.93
2023-08-09,1.69,0.89,0.93
2023-08-10,0.75,0.89,0.92
2023-08-11,0.33,0.88,0.92
2023-08-12,0.68,0.88,0.91
2023-08-13,1.05,0.88,0.9
2023-08-14,3.06,0.88,0.9
2023-08-15,4.2,0.88,0.9
2023-08-16,6.71,0.88,0.9
2023-08-17,8.15,0.88,0.9
2023-08-18,41.69,0.93,0.93
2023-08-19,5.75,0.9,0.93
2023-08-20,6.73,0.9,0.93
2023-08-21,3.16,0.89,0.93
2023-08-22,2.7,0.89,0.92
2023-08-23,5.33,0.89,0.92
2023-08-24,6.31,0.89,0.92
2023-08-25,0.81,0.89,0.92
2023-08-26,1.66,0.88,0.91
2023-08-27,1.6,0.88,0.9
2023-08-28,1.05,0.88,0.9
2023-08-29,1.63,0.88,0.9
2023-08-30,3.53,0.88,0.9
2023-08-31,1.51,0.87,0.89
2023-09-01,4.03,0.87,0.89
2023-09-02,25.45,0.9,0.9
2023-09-03,11.52,0.9,0.92
2023-09-04,0.41,0.88,0.91
2023-09-05,1.82,0.88,0.9
2023-09-06,1.35,0.87,0.9
2023-09-07,2.25,0.87,0.89
2023-09-08,6.67,0.88,0.89
2023-09-09,19.2,0.9,0.9
2023-09-10,0.79,0.88,0.91
2023-09-11,4.79,0.88,0.9
2023-09-12,44.75,0.91,0.91
2023-09-13,3.84,0.9,0.94
2023-09-14,2.01,0.89,0.92
2023-09-15,1.99,0.89,0.92
2023-09-16,4.4,0.89,0.91
2023-09-17,9.78,0.9,0.92
2023-09-18,9.62,0.9,0.92
2023-09-19,6.91,0.9,0.92
2023-09-20,13.39,0.9,0.93
2023-09-21,16.23,0.91,0.93
2023-09-22,19.12,0.92,0.94
2023-09-23,3.55,0.91,0.95
2023-09-24,1.7,0.9,0.94
2023-09-25,3.87,0.9,0.93
2023-09-26,2.14,0.89,0.93
2023-09-27,1.57,0.89,0.92
2023-09-28,2.52,0.89,0.92
2023-09-29,3.66,0.89,0.92
2023-09-30,37.62,0.91,0.92
2023-10-01,37.47,0.94,0.96
2023-10-02,3.38,0.91,0.95
2023-10-03,5.21,0.91,0.94
2023-10-04,8.76,0.91,0.94
2023-10-05,45.14,0.93,0.95
2023-10-06,28.94,0.94,0.98
2023-10-07,3.62,0.93,0.97
2023-10-08,18.2,0.93,0.97
2023-10-09,9.58,0.93,0.97
2023-10-10,5.77,0.93,0.97
2023-10-11,7.81,0.93,0.97
2023-10-12,8.24,0.93,0.97
2023-10-13,3.35,0.92,0.97
2023-10-14,14.87,0.93,0.96
2023-10-15,10.53,0.93,0.97
2023-10-16,13.78,0.93,0.97
2023-10-17,5.87,0.93,0.97
2023-10-18,2.31,0.92,0.97
2023-10-19,6.21,0.92,0.96
2023-10-20,4.64,0.92,0.96
2023-10-21,8.05,0.92,0.96
2023-10-22,4.04,0.92,0.96
2023-10-23,12.14,0.92,0.96
2023-10-24,3.82,0.92,0.96
2023-10-25,1.77,0.92,0.96
2023-10-26,3.74,0.91,0.95
2023-10-27,2.2,0.91,0.95
2023-10-28,1.99,0.91,0.95
2023-10-29,10.49,0.91,0.94
2023-10-30,10.07,0.91,0.95
2023-10-31,6.98,0.91,0.95
2023-11-01,4.04,0.91,0.95
2023-11-02,2.17,0.91,0.94
2023-11-03,8.62,0.91,0.94
2023-11-04,6.72,0.91,0.95
2023-11-05,1.46,0.9,0.94
2023-11-06,11.32,0.91,0.94
2023-11-07,10.74,0.91,0.95
2023-11-08,13.41,0.92,0.95
2023-11-09,7.18,0.92,0.95
2023-11-10,5.58,0.91,0.95
2023-11-11,11.1,0.92,0.95
2023-11-12,2.2,0.91,0.95
2023-11-13,2.99,0.91,0.95
2023-11-14,2.12,0.9,0.94
2023-11-15,2.81,0.9,0.93
2023-11-16,2.45,0.9,0.93
2023-11-17,1.79,0.89,0.93
2023-11-18,2.95,0.89,0.92
2023-11-19,1.78,0.89,0.92
2023-11-20,2.14,0.89,0.92
2023-11-21,1.42,0.89,0.91
2023-11-22,8.1,0.89,0.92
2023-11-23,8.43,0.9,0.92
2023-11-24,13.72,0.9,0.93
2023-11-25,18.95,0.91,0.93
2023-11-26,23.17,0.92,0.95
2023-11-27,0.32,0.91,0.95
2023-11-28,7.6,0.9,0.94
2023-11-29,7.3,0.91,0.94
2023-11-30,5.37,0.91,0.94
2023-12-01,6.26,0.9,0.94
2023-12-02,0.69,0.9,0.93
2023-12-03,0.42,0.89,0.93
2023-12-04,0.1,0.89,0.92
2023-12-05,0.11,0.88,0.92
2023-12-06,0.06,0.88,0.91
2023-12-07,2.42,0.88,0.91
2023-12-08,2.43,0.88,0.91
2023-12-09,0.06,0.88,0.9
2023-12-10,0.26,0.87,0.89
2023-12-11,0.27,0.87,0.89
2023-12-12,0.04,0.86,0.88
2023-12-13,0.01,0.86,0.88
2023-12-14,0.01,0.86,0.87
2023-12-15,0.0,0.85,0.86
2023-12-16,0.0,0.85,0.86
2023-12-17,0.0,0.84,0.85
2023-12-18,0.0,0.84,0.85
2023-12-19,0.0,0.83,0.84
2023-12-20,0.0,0.83,0.83
2023-12-21,0.0,0.82,0.82
2023-12-22,0.0,0.82,0.82
2023-12-23,0.0,0.81,0.81
2023-12-24,0.0,0.81,0.8
2023-12-25,0.0,0.81,0.8
2023-12-26,0.0,0.8,0.79
2023-12-27,0.0,0.8,0.79
2023-12-28,0.03,0.79,0.78
2023-12-29,0.01,0.79,0.77
2023-12-30,0.03,0.78,0.77
2023-12-31,0.11,0.78,0.76
2024-01-01,0.22,0.77,0.76
2024-01-02,0.99,0.77,0.75
2024-01-03,0.7,0.77,0.75
2024-01-04,0.69,0.76,0.75
2024-01-05,0.33,0.76,0.74
2024-01-06,2.49,0.76,0.74
2024-01-07,3.37,0.77,0.74
2024-01-08,3.12,0.77,0.74
2024-01-09,10.52,0.78,0.74
2024-01-10,6.0,0.78,0.75
2024-01-11,0.21,0.76,0.74
2024-01-12,0.09,0.75,0.73
2024-01-13,0.09,0.75,0.73
2024-01-14,0.08,0.74,0.72
2024-01-15,0.31,0.74,0.72
2024-01-16,0.07,0.73,0.71
2024-01-17,0.03,0.72,0.71
2024-01-18,0.05,0.72,0.7
2024-01-19,0.07,0.71,0.69
2024-01-20,0.06,0.71,0.69
2024-01-21,0.36,0.7,0.68
2024-01-22,0.16,0.7,0.68
2024-01-23,1.32,0.69,0.67
2024-01-24,1.3,0.69,0.67
2024-01-25,0.9,0.68,0.66
2024-01-26,0.0,0.67,0.66
2024-01-27,0.0,0.66,0.65
2024-01-28,0.0,0.66,0.64
2024-01-29,0.0,0.65,0.64
2024-01-30,0.0,0.64,0.64
2024-01-31,0.0,0.64,0.63
2024-02-01,0.0,0.63,0.63
2024-02-02,0.0,0.62,0.62
2024-02-03,0.0,0.62,0.62
2024-02-04,0.0,0.61,0.62
2024-02-05,0.0,0.61,0.61
2024-02-06,0.0,0.61,0.61
2024-02-07,0.0,0.6,0.61
2024-02-08,0.0,0.59,0.6
2024-02-09,0.0,0.59,0.6
2024-02-10,0.38,0.58,0.6
2024-02-11,0.41,0.58,0.59
2024-02-12,2.06,0.58,0.59
2024-02-13,1.62,0.58,0.59
2024-02-14,0.64,0.57,0.59
2024-02-15,1.6,0.57,0.59
2024-02-16,0.6,0.56,0.58
2024-02-17,2.58,0.56,0.58
2024-02-18,2.21,0.56,0.58
2024-02-19,3.25,0.56,0.58
2024-02-20,1.84,0.57,0.58
2024-02-21,2.62,0.57,0.58
2024-02-22,3.04,0.57,0.58
2024-02-23,1.18,0.55,0.58
2024-02-24,0.55,0.54,0.57
2024-02-25,0.43,0.54,0.57
2024-02-26,0.26,0.53,0.56
2024-02-27,0.52,0.53,0.56
2024-02-28,1.22,0.53,0.56
2024-02-29,0.31,0.53,0.56
2024-03-01,4.27,0.55,0.56
2024-03-02,7.33,0.57,0.56
2024-03-03,18.72,0.65,0.59
2024-03-04,1.09,0.58,0.59
2024-03-05,4.77,0.58,0.59
2024-03-06,5.65,0.59,0.59
2024-03-07,2.54,0.58,0.59
2024-03-08,1.12,0.57,0.58
2024-03-09,2.16,0.57,0.58
2024-03-10,0.54,0.56,0.58
2024-03-11,1.18,0.55,0.58
2024-03-12,15.81,0.63,0.59
2024-03-13,15.06,0.66,0.61
2024-03-14,29.88,0.72,0.63
2024-03-15,5.65,0.7,0.66
2024-03-16,4.61,0.68,0.64
2024-03-17,11.56,0.7,0.65
2024-03-18,23.83,0.75,0.66
2024-03-19,35.84,0.8,0.7
2024-03-20,7.5,0.76,0.72
2024-03-21,9.16,0.75,0.71
2024-03-22,2.49,0.74,0.71
2024-03-23,2.55,0.73,0.7
2024-03-24,0.08,0.71,0.69
2024-03-25,1.01,0.71,0.68
2024-03-26,1.8,0.71,0.68
2024-03-27,0.65,0.7,0.68
2024-03-28,3.15,0.7,0.67
2024-03-29,6.24,0.71,0.67
2024-03-30,1.1,0.7,0.68
2024-03-31,1.53,0.7,0.67
2024-04-01,2.62,0.7,0.67
2024-04-02,3.1,0.7,0.67
2024-04-03,3.26,0.7,0.67
2024-04-04,2.08,0.68,0.66
2024-04-05,4.2,0.69,0.66
2024-04-06,3.81,0.69,0.66
2024-04-07,2.04,0.68,0.66
2024-04-08,8.52,0.7,0.66
2024-04-09,0.41,0.69,0.66
2024-04-10,3.79,0.69,0.66
2024-04-11,0.84,0.68,0.66
2024-04-12,0.24,0.67,0.65
2024-04-13,1.09,0.66,0.65
2024-04-14,1.83,0.66,0.65
2024-04-15,0.51,0.64,0.64
2024-04-16,4.28,0.66,0.63
2024-04-17,0.41,0.64,0.63
2024-04-18,0.28,0.63,0.63
2024-04-19,2.03,0.63,0.62
2024-04-20,0.45,0.62,0.62
2024-04-21,18.69,0.71,0.64
2024-04-22,1.03,0.66,0.64
2024-04-23,20.11,0.73,0.65
2024-04-24,0.3,0.68,0.66
2024-04-25,2.21,0.67,0.65
2024-04-26,4.22,0.68,0.65
2024-04-27,1.33,0.67,0.65
2024-04-28,3.71,0.67,0.65
2024-04-29,4.92,0.68,0.65
2024-04-30,2.4,0.66,0.65
2024-05-01,31.57,0.76,0.67
2024-05-02,0.23,0.71,0.68
2024-05-03,0.73,0.69,0.67
2024-05-04,0.97,0.68,0.66
2024-05-05,4.57,0.68,0.65
2024-05-06,6.32,0.7,0.66
2024-05-07,1.31,0.68,0.66
2024-05-08,0.73,0.67,0.66
2024-05-09,1.55,0.66,0.65
2024-05-10,1.08,0.66,0.65
2024-05-11,3.92,0.66,0.64
2024-05-12,10.98,0.7,0.65
2024-05-13,6.1,0.7,0.66
2024-05-14,1.83,0.67,0.66
2024-05-15,9.29,0.69,0.65
2024-05-16,11.7,0.73,0.67
2024-05-17,0.25,0.69,0.67
2024-05-18,8.7,0.7,0.66
2024-05-19,2.65,0.7,0.67
2024-05-20,4.3,0.69,0.66
2024-05-21,9.72,0.71,0.66
2024-05-22,12.23,0.74,0.68
2024-05-23,5.3,0.72,0.68
2024-05-24,5.19,0.71,0.68
2024-05-25,22.93,0.77,0.69
2024-05-26,1.94,0.73,0.71
2024-05-27,0.48,0.71,0.69
2024-05-28,0.61,0.7,0.68
2024-05-29,3.9,0.7,0.67
2024-05-30,14.74,0.74,0.68
2024-05-31,6.89,0.74,0.7
2024-06-01,11.32,0.75,0.7
2024-06-02,9.84,0.75,0.71
2024-06-03,1.28,0.73,0.71
2024-06-04,3.25,0.72,0.7
2024-06-05,8.01,0.74,0.7
2024-06-06,20.13,0.78,0.71
2024-06-07,6.94,0.77,0.73
2024-06-08,2.9,0.75,0.72
2024-06-09,34.56,0.81,0.74
2024-06-10,5.39,0.79,0.76
2024-06-11,10.63,0.79,0.76
2024-06-12,8.49,0.79,0.76
2024-06-13,46.68,0.86,0.78
2024-06-14,39.1,0.89,0.84
2024-06-15,3.55,0.84,0.84
2024-06-16,3.66,0.84,0.83
2024-06-17,0.43,0.82,0.82
2024-06-18,1.75,0.81,0.81
2024-06-19,1.73,0.81,0.81
2024-06-20,6.46,0.82,0.81
2024-06-21,6.6,0.83,0.81
2024-06-22,3.35,0.82,0.81
2024-06-23,1.49,0.81,0.81
2024-06-24,6.13,0.82,0.8
2024-06-25,22.02,0.85,0.82
2024-06-26,14.33,0.85,0.84
2024-06-27,9.86,0.85,0.84
2024-06-28,11.23,0.85,0.84
2024-06-29,9.72,0.85,0.85
2024-06-30,11.43,0.86,0.85
2024-07-01,1.42,0.84,0.85
2024-07-02,4.09,0.84,0.85
2024-07-03,9.42,0.85,0.84
2024-07-04,2.34,0.84,0.85
2024-07-05,0.61,0.83,0.84
2024-07-06,2.09,0.83,0.83
2024-07-07,4.91,0.84,0.83
2024-07-08,5.09,0.84,0.84
2024-07-09,11.55,0.85,0.84
2024-07-10,4.08,0.84,0.85
2024-07-11,6.26,0.85,0.85
2024-07-12,3.42,0.84,0.84
2024-07-13,0.71,0.83,0.84
2024-07-14,0.51,0.83,0.83
2024-07-15,0.28,0.82,0.82
2024-07-16,0.2,0.82,0.82
2024-07-17,0.3,0.81,0.81
2024-07-18,0.53,0.81,0.81
2024-07-19,0.45,0.81,0.8
2024-07-20,1.4,0.8,0.8
2024-07-21,0.78,0.8,0.79
2024-07-22,0.54,0.79,0.79
2024-07-23,0.52,0.79,0.78
2024-07-24,0.58,0.78,0.78
2024-07-25,0.57,0.78,0.77
2024-07-26,0.94,0.77,0.76
2024-07-27,0.78,0.77,0.76
2024-07-28,0.95,0.77,0.75
2024-07-29,1.31,0.77,0.75
2024-07-30,1.11,0.76,0.75
2024-07-31,0.91,0.75,0.74
2024-08-01,1.81,0.75,0.73
2024-08-02,1.47,0.74,0.73
2024-08-03,0.78,0.74,0.72
2024-08-04,0.06,0.73,0.71
2024-08-05,0.06,0.72,0.71
2024-08-06,0.05,0.72,0.7
2024-08-07,0.27,0.71,0.7
2024-08-08,0.22,0.7,0.69
2024-08-09,0.25,0.7,0.68
2024-08-10,0.25,0.69,0.68
2024-08-11,0.29,0.68,0.67
2024-08-12,1.77,0.68,0.67
2024-08-13,2.05,0.68,0.66
2024-08-14,2.08,0.68,0.67
2024-08-15,0.4,0.67,0.66
2024-08-16,0.5,0.66,0.65
2024-08-17,3.07,0.67,0.65
2024-08-18,0.78,0.66,0.65
2024-08-19,3.62,0.66,0.64
2024-08-20,13.05,0.71,0.66
2024-08-21,5.69,0.7,0.66
2024-08-22,5.07,0.7,0.66
2024-08-23,60.08,0.78,0.68
2024-08-24,9.84,0.8,0.75
2024-08-25,1.55,0.76,0.73
2024-08-26,2.99,0.75,0.72
2024-08-27,11.86,0.76,0.72
2024-08-28,3.72,0.76,0.73
2024-08-29,0.52,0.74,0.71
2024-08-30,1.91,0.73,0.71
2024-08-31,1.13,0.73,0.7
2024-09-01,1.01,0.72,0.7
2024-09-02,0.51,0.71,0.69
2024-09-03,0.27,0.71,0.68
2024-09-04,0.43,0.7,0.68
2024-09-05,0.38,0.69,0.67
2024-09-06,0.04,0.68,0.66
2024-09-07,0.19,0.68,0.66
2024-09-08,2.57,0.68,0.66
2024-09-09,0.81,0.67,0.65
2024-09-10,1.65,0.67,0.64
2024-09-11,3.23,0.67,0.64
2024-09-12,1.82,0.66,0.64
2024-09-13,0.46,0.65,0.64
2024-09-14,2.31,0.65,0.63
2024-09-15,0.86,0.64,0.63
2024-09-16,0.66,0.63,0.62
2024-09-17,1.13,0.62,0.62
2024-09-18,1.74,0.62,0.62
2024-09-19,1.33,0.62,0.61
2024-09-20,0.81,0.61,0.61
2024-09-21,0.86,0.6,0.61
2024-09-22,2.6,0.6,0.6
2024-09-23,7.77,0.62,0.61
2024-09-24,3.08,0.61,0.61
2024-09-25,7.07,0.63,0.61
2024-09-26,5.56,0.63,0.61
2024-09-27,8.21,0.64,0.62
2024-09-28,7.12,0.65,0.62
2024-09-29,31.25,0.76,0.66
2024-09-30,6.08,0.71,0.67
2024-10-01,20.02,0.76,0.68
2024-10-02,8.05,0.74,0.69
2024-10-03,6.31,0.72,0.68
2024-10-04,34.86,0.79,0.7
2024-10-05,16.5,0.8,0.74
2024-10-06,11.54,0.79,0.74
2024-10-07,6.86,0.77,0.74
2024-10-08,6.04,0.77,0.73
2024-10-09,17.36,0.8,0.74
2024-10-10,0.59,0.77,0.75
2024-10-11,12.05,0.78,0.74
2024-10-12,19.28,0.82,0.76
2024-10-13,22.46,0.83,0.78
2024-10-14,10.14,0.82,0.79
2024-10-15,4.29,0.81,0.79
2024-10-16,7.79,0.81,0.78
2024-10-17,7.77,0.81,0.79
2024-10-18,12.82,0.82,0.8
2024-10-19,14.49,0.83,0.8
2024-10-20,14.62,0.84,0.81
2024-10-21,7.97,0.83,0.82
2024-10-22,37.51,0.87,0.83
2024-10-23,21.26,0.88,0.87
2024-10-24,2.15,0.85,0.86
2024-10-25,2.78,0.84,0.85
2024-10-26,5.91,0.85,0.85
2024-10-27,5.67,0.85,0.85
2024-10-28,29.64,0.88,0.86
2024-10-29,16.84,0.89,0.89
2024-10-30,5.26,0.87,0.88
2024-10-31,12.36,0.88,0.88
2024-11-01,7.47,0.88,0.89
2024-11-02,5.27,0.87,0.88
2024-11-03,5.78,0.87,0.88
2024-11-04,3.75,0.86,0.88
2024-11-05,0.44,0.85,0.87
2024-11-06,0.29,0.85,0.86
2024-11-07,0.67,0.84,0.85
2024-11-08,1.49,0.84,0.85
2024-11-09,1.41,0.84,0.85
2024-11-10,4.72,0.84,0.85
2024-11-11,1.02,0.84,0.85
2024-11-12,7.56,0.85,0.84
2024-11-13,4.97,0.84,0.85
2024-11-14,6.62,0.84,0.85
2024-11-15,7.22,0.85,0.85
2024-11-16,1.29,0.84,0.85
2024-11-17,0.54,0.83,0.84
2024-11-18,0.05,0.82,0.83
2024-11-19,0.19,0.82,0.83
2024-11-20,0.35,0.82,0.82
2024-11-21,0.16,0.81,0.81
2024-11-22,0.6,0.81,0.81
2024-11-23,1.67,0.81,0.81
2024-11-24,0.14,0.8,0.8
2024-11-25,0.08,0.8,0.79
2024-11-26,0.12,0.8,0.79
2024-11-27,0.09,0.79,0.79
2024-11-28,0.01,0.78,0.78
2024-11-29,0.01,0.78,0.77
2024-11-30,0.02,0.77,0.76
2024-12-01,0.0,0.77,0.76
2024-12-02,0.01,0.76,0.75
2024-12-03,0.07,0.76,0.75
2024-12-04,0.15,0.76,0.74
2024-12-05,0.04,0.75,0.74
2024-12-06,0.13,0.75,0.73
2024-12-07,0.0,0.74,0.73
2024-12-08,0.0,0.73,0.72
2024-12-09,0.0,0.73,0.71
2024-12-10,0.0,0.72,0.71
2024-12-11,0.0,0.72,0.71
2024-12-12,0.18,0.72,0.7
2024-12-13,0.18,0.71,0.7
2024-12-14,0.02,0.71,0.69
2024-12-15,0.08,0.7,0.69
2024-12-16,0.17,0.69,0.68
2024-12-17,0.18,0.69,0.68
2024-12-18,0.06,0.68,0.67
2024-12-19,0.01,0.67,0.66
2024-12-20,0.01,0.66,0.66
2024-12-21,0.0,0.66,0.65
2024-12-22,0.0,0.65,0.65
2024-12-23,0.0,0.65,0.64
2024-12-24,0.0,0.64,0.64
2024-12-25,0.0,0.64,0.64
2024-12-26,0.0,0.63,0.63
2024-12-27,0.01,0.62,0.62
2024-12-28,0.02,0.62,0.62
2024-12-29,0.03,0.61,0.61
2024-12-30,0.06,0.61,0.61
2024-12-31,0.02,0.6,0.61
2025-01-01,0.29,0.59,0.6
2025-01-02,0.48,0.59,0.6
2025-01-03,1.59,0.59,0.6
2025-01-04,0.18,0.58,0.59
2025-01-05,0.11,0.58,0.59
2025-01-06,0.03,0.57,0.59
2025-01-07,0.05,0.57,0.59
2025-01-08,0.21,0.56,0.58
2025-01-09,0.05,0.56,0.58
2025-01-10,0.02,0.56,0.58
2025-01-11,0.0,0.55,0.57
2025-01-12,0.0,0.55,0.57
2025-01-13,0.0,0.54,0.57
2025-01-14,0.0,0.54,0.56
2025-01-15,0.0,0.53,0.56
2025-01-16,0.0,0.53,0.56
2025-01-17,0.0,0.53,0.55
2025-01-18,0.0,0.52,0.55
2025-01-19,0.0,0.52,0.55
2025-01-20,0.0,0.51,0.55
2025-01-21,1.16,0.52,0.54
2025-01-22,0.96,0.51,0.54
2025-01-23,10.19,0.57,0.55
2025-01-24,1.12,0.54,0.56
2025-01-25,4.87,0.56,0.56
2025-01-26,2.14,0.55,0.56
2025-01-27,0.65,0.53,0.56
2025-01-28,0.57,0.53,0.55
2025-01-29,2.15,0.53,0.55
2025-01-30,1.55,0.54,0.55
2025-01-31,4.99,0.55,0.56
2025-02-01,2.44,0.54,0.56
2025-02-02,2.5,0.54,0.56
2025-02-03,1.67,0.53,0.56
2025-02-04,0.27,0.52,0.55
2025-02-05,1.97,0.52,0.55
2025-02-06,0.14,0.52,0.54
2025-02-07,2.26,0.52,0.54
2025-02-08,3.67,0.53,0.54
2025-02-09,4.76,0.55,0.55
2025-02-10,1.08,0.53,0.55
2025-02-11,1.32,0.52,0.55
2025-02-12,2.45,0.53,0.55
2025-02-13,1.54,0.53,0.55
2025-02-14,1.24,0.53,0.55
2025-02-15,0.03,0.51,0.54
2025-02-16,0.19,0.51,0.54
2025-02-17,0.81,0.51,0.54
2025-02-18,0.53,0.5,0.53
2025-02-19,2.74,0.52,0.53
2025-02-20,12.19,0.55,0.54
2025-02-21,4.67,0.57,0.56
2025-02-22,8.85,0.57,0.56
2025-02-23,4.83,0.58,0.57
2025-02-24,0.01,0.53,0.56
2025-02-25,0.06,0.53,0.56
2025-02-26,0.08,0.52,0.55
2025-02-27,0.26,0.52,0.55
2025-02-28,0.4,0.51,0.54
2025-03-01,2.07,0.52,0.54
2025-03-02,1.54,0.52,0.54
2025-03-03,2.35,0.53,0.54
2025-03-04,2.0,0.52,0.54
2025-03-05,1.9,0.53,0.54
2025-03-06,0.86,0.52,0.54
2025-03-07,1.0,0.51,0.54
2025-03-08,12.81,0.58,0.55
2025-03-09,2.28,0.54,0.56
2025-03-10,2.75,0.54,0.56
2025-03-11,5.65,0.57,0.56
2025-03-12,4.45,0.56,0.56
2025-03-13,4.53,0.56,0.57
2025-03-14,2.74,0.55,0.57
2025-03-15,1.81,0.55,0.57
2025-03-16,4.64,0.56,0.56
2025-03-17,2.57,0.55,0.57
2025-03-18,0.93,0.54,0.56
2025-03-19,3.38,0.54,0.56
2025-03-20,1.32,0.54,0.56
2025-03-21,0.41,0.53,0.56
2025-03-22,1.63,0.53,0.55
2025-03-23,1.56,0.53,0.55
2025-03-24,6.68,0.56,0.56
2025-03-25,3.43,0.56,0.56
2025-03-26,3.67,0.55,0.56
2025-03-27,1.79,0.55,0.56
2025-03-28,1.55,0.54,0.56
2025-03-29,1.57,0.54,0.56
2025-03-30,2.45,0.54,0.56
2025-03-31,4.69,0.56,0.56
2025-04-01,1.88,0.54,0.56
2025-04-02,3.72,0.54,0.56
2025-04-03,6.34,0.57,0.56
2025-04-04,2.79,0.55,0.57
2025-04-05,3.62,0.55,0.56
2025-04-06,1.31,0.54,0.56
2025-04-07,0.67,0.54,0.56
2025-04-08,1.67,0.54,0.56
2025-04-09,3.71,0.55,0.56
2025-04-10,2.69,0.54,0.56
2025-04-11,0.88,0.53,0.56
2025-04-12,0.75,0.53,0.55
2025-04-13,0.65,0.52,0.55
2025-04-14,1.25,0.52,0.55
2025-04-15,2.77,0.53,0.55
2025-04-16,13.12,0.56,0.55
2025-04-17,5.61,0.59,0.57
2025-04-18,3.41,0.56,0.57
2025-04-19,5.47,0.58,0.57
2025-04-20,2.48,0.56,0.57
2025-04-21,0.82,0.53,0.57
2025-04-22,9.13,0.58,0.57
2025-04-23,7.37,0.59,0.58
2025-04-24,0.64,0.55,0.58
2025-04-25,0.84,0.54,0.57
2025-04-26,15.23,0.6,0.57
2025-04-27,1.42,0.59,0.59
2025-04-28,0.77,0.56,0.58
2025-04-29,7.23,0.59,0.58
2025-04-30,2.0,0.57,0.58
2025-05-01,3.34,0.57,0.58
2025-05-02,2.36,0.57,0.58
2025-05-03,5.8,0.58,0.58
2025-05-04,11.07,0.61,0.59
2025-05-05,8.96,0.63,0.6
2025-05-06,1.69,0.59,0.6
2025-05-07,4.53,0.6,0.59
2025-05-08,8.32,0.62,0.6
2025-05-09,16.35,0.67,0.61
2025-05-10,1.34,0.62,0.62
2025-05-11,1.86,0.6,0.61
2025-05-12,1.75,0.59,0.6
2025-05-13,8.08,0.62,0.6
2025-05-14,2.57,0.61,0.61
2025-05-15,1.09,0.6,0.6
2025-05-16,3.5,0.61,0.6
2025-05-17,17.71,0.67,0.62
2025-05-18,19.18,0.69,0.63
2025-05-19,5.92,0.69,0.65
2025-05-20,18.04,0.7,0.64
2025-05-21,9.12,0.72,0.66
2025-05-22,3.17,0.69,0.66
2025-05-23,23.65,0.74,0.67
2025-05-24,3.73,0.72,0.69
2025-05-25,0.73,0.69,0.68
2025-05-26,1.82,0.68,0.66
2025-05-27,2.43,0.68,0.66
2025-05-28,18.93,0.71,0.66
2025-05-29,44.3,0.83,0.74
2025-05-30,2.35,0.75,0.73
2025-05-31,1.46,0.73,0.71
2025-06-01,5.53,0.74,0.71
2025-06-02,7.2,0.74,0.71
2025-06-03,13.45,0.76,0.71
2025-06-04,5.29,0.76,0.72
2025-06-05,3.63,0.75,0.72
2025-06-06,5.13,0.74,0.71
2025-06-07,10.3,0.76,0.72
2025-06-08,10.79,0.77,0.73
2025-06-09,3.5,0.76,0.73
2025-06-10,16.82,0.79,0.73
2025-06-11,22.1,0.8,0.75
2025-06-12,4.76,0.79,0.77
2025-06-13,24.11,0.82,0.77
2025-06-14,15.77,0.83,0.79
2025-06-15,4.54,0.81,0.79
2025-06-16,3.6,0.8,0.78
2025-06-17,12.65,0.82,0.79
2025-06-18,5.02,0.81,0.79
2025-06-19,3.31,0.8,0.79
2025-06-20,4.19,0.8,0.78
2025-06-21,7.82,0.81,0.79
2025-06-22,8.65,0.81,0.79
2025-06-23,8.17,0.81,0.79
2025-06-24,3.94,0.8,0.79
2025-06-25,17.74,0.83,0.79
2025-06-26,37.52,0.88,0.83
2025-06-27,11.93,0.86,0.85
2025-06-28,7.82,0.84,0.84
2025-06-29,5.3,0.84,0.84
2025-06-30,1.44,0.83,0.83
2025-07-01,0.45,0.82,0.83
2025-07-02,0.27,0.82,0.82
2025-07-03,3.85,0.82,0.81
2025-07-04,13.16,0.84,0.82
2025-07-05,3.14,0.83,0.82
2025-07-06,0.98,0.82,0.82
2025-07-07,4.79,0.82,0.81
2025-07-08,5.94,0.83,0.82
2025-07-09,3.28,0.82,0.82
2025-07-10,1.27,0.82,0.81
2025-07-11,0.65,0.81,0.8
2025-07-12,1.5,0.8,0.8
2025-07-13,0.77,0.8,0.79
2025-07-14,0.14,0.79,0.79
2025-07-15,0.03,0.79,0.78
2025-07-16,0.26,0.78,0.77
2025-07-17,0.12,0.77,0.76
2025-07-18,0.11,0.77,0.76
2025-07-19,0.08,0.76,0.75
2025-07-20,2.17,0.76,0.74
2025-07-21,3.22,0.76,0.74
2025-07-22,5.35,0.77,0.74
2025-07-23,3.26,0.76,0.74
2025-07-24,1.62,0.76,0.74
2025-07-25,0.05,0.75,0.73
2025-07-26,0.14,0.74,0.72
2025-07-27,0.48,0.73,0.72
2025-07-28,0.2,0.73,0.71
2025-07-29,0.07,0.72,0.7
2025-07-30,1.53,0.72,0.7
2025-07-31,0.44,0.71,0.7
2025-08-01,1.43,0.71,0.69
2025-08-02,1.01,0.71,0.69
2025-08-03,1.99,0.71,0.68
2025-08-04,1.58,0.7,0.68
2025-08-05,2.96,0.7,0.68
2025-08-06,4.07,0.7,0.68
2025-08-07,6.79,0.71,0.68
2025-08-08,8.79,0.73,0.69
2025-08-09,4.83,0.71,0.68
2025-08-10,4.9,0.72,0.68
2025-08-11,6.18,0.72,0.68
2025-08-12,4.3,0.71,0.68
2025-08-13,2.02,0.7,0.68
2025-08-14,0.82,0.69,0.67
2025-08-15,0.38,0.68,0.66
2025-08-16,1.45,0.68,0.66
2025-08-17,3.15,0.68,0.65
2025-08-18,0.73,0.67,0.65
2025-08-19,0.11,0.66,0.65
2025-08-20,0.11,0.65,0.64
2025-08-21,2.15,0.65,0.63
2025-08-22,0.4,0.64,0.63
2025-08-23,0.49,0.64,0.63
2025-08-24,0.87,0.63,0.62
2025-08-25,0.47,0.62,0.62
2025-08-26,1.0,0.62,0.61
2025-08-27,0.78,0.61,0.61
2025-08-28,0.38,0.6,0.61
2025-08-29,0.65,0.59,0.6
2025-08-30,1.0,0.58,0.6
2025-08-31,0.09,0.57,0.59
2025-09-01,0.15,0.56,0.59
2025-09-02,0.12,0.55,0.58
2025-09-03,1.36,0.56,0.58
2025-09-04,0.33,0.55,0.58
2025-09-05,0.19,0.54,0.57
2025-09-06,0.3,0.54,0.57
2025-09-07,1.97,0.54,0.56
2025-09-08,4.95,0.56,0.57
2025-09-09,9.63,0.6,0.58
2025-09-10,1.23,0.57,0.58
2025-09-11,2.0,0.56,0.58
2025-09-12,5.73,0.58,0.58
2025-09-13,88.38,0.82,0.66
2025-09-14,2.92,0.73,0.7
2025-09-15,12.71,0.74,0.69
2025-09-16,10.04,0.74,0.69
2025-09-17,8.97,0.74,0.69
2025-09-18,6.99,0.73,0.69
2025-09-19,5.89,0.73,0.69
2025-09-20,9.16,0.73,0.69
2025-09-21,9.56,0.75,0.7
2025-09-22,7.45,0.74,0.7
2025-09-23,7.21,0.74,0.7
2025-09-24,6.5,0.74,0.7
2025-09-25,2.08,0.73,0.7
2025-09-26,7.06,0.74,0.7
2025-09-27,21.54,0.78,0.71
2025-09-28,37.93,0.83,0.76
2025-09-29,2.61,0.78,0.75
2025-09-30,3.97,0.78,0.75
2025-10-01,5.59,0.77,0.74
2025-10-02,3.45,0.77,0.74
2025-10-03,4.62,0.77,0.74
2025-10-04,9.27,0.78,0.74
2025-10-05,9.94,0.79,0.75
2025-10-06,7.67,0.79,0.75
2025-10-07,9.38,0.79,0.75
2025-10-08,42.24,0.86,0.78
2025-10-09,12.86,0.84,0.81
2025-10-10,19.22,0.84,0.81
2025-10-11,21.48,0.86,0.83
2025-10-12,19.23,0.87,0.84
2025-10-13,8.3,0.85,0.84
2025-10-14,15.39,0.86,0.84
2025-10-15,7.38,0.86,0.85
2025-10-16,15.28,0.87,0.85
2025-10-17,9.98,0.87,0.86
2025-10-18,7.52,0.86,0.86
2025-10-19,12.03,0.87,0.86
2025-10-20,8.88,0.87,0.87
2025-10-21,3.55,0.86,0.87
2025-10-22,9.18,0.86,0.87
2025-10-23,4.75,0.86,0.87
2025-10-24,9.85,0.87,0.87
2025-10-25,3.7,0.86,0.87
2025-10-26,5.06,0.86,0.86
2025-10-27,4.58,0.86,0.86
2025-10-28,6.26,0.86,0.86
2025-10-29,12.66,0.87,0.86
2025-10-30,6.14,0.86,0.87
2025-10-31,5.55,0.86,0.87
2025-11-01,2.99,0.86,0.87
2025-11-02,1.17,0.85,0.86
2025-11-03,4.08,0.85,0.86
2025-11-04,6.59,0.85,0.86
2025-11-05,16.0,0.87,0.86
2025-11-06,8.88,0.87,0.87
2025-11-07,4.27,0.86,0.87
2025-11-08,1.04,0.85,0.86
2025-11-09,3.3,0.85,0.86
2025-11-10,3.35,0.85,0.86
2025-11-11,2.5,0.85,0.85
2025-11-12,4.24,0.85,0.85
2025-11-13,5.13,0.85,0.85
2025-11-14,4.09,0.84,0.85
2025-11-15,3.68,0.84,0.84
2025-11-16,3.11,0.84,0.84
2025-11-17,2.14,0.84,0.84
2025-11-18,4.31,0.84,0.83
2025-11-19,10.42,0.85,0.84
2025-11-20,4.3,0.84,0.84
2025-11-21,3.37,0.83,0.83
2025-11-22,1.27,0.83,0.83
2025-11-23,3.67,0.83,0.82
2025-11-24,3.02,0.82,0.82
2025-11-25,1.27,0.82,0.81
2025-11-26,3.59,0.82,0.81
2025-11-27,14.13,0.84,0.82
2025-11-28,13.4,0.85,0.83
2025-11-29,15.12,0.85,0.84
2025-11-30,1.18,0.84,0.84
2025-12-01,3.95,0.84,0.83
2025-12-02,3.49,0.84,0.83
2025-12-03,4.29,0.84,0.83
2025-12-04,3.11,0.83,0.83
2025-12-05,1.54,0.83,0.83
2025-12-06,0.69,0.82,0.82
2025-12-07,2.18,0.82,0.82
2025-12-08,2.98,0.82,0.82
2025-12-09,3.37,0.82,0.81
2025-12-10,3.09,0.82,0.82
2025-12-11,5.83,0.83,0.82
2025-12-12,0.69,0.82,0.82
2025-12-13,3.19,0.82,0.82
2025-12-14,1.52,0.82,0.82
2025-12-15,0.5,0.82,0.81
2025-12-16,0.06,0.81,0.81
2025-12-17,0.29,0.8,0.8
2025-12-18,1.39,0.8,0.79
2025-12-19,1.07,0.8,0.79
2025-12-20,0.67,0.79,0.78
2025-12-21,1.39,0.79,0.78
2025-12-22,2.11,0.79,0.78
2025-12-23,3.83,0.79,0.78
2025-12-24,2.63,0.79,0.78
2025-12-25,1.23,0.79,0.78
2025-12-26,6.12,0.79,0.77
2025-12-27,4.35,0.8,0.78
2025-12-28,3.0,0.79,0.78
2025-12-29,1.52,0.78,0.77
2025-12-30,2.5,0.78,0.77
2025-12-31,2.24,0.78,0.77
2026-01-01,2.47,0.78,0.76
2026-01-02,3.41,0.78,0.76
2026-01-03,1.11,0.77,0.76
2026-01-04,2.28,0.77,0.76
2026-01-05,0.99,0.77,0.75
2026-01-06,1.25,0.77,0.75
2026-01-07,1.46,0.76,0.75
2026-01-08,1.05,0.76,0.74
2026-01-09,0.57,0.75,0.74
2026-01-10,1.15,0.75,0.73
2026-01-11,0.2,0.74,0.73
2026-01-12,0.38,0.74,0.72
2026-01-13,0.25,0.73,0.72
2026-01-14,0.34,0.73,0.71
2026-01-15,0.44,0.73,0.71
2026-01-16,0.41,0.72,0.71
2026-01-17,0.1,0.72,0.7
2026-01-18,0.26,0.72,0.7
2026-01-19,0.58,0.72,0.7
2026-01-20,0.91,0.71,0.7
2026-01-21,0.01,0.71,0.69
2026-01-22,0.0,0.7,0.69
2026-01-23,0.0,0.69,0.68
2026-01-24,0.0,0.68,0.67
2026-01-25,0.0,0.67,0.67
2026-01-26,0.0,0.66,0.66
2026-01-27,0.0,0.66,0.65
2026-01-28,0.0,0.65,0.65
2026-01-29,0.01,0.65,0.65
2026-01-30,0.01,0.64,0.64
2026-01-31,2.06,0.65,0.64
2026-02-01,3.5,0.66,0.65
2026-02-02,3.5,0.67,0.65
2026-02-03,16.84,0.72,0.66
2026-02-04,0.37,0.68,0.67
2026-02-05,5.5,0.69,0.66
2026-02-06,9.11,0.71,0.67
2026-02-07,7.37,0.72,0.68
2026-02-08,4.54,0.7,0.68
2026-02-09,9.43,0.71,0.68
2026-02-10,16.74,0.76,0.7
2026-02-11,0.68,0.72,0.7
2026-02-12,2.2,0.71,0.69
2026-02-13,6.75,0.72,0.69
2026-02-14,11.98,0.75,0.7
2026-02-15,0.11,0.72,0.7
2026-02-16,0.05,0.71,0.69
2026-02-17,0.13,0.7,0.68
2026-02-18,0.06,0.69,0.68
2026-02-19,0.03,0.68,0.67
2026-02-20,0.23,0.67,0.67
2026-02-21,0.25,0.67,0.66
2026-02-22,0.66,0.66,0.65
2026-02-23,0.72,0.65,0.65
2026-02-24,0.64,0.65,0.65
2026-02-25,10.36,0.68,0.65
2026-02-26,9.95,0.71,0.67
2026-02-27,4.93,0.69,0.67
2026-02-28,10.66,0.73,0.68
2026-03-01,15.24,0.74,0.69
2026-03-02,2.55,0.72,0.7
2026-03-03,1.99,0.71,0.69
2026-03-04,6.92,0.72,0.69
2026-03-05,1.89,0.7,0.69
2026-03-06,5.65,0.71,0.68
2026-03-07,9.36,0.73,0.69
2026-03-08,2.74,0.71,0.69
2026-03-09,6.78,0.72,0.69
2026-03-10,5.05,0.71,0.69
2026-03-11,5.55,0.73,0.69
2026-03-12,2.59,0.71,0.69
2026-03-13,7.69,0.72,0.69
2026-03-14,5.48,0.72,0.69
2026-03-15,5.52,0.72,0.69
2026-03-16,11.93,0.74,0.7
2026-03-17,0.02,0.71,0.7
2026-03-18,0.04,0.7,0.69
2026-03-19,0.01,0.69,0.68
2026-03-20,0.01,0.68,0.68
2026-03-21,0.07,0.68,0.67
2026-03-22,9.48,0.71,0.68
2026-03-23,6.75,0.72,0.69
2026-03-24,2.19,0.7,0.68
2026-03-25,1.95,0.7,0.68
2026-03-26,1.8,0.69,0.68
2026-03-27,0.95,0.68,0.67
2026-03-28,8.42,0.7,0.67
2026-03-29,6.22,0.72,0.68
2026-03-30,2.18,0.7,0.68
2026-03-31,31.56,0.75,0.68
2026-04-01,0.0,0.74,0.71
2026-04-02,0.0,0.72,0.7
2026-04-03,0.0,0.7,0.69
2026-04-04,0.0,0.69,0.68
2026-04-05,0.0,0.68,0.67
2026-04-06,5.68,0.69,0.67
2026-04-07,7.95,0.71,0.68
2026-04-08,11.41,0.75,0.7
2026-04-09,1.41,0.71,0.69
2026-04-10,1.44,0.71,0.69
2026-04-11,0.42,0.69,0.68
2026-04-12,6.55,0.7,0.68
2026-04-13,24.71,0.75,0.69
2026-04-14,32.89,0.83,0.75
2026-04-15,3.17,0.77,0.74
2026-04-16,7.19,0.76,0.73
2026-04-17,9.51,0.77,0.73
2026-04-18,6.1,0.77,0.74
2026-04-19,4.19,0.76,0.73
2026-04-20,3.96,0.76,0.73
2026-04-21,2.31,0.75,0.73
2026-04-22,0.48,0.74,0.72
2026-04-23,2.97,0.74,0.71
2026-04-24,8.78,0.75,0.72
2026-04-25,1.35,0.75,0.72
2026-04-26,4.67,0.75,0.72
2026-04-27,0.16,0.73,0.71
2026-04-28,12.35,0.75,0.71
2026-04-29,6.49,0.76,0.73
2026-04-30,0.97,0.74,0.72
2026-05-01,6.34,0.75,0.72
2026-05-02,24.45,0.79,0.73
2026-05-03,17.41,0.81,0.76
2026-05-04,9.83,0.8,0.77
2026-05-05,6.53,0.79,0.76
2026-05-06,2.39,0.78,0.76
2026-05-07,1.51,0.77,0.76
2026-05-08,7.65,0.78,0.75
2026-05-09,5.22,0.78,0.75
2026-05-10,2.55,0.77,0.75
2026-05-11,0.86,0.76,0.74
2026-05-12,1.3,0.75,0.74
2026-05-13,1.96,0.75,0.73
2026-05-14,2.9,0.75,0.73
2026-05-15,24.6,0.82,0.76
2026-05-16,12.87,0.81,0.77
2026-05-17,21.23,0.83,0.79
2026-05-18,17.14,0.84,0.8
2026-05-19,5.03,0.81,0.8
2026-05-20,10.83,0.82,0.8
2026-05-21,4.55,0.81,0.8
2026-05-22,30.53,0.86,0.81
2026-05-23,9.09,0.84,0.83
2026-05-24,4.28,0.83,0.82
2026-05-25,10.13,0.84,0.82
2026-05-26,2.05,0.82,0.82
2026-05-27,0.15,0.81,0.81
2026-05-28,4.8,0.82,0.81
2026-05-29,3.7,0.81,0.8
2026-05-30,12.98,0.83,0.81
2026-05-31,11.01,0.84,0.82
2026-06-01,13.03,0.84,0.82
2026-06-02,12.79,0.85,0.84
2026-06-03,10.14,0.84,0.84
2026-06-04,10.31,0.85,0.84
2026-06-05,10.11,0.84,0.84
2026-06-06,30.76,0.89,0.87
2026-06-07,3.75,0.86,0.87
2026-06-08,1.52,0.85,0.86
2026-06-09,17.7,0.87,0.85
2026-06-10,53.57,0.92,0.9
2026-06-11,13.74,0.9,0.91
2026-06-12,15.81,0.9,0.91
2026-06-13,9.11,0.9,0.92
2026-06-14,6.39,0.89,0.91
2026-06-15,10.06,0.9,0.91
2026-06-16,0.79,0.88,0.91
2026-06-17,7.95,0.89,0.9
2026-06-18,6.2,0.89,0.91
2026-06-19,23.12,0.9,0.91
2026-06-20,30.36,0.92,0.93
2026-06-21,161.07,0.96,0.96
2026-06-22,36.27,0.96,0.98
2026-06-23,5.0,0.95,0.98
2026-06-24,4.43,0.94,0.97
2026-06-25,35.14,0.95,0.97
2026-06-26,80.87,0.98,0.99
2026-06-27,70.36,0.99,1.0
2026-06-28,146.3,0.99,1.0
2026-06-29,82.18,0.99,1.0
2026-06-30,5.02,0.98,1.0
2026-07-01,5.87,0.98,1.0
2026-07-02,7.73,0.97,1.0
2026-07-03,8.19,0.97,1.0
2026-07-04,7.59,0.96,0.99
2026-07-05,3.28,0.96,0.99
2026-07-06,3.04,0.95,0.99
2026-07-07,2.53,0.95,0.99
2026-07-08,4.06,0.94,0.98
2026-07-09,2.45,0.94,0.98
2026-07-10,2.15,0.94,0.98
2026-07-11,2.53,0.93,0.98
2026-07-12,3.51,0.93,0.97
2026-07-13,9.38,0.93,0.97
2026-07-14,20.62,0.94,0.98
2026-07-15,1.15,0.93,0.98
2026-07-16,0.97,0.93,0.97
2026-07-17,1.51,0.92,0.97
2026-07-18,0.47,0.92,0.96
2026-07-19,0.41,0.91,0.96
2026-07-20,0.38,0.91,0.95
2026-07-21,0.26,0.9,0.94
2026-07-22,0.94,0.9,0.94
2026-07-23,3.89,0.9,0.93
2026-07-24,8.13,0.91,0.94
2026-07-25,0.8,0.89,0.93
2026-07-26,1.44,0.89,0.92
2026-07-27,2.21,0.89,0.92
2026-07-28,1.56,0.89,0.92
2026-07-29,4.16,0.89,0.91
2026-07-30,1.47,0.88,0.91
2026-07-31,0.86,0.88,0.9
2026-08-01,0.78,0.7,0.72
2026-08-02,12.71,0.75,0.72
2026-08-03,2.97,0.74,0.73
2026-08-04,1.17,0.71,0.72
2026-08-05,7.48,0.73,0.72
2026-08-06,11.75,0.76,0.73
2026-08-07,4.15,0.75,0.73
2026-08-08,0.73,0.73,0.73
2026-08-09,4.35,0.72,0.72
2026-08-10,0.87,0.72,0.72
2026-08-11,6.62,0.72,0.72
2026-08-12,5.88,0.75,0.72
2026-08-13,7.75,0.75,0.73
2026-08-14,3.04,0.75,0.73
2026-08-15,5.53,0.75,0.73
2026-08-16,2.3,0.74,0.73
2026-08-17,4.96,0.74,0.73
2026-08-18,13.67,0.76,0.73
2026-08-19,7.43,0.77,0.74
2026-08-20,2.5,0.75,0.74
2026-08-21,5.05,0.75,0.74
2026-08-22,19.62,0.78,0.74
2026-08-23,19.97,0.81,0.78
2026-08-24,8.08,0.79,0.78
2026-08-25,6.37,0.78,0.77
2026-08-26,7.19,0.79,0.77
2026-08-27,6.85,0.79,0.78
2026-08-28,1.64,0.77,0.77
2026-08-29,43.27,0.85,0.81
2026-08-30,1.04,0.8,0.81
2026-08-31,3.84,0.8,0.8
2026-09-01,9.49,0.81,0.8
2026-09-02,3.18,0.8,0.8
2026-09-03,8.66,0.81,0.8
2026-09-04,4.05,0.8,0.8
2026-09-05,7.11,0.8,0.8
2026-09-06,10.83,0.81,0.8
2026-09-07,2.74,0.8,0.8
2026-09-08,3.85,0.8,0.8
