date,precip_mm,surface_wetness,root_wetness
2016-01-01,0.0,0.41,0.46
2016-01-02,0.0,0.41,0.45
2016-01-03,0.0,0.41,0.45
2016-01-04,0.0,0.4,0.45
2016-01-05,0.0,0.41,0.44
2016-01-06,0.0,0.4,0.44
2016-01-07,0.0,0.39,0.44
2016-01-08,0.0,0.39,0.44
2016-01-09,0.0,0.39,0.43
2016-01-10,0.0,0.39,0.43
2016-01-11,0.0,0.39,0.43
2016-01-12,0.0,0.38,0.43
2016-01-13,0.0,0.38,0.43
2016-01-14,0.0,0.38,0.42
2016-01-15,0.0,0.37,0.42
2016-01-16,0.01,0.37,0.42
2016-01-17,0.03,0.37,0.42
2016-01-18,0.01,0.37,0.42
2016-01-19,0.08,0.38,0.42
2016-01-20,0.06,0.37,0.41
2016-01-21,0.3,0.38,0.41
2016-01-22,0.0,0.37,0.41
2016-01-23,0.0,0.36,0.41
2016-01-24,0.0,0.35,0.41
2016-01-25,0.0,0.34,0.4
2016-01-26,0.0,0.34,0.4
2016-01-27,0.0,0.33,0.4
2016-01-28,0.0,0.33,0.4
2016-01-29,0.0,0.32,0.4
2016-01-30,0.0,0.31,0.4
2016-01-31,0.0,0.3,0.4
2016-02-01,0.0,0.29,0.4
2016-02-02,0.0,0.28,0.4
2016-02-03,0.0,0.28,0.4
2016-02-04,0.0,0.27,0.4
2016-02-05,0.0,0.26,0.4
2016-02-06,0.0,0.26,0.39
2016-02-07,0.0,0.25,0.39
2016-02-08,0.0,0.24,0.39
2016-02-09,0.0,0.23,0.39
2016-02-10,0.0,0.23,0.39
2016-02-11,0.0,0.22,0.39
2016-02-12,0.0,0.21,0.39
2016-02-13,0.0,0.21,0.39
2016-02-14,0.01,0.2,0.39
2016-02-15,0.07,0.2,0.39
2016-02-16,0.02,0.2,0.39
2016-02-17,0.03,0.2,0.39
2016-02-18,0.01,0.2,0.39
2016-02-19,0.03,0.19,0.39
2016-02-20,0.0,0.19,0.39
2016-02-21,0.01,0.19,0.39
2016-02-22,0.03,0.18,0.39
2016-02-23,0.02,0.18,0.39
2016-02-24,0.0,0.18,0.39
2016-02-25,0.29,0.19,0.39
2016-02-26,0.24,0.19,0.39
2016-02-27,2.34,0.25,0.39
2016-02-28,5.61,0.38,0.4
2016-02-29,8.86,0.5,0.42
2016-03-01,4.05,0.46,0.42
2016-03-02,0.01,0.39,0.42
2016-03-03,0.0,0.36,0.41
2016-03-04,0.0,0.36,0.41
2016-03-05,0.01,0.35,0.4
2016-03-06,0.02,0.34,0.4
2016-03-07,1.3,0.34,0.4
2016-03-08,1.68,0.37,0.4
2016-03-09,1.33,0.38,0.4
2016-03-10,3.5,0.41,0.4
2016-03-11,6.16,0.46,0.41
2016-03-12,2.51,0.43,0.42
2016-03-13,9.26,0.47,0.42
2016-03-14,11.55,0.53,0.44
2016-03-15,1.06,0.44,0.44
2016-03-16,2.48,0.42,0.44
2016-03-17,1.83,0.43,0.43
2016-03-18,51.03,0.57,0.45
2016-03-19,46.73,0.68,0.56
2016-03-20,0.74,0.55,0.53
2016-03-21,2.76,0.54,0.52
2016-03-22,5.84,0.56,0.51
2016-03-23,3.59,0.54,0.51
2016-03-24,12.59,0.61,0.52
2016-03-25,1.06,0.54,0.52
2016-03-26,3.5,0.53,0.51
2016-03-27,0.35,0.49,0.5
2016-03-28,0.39,0.47,0.5
2016-03-29,0.61,0.47,0.49
2016-03-30,0.9,0.47,0.48
2016-03-31,1.02,0.46,0.48
2016-04-01,3.31,0.48,0.48
2016-04-02,1.55,0.49,0.48
2016-04-03,0.17,0.46,0.48
2016-04-04,1.6,0.46,0.48
2016-04-05,3.34,0.48,0.48
2016-04-06,1.68,0.48,0.48
2016-04-07,2.51,0.48,0.48
2016-04-08,1.37,0.47,0.48
2016-04-09,1.73,0.47,0.48
2016-04-10,2.82,0.5,0.48
2016-04-11,10.38,0.54,0.49
2016-04-12,6.02,0.55,0.5
2016-04-13,5.04,0.52,0.5
2016-04-14,3.86,0.52,0.5
2016-04-15,11.05,0.58,0.51
2016-04-16,5.19,0.56,0.51
2016-04-17,2.34,0.53,0.51
2016-04-18,4.71,0.54,0.51
2016-04-19,0.65,0.5,0.5
2016-04-20,2.51,0.49,0.5
2016-04-21,1.18,0.5,0.49
2016-04-22,0.04,0.47,0.49
2016-04-23,0.08,0.46,0.48
2016-04-24,0.06,0.45,0.48
2016-04-25,0.35,0.45,0.48
2016-04-26,1.39,0.45,0.47
2016-04-27,1.03,0.45,0.47
2016-04-28,2.3,0.47,0.47
2016-04-29,0.13,0.44,0.47
2016-04-30,1.46,0.44,0.46
2016-05-01,0.97,0.43,0.46
2016-05-02,3.06,0.45,0.46
2016-05-03,1.36,0.44,0.46
2016-05-04,0.26,0.42,0.46
2016-05-05,0.87,0.42,0.45
2016-05-06,7.79,0.48,0.45
2016-05-07,6.73,0.51,0.47
2016-05-08,2.35,0.47,0.47
2016-05-09,5.69,0.49,0.47
2016-05-10,2.56,0.48,0.47
2016-05-11,3.06,0.48,0.47
2016-05-12,12.95,0.57,0.49
2016-05-13,9.91,0.56,0.5
2016-05-14,0.97,0.53,0.5
2016-05-15,1.24,0.5,0.5
2016-05-16,12.88,0.57,0.51
2016-05-17,22.41,0.64,0.52
2016-05-18,7.23,0.63,0.54
2016-05-19,0.14,0.55,0.53
2016-05-20,3.35,0.55,0.52
2016-05-21,3.97,0.55,0.52
2016-05-22,3.92,0.55,0.52
2016-05-23,4.1,0.54,0.51
2016-05-24,51.64,0.71,0.54
2016-05-25,23.33,0.76,0.63
2016-05-26,11.42,0.7,0.62
2016-05-27,13.91,0.73,0.62
2016-05-28,1.7,0.67,0.62
2016-05-29,13.72,0.7,0.61
2016-05-30,11.08,0.71,0.62
2016-05-31,4.17,0.68,0.62
2016-06-01,3.23,0.66,0.61
2016-06-02,9.34,0.68,0.61
2016-06-03,5.57,0.69,0.61
2016-06-04,0.41,0.65,0.61
2016-06-05,2.16,0.65,0.6
2016-06-06,7.2,0.68,0.6
2016-06-07,2.89,0.66,0.6
2016-06-08,6.77,0.68,0.61
2016-06-09,17.24,0.72,0.61
2016-06-10,6.97,0.71,0.63
2016-06-11,0.47,0.66,0.62
2016-06-12,3.39,0.67,0.62
2016-06-13,11.99,0.71,0.62
2016-06-14,1.78,0.68,0.63
2016-06-15,0.52,0.66,0.62
2016-06-16,7.03,0.68,0.61
2016-06-17,2.41,0.67,0.62
2016-06-18,0.6,0.65,0.61
2016-06-19,3.22,0.66,0.6
2016-06-20,10.39,0.68,0.61
2016-06-21,12.63,0.72,0.62
2016-06-22,6.22,0.7,0.63
2016-06-23,0.78,0.67,0.63
2016-06-24,4.46,0.68,0.62
2016-06-25,5.44,0.68,0.62
2016-06-26,5.99,0.7,0.63
2016-06-27,4.18,0.67,0.62
2016-06-28,3.73,0.69,0.63
2016-06-29,2.42,0.67,0.62
2016-06-30,8.28,0.69,0.62
2016-07-01,5.65,0.69,0.63
2016-07-02,4.46,0.68,0.63
2016-07-03,11.18,0.72,0.64
2016-07-04,8.72,0.71,0.64
2016-07-05,2.19,0.69,0.64
2016-07-06,1.62,0.68,0.63
2016-07-07,1.03,0.67,0.63
2016-07-08,1.21,0.66,0.62
2016-07-09,1.27,0.66,0.62
2016-07-10,4.1,0.67,0.62
2016-07-11,13.23,0.71,0.62
2016-07-12,0.99,0.67,0.63
2016-07-13,0.66,0.66,0.62
2016-07-14,8.71,0.68,0.61
2016-07-15,1.21,0.66,0.62
2016-07-16,1.08,0.65,0.61
2016-07-17,1.78,0.65,0.61
2016-07-18,1.09,0.64,0.6
2016-07-19,0.45,0.64,0.6
2016-07-20,2.91,0.64,0.59
2016-07-21,5.56,0.66,0.6
2016-07-22,1.14,0.64,0.6
2016-07-23,2.63,0.64,0.59
2016-07-24,5.33,0.66,0.59
2016-07-25,6.58,0.67,0.6
2016-07-26,4.54,0.66,0.6
2016-07-27,1.95,0.65,0.6
2016-07-28,1.39,0.64,0.6
2016-07-29,3.89,0.64,0.59
2016-07-30,3.27,0.65,0.59
2016-07-31,19.25,0.71,0.62
2016-08-01,0.87,0.65,0.61
2016-08-02,0.67,0.63,0.6
2016-08-03,2.07,0.62,0.59
2016-08-04,3.05,0.63,0.58
2016-08-05,1.55,0.62,0.58
2016-08-06,2.1,0.61,0.58
2016-08-07,2.03,0.61,0.57
2016-08-08,0.68,0.59,0.57
2016-08-09,1.54,0.58,0.56
2016-08-10,2.41,0.58,0.55
2016-08-11,3.18,0.59,0.55
2016-08-12,4.5,0.6,0.56
2016-08-13,2.71,0.59,0.56
2016-08-14,1.52,0.57,0.55
2016-08-15,2.86,0.57,0.55
2016-08-16,1.21,0.56,0.54
2016-08-17,4.54,0.57,0.54
2016-08-18,3.72,0.58,0.54
2016-08-19,4.44,0.59,0.55
2016-08-20,3.96,0.59,0.55
2016-08-21,6.75,0.6,0.55
2016-08-22,1.5,0.58,0.55
2016-08-23,3.24,0.58,0.54
2016-08-24,3.34,0.57,0.54
2016-08-25,4.0,0.58,0.54
2016-08-26,3.46,0.58,0.54
2016-08-27,5.5,0.6,0.55
2016-08-28,8.83,0.63,0.56
2016-08-29,4.12,0.6,0.56
2016-08-30,7.11,0.62,0.56
2016-08-31,5.81,0.63,0.57
2016-09-01,1.13,0.6,0.56
2016-09-02,1.47,0.58,0.56
2016-09-03,3.25,0.59,0.55
2016-09-04,4.92,0.59,0.55
2016-09-05,12.13,0.64,0.56
2016-09-06,3.2,0.63,0.57
2016-09-07,4.02,0.6,0.56
2016-09-08,3.69,0.62,0.57
2016-09-09,3.48,0.61,0.56
2016-09-10,4.6,0.62,0.57
2016-09-11,5.26,0.62,0.57
2016-09-12,3.49,0.61,0.57
2016-09-13,1.75,0.59,0.56
2016-09-14,11.05,0.63,0.56
2016-09-15,28.48,0.73,0.59
2016-09-16,34.69,0.8,0.66
2016-09-17,1.83,0.69,0.65
2016-09-18,5.91,0.7,0.64
2016-09-19,5.95,0.69,0.63
2016-09-20,6.81,0.7,0.63
2016-09-21,8.5,0.7,0.63
2016-09-22,4.98,0.69,0.64
2016-09-23,5.87,0.7,0.64
2016-09-24,4.76,0.69,0.63
2016-09-25,12.33,0.72,0.64
2016-09-26,28.15,0.79,0.67
2016-09-27,7.38,0.75,0.68
2016-09-28,6.0,0.73,0.67
2016-09-29,15.17,0.77,0.69
2016-09-30,2.65,0.72,0.68
2016-10-01,8.0,0.74,0.68
2016-10-02,16.57,0.78,0.7
2016-10-03,5.08,0.75,0.7
2016-10-04,3.84,0.74,0.69
2016-10-05,2.81,0.73,0.69
2016-10-06,5.14,0.73,0.68
2016-10-07,7.13,0.74,0.68
2016-10-08,22.15,0.79,0.7
2016-10-09,46.99,0.87,0.75
2016-10-10,2.0,0.79,0.77
2016-10-11,4.09,0.78,0.75
2016-10-12,7.69,0.78,0.75
2016-10-13,3.02,0.77,0.74
2016-10-14,10.12,0.79,0.74
2016-10-15,8.09,0.79,0.75
2016-10-16,3.31,0.77,0.75
2016-10-17,3.92,0.77,0.74
2016-10-18,8.07,0.78,0.74
2016-10-19,4.0,0.78,0.74
2016-10-20,1.27,0.76,0.73
2016-10-21,6.17,0.77,0.73
2016-10-22,7.57,0.78,0.74
2016-10-23,0.1,0.75,0.73
2016-10-24,0.3,0.74,0.72
2016-10-25,0.62,0.74,0.71
2016-10-26,1.16,0.73,0.71
2016-10-27,0.34,0.73,0.7
2016-10-28,1.16,0.72,0.69
2016-10-29,2.1,0.72,0.69
2016-10-30,2.73,0.72,0.68
2016-10-31,4.34,0.73,0.68
2016-11-01,3.82,0.73,0.69
2016-11-02,2.16,0.73,0.69
2016-11-03,2.98,0.73,0.69
2016-11-04,2.2,0.72,0.68
2016-11-05,0.98,0.71,0.68
2016-11-06,0.58,0.71,0.67
2016-11-07,0.4,0.7,0.67
2016-11-08,0.34,0.7,0.66
2016-11-09,0.06,0.69,0.65
2016-11-10,0.26,0.68,0.65
2016-11-11,0.31,0.68,0.64
2016-11-12,0.46,0.67,0.64
2016-11-13,0.58,0.67,0.63
2016-11-14,0.61,0.66,0.62
2016-11-15,0.43,0.65,0.62
2016-11-16,0.22,0.64,0.61
2016-11-17,0.19,0.64,0.6
2016-11-18,0.16,0.63,0.6
2016-11-19,0.37,0.62,0.59
2016-11-20,0.58,0.61,0.59
2016-11-21,1.84,0.62,0.58
2016-11-22,4.67,0.65,0.59
2016-11-23,5.2,0.66,0.59
2016-11-24,3.09,0.65,0.6
2016-11-25,1.64,0.64,0.6
2016-11-26,2.62,0.64,0.59
2016-11-27,0.32,0.62,0.59
2016-11-28,0.59,0.61,0.58
2016-11-29,1.63,0.61,0.58
2016-11-30,1.27,0.61,0.58
2016-12-01,0.2,0.59,0.57
2016-12-02,3.97,0.61,0.57
2016-12-03,1.29,0.59,0.57
2016-12-04,0.67,0.58,0.56
2016-12-05,5.58,0.61,0.56
2016-12-06,2.8,0.61,0.57
2016-12-07,0.17,0.58,0.56
2016-12-08,1.03,0.58,0.56
2016-12-09,0.27,0.58,0.56
2016-12-10,0.21,0.57,0.55
2016-12-11,0.48,0.57,0.55
2016-12-12,0.49,0.56,0.55
2016-12-13,0.34,0.56,0.54
2016-12-14,0.03,0.54,0.54
2016-12-15,0.29,0.55,0.54
2016-12-16,0.12,0.54,0.53
2016-12-17,0.88,0.54,0.53
2016-12-18,3.01,0.56,0.53
2016-12-19,0.44,0.53,0.53
2016-12-20,0.26,0.52,0.53
2016-12-21,0.1,0.51,0.52
2016-12-22,0.07,0.5,0.52
2016-12-23,0.0,0.49,0.51
2016-12-24,0.03,0.49,0.51
2016-12-25,0.03,0.48,0.5
2016-12-26,0.0,0.48,0.5
2016-12-27,0.0,0.47,0.49
2016-12-28,0.0,0.47,0.49
2016-12-29,0.0,0.47,0.49
2016-12-30,0.0,0.47,0.49
2016-12-31,0.0,0.47,0.49
2017-01-01,0.0,0.46,0.48
2017-01-02,0.0,0.45,0.48
2017-01-03,0.0,0.45,0.48
2017-01-04,0.0,0.44,0.47
2017-01-05,0.0,0.44,0.47
2017-01-06,0.47,0.44,0.47
2017-01-07,0.0,0.43,0.46
2017-01-08,0.44,0.44,0.46
2017-01-09,0.01,0.44,0.46
2017-01-10,0.26,0.43,0.46
2017-01-11,0.82,0.43,0.46
2017-01-12,4.27,0.48,0.46
2017-01-13,0.5,0.45,0.46
2017-01-14,0.0,0.42,0.46
2017-01-15,0.0,0.42,0.45
2017-01-16,0.0,0.41,0.45
2017-01-17,0.02,0.41,0.45
2017-01-18,0.27,0.41,0.45
2017-01-19,0.84,0.43,0.45
2017-01-20,0.1,0.41,0.44
2017-01-21,2.22,0.44,0.44
2017-01-22,1.5,0.44,0.44
2017-01-23,0.85,0.44,0.45
2017-01-24,0.02,0.41,0.44
2017-01-25,0.03,0.4,0.44
2017-01-26,0.0,0.39,0.44
2017-01-27,0.0,0.39,0.43
2017-01-28,0.01,0.39,0.43
2017-01-29,0.02,0.39,0.43
2017-01-30,0.02,0.38,0.43
2017-01-31,0.06,0.38,0.42
2017-02-01,1.31,0.41,0.42
2017-02-02,0.33,0.4,0.42
2017-02-03,0.73,0.39,0.42
2017-02-04,0.55,0.4,0.42
2017-02-05,0.01,0.38,0.42
2017-02-06,0.01,0.38,0.42
2017-02-07,0.0,0.37,0.42
2017-02-08,0.0,0.36,0.41
2017-02-09,0.01,0.36,0.41
2017-02-10,1.21,0.39,0.41
2017-02-11,1.85,0.4,0.41
2017-02-12,1.25,0.41,0.41
2017-02-13,1.08,0.4,0.41
2017-02-14,0.07,0.37,0.41
2017-02-15,0.0,0.35,0.41
2017-02-16,0.0,0.35,0.41
2017-02-17,0.01,0.34,0.41
2017-02-18,0.0,0.33,0.4
2017-02-19,0.0,0.31,0.4
2017-02-20,0.19,0.31,0.4
2017-02-21,0.07,0.31,0.4
2017-02-22,0.46,0.3,0.4
2017-02-23,1.22,0.33,0.4
2017-02-24,1.81,0.38,0.4
2017-02-25,6.32,0.46,0.41
2017-02-26,4.57,0.46,0.42
2017-02-27,0.17,0.42,0.42
2017-02-28,0.08,0.38,0.42
2017-03-01,0.12,0.37,0.41
2017-03-02,1.83,0.39,0.41
2017-03-03,2.04,0.4,0.41
2017-03-04,3.58,0.44,0.42
2017-03-05,4.97,0.44,0.42
2017-03-06,3.17,0.45,0.42
2017-03-07,0.61,0.42,0.42
2017-03-08,0.08,0.38,0.42
2017-03-09,0.2,0.38,0.41
2017-03-10,1.2,0.38,0.41
2017-03-11,1.08,0.39,0.41
2017-03-12,3.71,0.43,0.41
2017-03-13,0.88,0.4,0.41
2017-03-14,1.29,0.39,0.41
2017-03-15,0.66,0.39,0.41
2017-03-16,0.13,0.37,0.41
2017-03-17,0.96,0.36,0.41
2017-03-18,1.93,0.39,0.41
2017-03-19,6.21,0.44,0.41
2017-03-20,12.58,0.53,0.43
2017-03-21,5.08,0.48,0.44
2017-03-22,1.71,0.44,0.44
2017-03-23,9.75,0.48,0.44
2017-03-24,6.01,0.53,0.46
2017-03-25,2.05,0.46,0.46
2017-03-26,0.52,0.43,0.45
2017-03-27,1.02,0.43,0.45
2017-03-28,1.37,0.43,0.44
2017-03-29,1.03,0.43,0.44
2017-03-30,4.11,0.45,0.44
2017-03-31,0.42,0.43,0.45
2017-04-01,6.85,0.43,0.44
2017-04-02,10.59,0.54,0.46
2017-04-03,17.72,0.61,0.49
2017-04-04,3.92,0.52,0.49
2017-04-05,9.61,0.52,0.49
2017-04-06,4.39,0.54,0.49
2017-04-07,6.57,0.54,0.49
2017-04-08,4.74,0.54,0.5
2017-04-09,3.88,0.52,0.49
2017-04-10,2.54,0.51,0.49
2017-04-11,2.47,0.48,0.49
2017-04-12,1.03,0.49,0.49
2017-04-13,0.18,0.46,0.48
2017-04-14,0.14,0.45,0.48
2017-04-15,0.21,0.44,0.47
2017-04-16,4.55,0.48,0.47
2017-04-17,0.7,0.45,0.47
2017-04-18,3.17,0.47,0.47
2017-04-19,3.23,0.46,0.47
2017-04-20,6.84,0.51,0.47
2017-04-21,13.31,0.58,0.49
2017-04-22,1.06,0.5,0.49
2017-04-23,0.21,0.46,0.49
2017-04-24,5.79,0.5,0.48
2017-04-25,2.93,0.51,0.49
2017-04-26,3.79,0.51,0.49
2017-04-27,4.69,0.52,0.49
2017-04-28,4.25,0.52,0.49
2017-04-29,3.69,0.5,0.49
2017-04-30,0.76,0.49,0.49
2017-05-01,2.87,0.48,0.48
2017-05-02,3.54,0.49,0.48
2017-05-03,2.97,0.49,0.48
2017-05-04,12.21,0.56,0.49
2017-05-05,1.05,0.51,0.5
2017-05-06,1.01,0.47,0.49
2017-05-07,1.85,0.48,0.48
2017-05-08,3.29,0.49,0.48
2017-05-09,1.13,0.46,0.48
2017-05-10,0.94,0.45,0.47
2017-05-11,7.63,0.51,0.48
2017-05-12,9.16,0.57,0.5
2017-05-13,5.81,0.53,0.5
2017-05-14,8.07,0.55,0.5
2017-05-15,3.15,0.54,0.51
2017-05-16,5.32,0.53,0.5
2017-05-17,7.32,0.57,0.51
2017-05-18,11.01,0.59,0.52
2017-05-19,12.61,0.64,0.53
2017-05-20,10.98,0.62,0.54
2017-05-21,4.92,0.61,0.55
2017-05-22,4.03,0.58,0.53
2017-05-23,2.61,0.57,0.53
2017-05-24,15.66,0.64,0.54
2017-05-25,8.2,0.63,0.55
2017-05-26,3.49,0.59,0.54
2017-05-27,1.66,0.58,0.54
2017-05-28,1.77,0.55,0.53
2017-05-29,1.69,0.55,0.53
2017-05-30,3.37,0.56,0.52
2017-05-31,6.71,0.6,0.53
2017-06-01,0.59,0.55,0.53
2017-06-02,4.94,0.56,0.52
2017-06-03,15.87,0.65,0.54
2017-06-04,6.65,0.64,0.56
2017-06-05,3.13,0.6,0.55
2017-06-06,4.82,0.62,0.55
2017-06-07,0.71,0.58,0.55
2017-06-08,1.31,0.57,0.54
2017-06-09,2.61,0.57,0.53
2017-06-10,13.08,0.65,0.54
2017-06-11,10.59,0.67,0.57
2017-06-12,4.56,0.64,0.57
2017-06-13,9.01,0.64,0.57
2017-06-14,4.88,0.64,0.57
2017-06-15,11.0,0.65,0.57
2017-06-16,38.18,0.78,0.62
2017-06-17,3.99,0.69,0.63
2017-06-18,1.21,0.66,0.62
2017-06-19,3.16,0.65,0.6
2017-06-20,14.14,0.7,0.61
2017-06-21,3.38,0.68,0.62
2017-06-22,0.21,0.65,0.61
2017-06-23,4.5,0.66,0.6
2017-06-24,63.25,0.74,0.61
2017-06-25,14.29,0.76,0.67
2017-06-26,7.42,0.72,0.66
2017-06-27,6.52,0.73,0.66
2017-06-28,2.38,0.7,0.66
2017-06-29,6.74,0.71,0.65
2017-06-30,2.64,0.7,0.65
2017-07-01,3.58,0.7,0.65
2017-07-02,12.14,0.73,0.65
2017-07-03,2.51,0.71,0.66
2017-07-04,4.61,0.71,0.66
2017-07-05,5.49,0.71,0.66
2017-07-06,15.16,0.75,0.67
2017-07-07,19.61,0.79,0.7
2017-07-08,2.3,0.73,0.7
2017-07-09,3.45,0.73,0.69
2017-07-10,2.65,0.72,0.68
2017-07-11,0.17,0.71,0.67
2017-07-12,0.12,0.7,0.66
2017-07-13,0.82,0.69,0.65
2017-07-14,2.58,0.69,0.65
2017-07-15,3.77,0.7,0.65
2017-07-16,2.52,0.69,0.65
2017-07-17,1.58,0.68,0.65
2017-07-18,2.96,0.69,0.64
2017-07-19,9.18,0.71,0.65
2017-07-20,3.25,0.7,0.65
2017-07-21,1.65,0.68,0.64
2017-07-22,3.28,0.68,0.64
2017-07-23,4.1,0.69,0.64
2017-07-24,4.27,0.7,0.64
2017-07-25,1.72,0.68,0.64
2017-07-26,1.64,0.68,0.64
2017-07-27,1.73,0.67,0.63
2017-07-28,1.87,0.67,0.62
2017-07-29,1.43,0.66,0.62
2017-07-30,1.9,0.66,0.62
2017-07-31,2.87,0.66,0.61
2017-08-01,3.17,0.66,0.61
2017-08-02,3.4,0.66,0.61
2017-08-03,5.16,0.67,0.61
2017-08-04,1.96,0.66,0.61
2017-08-05,3.08,0.66,0.61
2017-08-06,2.79,0.65,0.61
2017-08-07,0.36,0.64,0.6
2017-08-08,2.39,0.64,0.59
2017-08-09,4.05,0.65,0.59
2017-08-10,0.8,0.63,0.59
2017-08-11,0.77,0.62,0.58
2017-08-12,4.06,0.63,0.58
2017-08-13,2.72,0.63,0.58
2017-08-14,3.98,0.63,0.58
2017-08-15,5.47,0.65,0.58
2017-08-16,0.13,0.62,0.58
2017-08-17,1.69,0.61,0.57
2017-08-18,4.18,0.61,0.57
2017-08-19,0.64,0.6,0.57
2017-08-20,0.36,0.58,0.56
2017-08-21,2.51,0.57,0.55
2017-08-22,15.43,0.68,0.57
2017-08-23,0.23,0.6,0.57
2017-08-24,1.19,0.59,0.56
2017-08-25,8.69,0.63,0.56
2017-08-26,6.02,0.65,0.58
2017-08-27,5.86,0.63,0.58
2017-08-28,1.34,0.62,0.57
2017-08-29,2.43,0.61,0.57
2017-08-30,3.92,0.61,0.57
2017-08-31,2.67,0.6,0.57
2017-09-01,2.63,0.6,0.56
2017-09-02,3.94,0.61,0.56
2017-09-03,3.29,0.6,0.56
2017-09-04,4.04,0.61,0.56
2017-09-05,1.19,0.59,0.56
2017-09-06,1.78,0.57,0.55
2017-09-07,103.77,0.77,0.58
2017-09-08,5.62,0.74,0.66
2017-09-09,5.72,0.7,0.64
2017-09-10,5.72,0.7,0.64
2017-09-11,3.84,0.69,0.63
2017-09-12,7.69,0.7,0.63
2017-09-13,1.69,0.67,0.63
2017-09-14,1.02,0.66,0.62
2017-09-15,1.39,0.65,0.61
2017-09-16,1.73,0.64,0.6
2017-09-17,3.3,0.65,0.6
2017-09-18,1.76,0.64,0.6
2017-09-19,1.73,0.64,0.59
2017-09-20,2.07,0.63,0.59
2017-09-21,3.38,0.64,0.59
2017-09-22,21.51,0.7,0.6
2017-09-23,8.46,0.71,0.63
2017-09-24,5.67,0.69,0.62
2017-09-25,1.19,0.66,0.62
2017-09-26,3.12,0.66,0.61
2017-09-27,1.75,0.65,0.6
2017-09-28,6.05,0.67,0.6
2017-09-29,1.95,0.65,0.6
2017-09-30,1.53,0.64,0.6
2017-10-01,9.94,0.68,0.6
2017-10-02,2.6,0.66,0.6
2017-10-03,2.48,0.65,0.6
2017-10-04,8.16,0.67,0.6
2017-10-05,4.68,0.68,0.61
2017-10-06,9.96,0.7,0.61
2017-10-07,17.8,0.72,0.62
2017-10-08,39.68,0.83,0.69
2017-10-09,3.47,0.73,0.69
2017-10-10,2.99,0.71,0.67
2017-10-11,4.93,0.72,0.67
2017-10-12,3.09,0.71,0.66
2017-10-13,3.25,0.71,0.66
2017-10-14,6.04,0.72,0.66
2017-10-15,9.12,0.74,0.67
2017-10-16,1.45,0.7,0.66
2017-10-17,4.82,0.71,0.65
2017-10-18,0.87,0.69,0.65
2017-10-19,1.12,0.68,0.65
2017-10-20,0.35,0.68,0.64
2017-10-21,0.57,0.67,0.63
2017-10-22,1.54,0.66,0.62
2017-10-23,2.69,0.67,0.62
2017-10-24,2.8,0.67,0.62
2017-10-25,5.31,0.68,0.62
2017-10-26,3.0,0.68,0.62
2017-10-27,1.9,0.67,0.62
2017-10-28,0.79,0.66,0.62
2017-10-29,1.53,0.66,0.61
2017-10-30,0.51,0.65,0.61
2017-10-31,0.7,0.65,0.61
2017-11-01,0.96,0.64,0.6
2017-11-02,1.12,0.65,0.6
2017-11-03,0.28,0.63,0.6
2017-11-04,2.02,0.63,0.59
2017-11-05,4.71,0.65,0.59
2017-11-06,19.18,0.73,0.61
2017-11-07,0.33,0.66,0.62
2017-11-08,0.48,0.65,0.61
2017-11-09,0.65,0.64,0.6
2017-11-10,0.87,0.63,0.59
2017-11-11,0.12,0.62,0.58
2017-11-12,0.27,0.61,0.58
2017-11-13,0.28,0.6,0.57
2017-11-14,1.71,0.6,0.56
2017-11-15,2.13,0.6,0.56
2017-11-16,2.26,0.6,0.56
2017-11-17,3.31,0.61,0.56
2017-11-18,1.92,0.6,0.56
2017-11-19,3.82,0.61,0.56
2017-11-20,4.65,0.63,0.57
2017-11-21,1.35,0.61,0.57
2017-11-22,0.61,0.6,0.56
2017-11-23,2.35,0.6,0.56
2017-11-24,4.04,0.61,0.56
2017-11-25,2.03,0.6,0.56
2017-11-26,0.34,0.58,0.55
2017-11-27,0.04,0.56,0.55
2017-11-28,0.0,0.55,0.54
2017-11-29,0.0,0.54,0.53
2017-11-30,0.0,0.53,0.53
2017-12-01,0.0,0.52,0.52
2017-12-02,0.04,0.51,0.52
2017-12-03,0.02,0.5,0.51
2017-12-04,0.03,0.49,0.51
2017-12-05,0.02,0.49,0.5
2017-12-06,0.05,0.49,0.5
2017-12-07,0.62,0.49,0.5
2017-12-08,1.01,0.49,0.49
2017-12-09,0.89,0.49,0.49
2017-12-10,0.01,0.47,0.49
2017-12-11,0.0,0.47,0.49
2017-12-12,0.0,0.46,0.48
2017-12-13,0.01,0.46,0.48
2017-12-14,0.09,0.46,0.48
2017-12-15,0.09,0.45,0.48
2017-12-16,0.28,0.45,0.48
2017-12-17,0.34,0.45,0.47
2017-12-18,0.07,0.44,0.47
2017-12-19,0.58,0.45,0.47
2017-12-20,1.58,0.47,0.47
2017-12-21,0.94,0.46,0.47
2017-12-22,0.0,0.44,0.47
2017-12-23,0.0,0.42,0.46
2017-12-24,0.0,0.42,0.46
2017-12-25,0.0,0.42,0.46
2017-12-26,0.0,0.42,0.46
2017-12-27,0.0,0.42,0.45
2017-12-28,0.0,0.41,0.45
2017-12-29,0.0,0.41,0.45
2017-12-30,0.0,0.41,0.45
2017-12-31,0.0,0.4,0.44
2018-01-01,0.0,0.4,0.44
2018-01-02,0.0,0.4,0.44
2018-01-03,0.0,0.4,0.44
2018-01-04,0.0,0.4,0.44
2018-01-05,0.0,0.39,0.43
2018-01-06,0.01,0.39,0.43
2018-01-07,0.14,0.4,0.43
2018-01-08,0.7,0.4,0.43
2018-01-09,0.01,0.39,0.43
2018-01-10,0.05,0.38,0.43
2018-01-11,0.0,0.38,0.42
2018-01-12,0.0,0.38,0.42
2018-01-13,0.0,0.38,0.42
2018-01-14,0.0,0.38,0.42
2018-01-15,0.0,0.37,0.42
2018-01-16,0.0,0.38,0.41
2018-01-17,0.0,0.38,0.41
2018-01-18,0.0,0.38,0.41
2018-01-19,0.0,0.36,0.41
2018-01-20,0.0,0.35,0.41
2018-01-21,0.03,0.35,0.41
2018-01-22,0.0,0.34,0.41
2018-01-23,0.03,0.34,0.4
2018-01-24,0.02,0.33,0.4
2018-01-25,0.0,0.33,0.4
2018-01-26,0.0,0.32,0.4
2018-01-27,0.0,0.31,0.4
2018-01-28,0.01,0.31,0.4
2018-01-29,0.0,0.31,0.4
2018-01-30,0.0,0.3,0.4
2018-01-31,0.02,0.29,0.4
2018-02-01,0.01,0.28,0.4
2018-02-02,0.15,0.28,0.4
2018-02-03,0.42,0.28,0.4
2018-02-04,0.0,0.27,0.4
2018-02-05,0.17,0.26,0.4
2018-02-06,0.18,0.26,0.4
2018-02-07,0.19,0.25,0.39
2018-02-08,0.07,0.24,0.39
2018-02-09,0.2,0.23,0.39
2018-02-10,0.04,0.22,0.39
2018-02-11,0.02,0.22,0.39
2018-02-12,0.0,0.21,0.39
2018-02-13,0.01,0.2,0.39
2018-02-14,0.02,0.2,0.39
2018-02-15,0.22,0.2,0.39
2018-02-16,0.03,0.2,0.39
2018-02-17,0.52,0.2,0.39
2018-02-18,3.21,0.26,0.39
2018-02-19,5.23,0.41,0.4
2018-02-20,14.05,0.49,0.41
2018-02-21,65.98,0.72,0.51
2018-02-22,0.41,0.52,0.51
2018-02-23,3.41,0.51,0.49
2018-02-24,3.67,0.51,0.49
2018-02-25,20.89,0.57,0.49
2018-02-26,8.33,0.62,0.53
2018-02-27,3.09,0.56,0.52
2018-02-28,0.68,0.52,0.51
2018-03-01,3.57,0.51,0.5
2018-03-02,0.15,0.49,0.5
2018-03-03,0.11,0.46,0.49
2018-03-04,1.39,0.46,0.48
2018-03-05,2.42,0.48,0.48
2018-03-06,1.39,0.46,0.48
2018-03-07,4.75,0.5,0.48
2018-03-08,2.63,0.48,0.48
2018-03-09,2.17,0.47,0.48
2018-03-10,2.2,0.48,0.48
2018-03-11,2.18,0.48,0.48
2018-03-12,1.41,0.48,0.48
2018-03-13,1.05,0.47,0.48
2018-03-14,0.34,0.45,0.47
2018-03-15,2.32,0.45,0.47
2018-03-16,16.08,0.54,0.48
2018-03-17,5.84,0.58,0.51
2018-03-18,1.93,0.51,0.51
2018-03-19,0.8,0.48,0.49
2018-03-20,2.24,0.48,0.49
2018-03-21,3.3,0.49,0.49
2018-03-22,3.72,0.52,0.49
2018-03-23,4.65,0.51,0.49
2018-03-24,15.01,0.62,0.52
2018-03-25,0.88,0.53,0.51
2018-03-26,0.19,0.51,0.51
2018-03-27,0.0,0.49,0.5
2018-03-28,0.03,0.48,0.49
2018-03-29,0.35,0.47,0.49
2018-03-30,2.16,0.49,0.49
2018-03-31,1.88,0.48,0.49
2018-04-01,3.06,0.5,0.49
2018-04-02,0.48,0.48,0.49
2018-04-03,0.18,0.46,0.48
2018-04-04,1.14,0.46,0.48
2018-04-05,1.98,0.48,0.48
2018-04-06,1.41,0.47,0.48
2018-04-07,2.81,0.48,0.48
2018-04-08,3.74,0.49,0.48
2018-04-09,0.08,0.45,0.48
2018-04-10,0.97,0.45,0.47
2018-04-11,0.04,0.43,0.47
2018-04-12,0.86,0.43,0.46
2018-04-13,9.61,0.49,0.47
2018-04-14,4.03,0.52,0.48
2018-04-15,2.92,0.49,0.48
2018-04-16,4.45,0.49,0.48
2018-04-17,6.72,0.53,0.49
2018-04-18,5.47,0.53,0.49
2018-04-19,7.5,0.55,0.5
2018-04-20,4.59,0.55,0.5
2018-04-21,0.76,0.5,0.5
2018-04-22,5.0,0.51,0.5
2018-04-23,7.65,0.55,0.5
2018-04-24,1.58,0.51,0.5
2018-04-25,5.67,0.53,0.5
2018-04-26,0.24,0.5,0.5
2018-04-27,1.77,0.49,0.49
2018-04-28,0.57,0.48,0.49
2018-04-29,1.22,0.47,0.49
2018-04-30,2.14,0.49,0.49
2018-05-01,0.93,0.47,0.48
2018-05-02,1.48,0.47,0.48
2018-05-03,1.6,0.47,0.48
2018-05-04,4.57,0.49,0.48
2018-05-05,13.52,0.54,0.48
2018-05-06,6.18,0.57,0.51
2018-05-07,0.52,0.51,0.5
2018-05-08,2.28,0.5,0.5
2018-05-09,2.33,0.5,0.49
2018-05-10,3.96,0.51,0.49
2018-05-11,9.86,0.57,0.5
2018-05-12,3.44,0.55,0.51
2018-05-13,1.12,0.51,0.5
2018-05-14,0.42,0.48,0.5
2018-05-15,1.57,0.49,0.49
2018-05-16,3.28,0.49,0.49
2018-05-17,19.33,0.6,0.5
2018-05-18,0.81,0.55,0.52
2018-05-19,1.09,0.52,0.51
2018-05-20,2.15,0.5,0.5
2018-05-21,3.46,0.52,0.5
2018-05-22,5.1,0.54,0.5
2018-05-23,2.66,0.54,0.51
2018-05-24,15.14,0.57,0.51
2018-05-25,5.27,0.61,0.53
2018-05-26,3.24,0.55,0.52
2018-05-27,9.88,0.6,0.53
2018-05-28,0.43,0.56,0.53
2018-05-29,2.91,0.54,0.52
2018-05-30,5.22,0.57,0.52
2018-05-31,5.56,0.58,0.53
2018-06-01,4.62,0.58,0.53
2018-06-02,2.89,0.58,0.53
2018-06-03,6.94,0.6,0.53
2018-06-04,5.81,0.59,0.54
2018-06-05,1.35,0.57,0.54
2018-06-06,1.66,0.55,0.53
2018-06-07,4.5,0.57,0.53
2018-06-08,3.85,0.58,0.53
2018-06-09,2.89,0.56,0.53
2018-06-10,6.59,0.58,0.53
2018-06-11,2.55,0.57,0.53
2018-06-12,1.82,0.54,0.52
2018-06-13,2.26,0.54,0.52
2018-06-14,3.05,0.54,0.52
2018-06-15,6.1,0.57,0.52
2018-06-16,5.17,0.57,0.52
2018-06-17,6.59,0.59,0.53
2018-06-18,24.62,0.67,0.54
2018-06-19,12.1,0.68,0.58
2018-06-20,1.19,0.62,0.57
2018-06-21,23.31,0.71,0.58
2018-06-22,5.78,0.65,0.59
2018-06-23,3.49,0.64,0.58
2018-06-24,5.86,0.65,0.58
2018-06-25,5.3,0.65,0.58
2018-06-26,22.49,0.71,0.59
2018-06-27,17.34,0.74,0.63
2018-06-28,5.57,0.69,0.62
2018-06-29,9.21,0.69,0.62
2018-06-30,12.48,0.71,0.63
2018-07-01,17.58,0.75,0.64
2018-07-02,9.34,0.73,0.66
2018-07-03,1.21,0.69,0.65
2018-07-04,4.57,0.69,0.64
2018-07-05,5.21,0.7,0.64
2018-07-06,11.04,0.72,0.64
2018-07-07,5.92,0.71,0.65
2018-07-08,4.47,0.7,0.65
2018-07-09,8.7,0.72,0.65
2018-07-10,1.3,0.69,0.65
2018-07-11,3.35,0.69,0.64
2018-07-12,5.82,0.7,0.64
2018-07-13,3.2,0.69,0.64
2018-07-14,5.31,0.7,0.65
2018-07-15,2.69,0.69,0.64
2018-07-16,2.3,0.68,0.64
2018-07-17,3.26,0.68,0.64
2018-07-18,1.51,0.68,0.64
2018-07-19,0.75,0.67,0.63
2018-07-20,1.72,0.66,0.62
2018-07-21,4.63,0.68,0.62
2018-07-22,0.97,0.66,0.62
2018-07-23,0.91,0.66,0.61
2018-07-24,4.17,0.67,0.61
2018-07-25,7.51,0.7,0.62
2018-07-26,1.14,0.66,0.62
2018-07-27,0.26,0.65,0.61
2018-07-28,1.08,0.64,0.6
2018-07-29,3.18,0.65,0.6
2018-07-30,1.5,0.64,0.6
2018-07-31,0.28,0.62,0.59
2018-08-01,0.85,0.62,0.58
2018-08-02,1.92,0.62,0.58
2018-08-03,1.65,0.62,0.57
2018-08-04,1.14,0.61,0.57
2018-08-05,0.09,0.59,0.56
2018-08-06,0.17,0.58,0.56
2018-08-07,0.64,0.58,0.55
2018-08-08,0.83,0.57,0.55
2018-08-09,3.81,0.59,0.54
2018-08-10,1.76,0.58,0.54
2018-08-11,2.1,0.57,0.54
2018-08-12,0.56,0.55,0.54
2018-08-13,0.48,0.55,0.53
2018-08-14,2.86,0.56,0.53
2018-08-15,1.49,0.55,0.53
2018-08-16,0.63,0.53,0.52
2018-08-17,5.32,0.54,0.52
2018-08-18,11.23,0.63,0.54
2018-08-19,8.17,0.61,0.54
2018-08-20,6.1,0.63,0.55
2018-08-21,7.63,0.63,0.56
2018-08-22,20.95,0.69,0.57
2018-08-23,6.67,0.66,0.58
2018-08-24,16.6,0.69,0.58
2018-08-25,30.83,0.79,0.63
2018-08-26,12.82,0.73,0.64
2018-08-27,1.24,0.67,0.63
2018-08-28,2.64,0.67,0.62
2018-08-29,4.63,0.68,0.62
2018-08-30,5.45,0.67,0.61
2018-08-31,5.76,0.68,0.62
2018-09-01,11.2,0.71,0.62
2018-09-02,3.14,0.67,0.62
2018-09-03,3.62,0.67,0.62
2018-09-04,5.84,0.69,0.62
2018-09-05,4.89,0.68,0.62
2018-09-06,4.9,0.68,0.62
2018-09-07,25.9,0.75,0.63
2018-09-08,4.61,0.72,0.66
2018-09-09,2.71,0.7,0.65
2018-09-10,6.03,0.7,0.65
2018-09-11,3.16,0.7,0.65
2018-09-12,13.24,0.73,0.65
2018-09-13,2.95,0.71,0.66
2018-09-14,1.54,0.69,0.65
2018-09-15,2.88,0.69,0.64
2018-09-16,4.5,0.7,0.64
2018-09-17,1.9,0.69,0.64
2018-09-18,2.3,0.69,0.64
2018-09-19,4.76,0.7,0.64
2018-09-20,5.08,0.71,0.65
2018-09-21,4.02,0.7,0.65
2018-09-22,7.65,0.72,0.65
2018-09-23,16.69,0.73,0.65
2018-09-24,34.9,0.81,0.71
2018-09-25,2.84,0.74,0.7
2018-09-26,13.07,0.77,0.7
2018-09-27,1.81,0.74,0.7
2018-09-28,10.86,0.76,0.7
2018-09-29,9.54,0.77,0.71
2018-09-30,6.37,0.75,0.7
2018-10-01,10.32,0.77,0.71
2018-10-02,7.91,0.77,0.72
2018-10-03,3.15,0.75,0.71
2018-10-04,2.61,0.75,0.71
2018-10-05,5.91,0.75,0.71
2018-10-06,10.52,0.77,0.71
2018-10-07,21.71,0.82,0.74
2018-10-08,3.42,0.77,0.74
2018-10-09,3.49,0.77,0.74
2018-10-10,3.71,0.77,0.73
2018-10-11,4.32,0.77,0.73
2018-10-12,5.24,0.77,0.73
2018-10-13,5.67,0.77,0.73
2018-10-14,5.24,0.76,0.73
2018-10-15,7.75,0.78,0.73
2018-10-16,6.33,0.77,0.73
2018-10-17,1.79,0.76,0.73
2018-10-18,1.96,0.75,0.73
2018-10-19,1.06,0.75,0.72
2018-10-20,0.6,0.74,0.71
2018-10-21,1.26,0.73,0.7
2018-10-22,5.17,0.75,0.7
2018-10-23,4.17,0.75,0.71
2018-10-24,2.62,0.74,0.7
2018-10-25,1.06,0.74,0.7
2018-10-26,1.43,0.73,0.7
2018-10-27,2.59,0.73,0.69
2018-10-28,3.18,0.73,0.69
2018-10-29,3.24,0.74,0.69
2018-10-30,2.22,0.73,0.7
2018-10-31,1.83,0.72,0.69
2018-11-01,1.88,0.72,0.68
2018-11-02,4.82,0.72,0.68
2018-11-03,2.5,0.72,0.68
2018-11-04,2.86,0.72,0.68
2018-11-05,6.48,0.74,0.68
2018-11-06,1.41,0.71,0.67
2018-11-07,1.0,0.71,0.67
2018-11-08,1.39,0.71,0.67
2018-11-09,1.39,0.7,0.66
2018-11-10,0.67,0.7,0.66
2018-11-11,0.28,0.69,0.65
2018-11-12,0.42,0.68,0.65
2018-11-13,0.3,0.68,0.64
2018-11-14,0.68,0.67,0.63
2018-11-15,3.14,0.69,0.63
2018-11-16,0.91,0.68,0.63
2018-11-17,6.9,0.7,0.63
2018-11-18,2.82,0.69,0.64
2018-11-19,5.81,0.69,0.64
2018-11-20,2.75,0.69,0.64
2018-11-21,0.04,0.67,0.63
2018-11-22,0.04,0.66,0.62
2018-11-23,0.11,0.65,0.61
2018-11-24,0.21,0.64,0.61
2018-11-25,0.05,0.64,0.6
2018-11-26,0.35,0.63,0.6
2018-11-27,0.34,0.62,0.59
2018-11-28,2.73,0.63,0.58
2018-11-29,0.16,0.61,0.58
2018-11-30,1.34,0.61,0.58
2018-12-01,5.23,0.64,0.58
2018-12-02,0.0,0.61,0.58
2018-12-03,0.0,0.6,0.57
2018-12-04,0.0,0.59,0.56
2018-12-05,0.0,0.58,0.56
2018-12-06,0.0,0.57,0.55
2018-12-07,0.0,0.55,0.54
2018-12-08,0.0,0.55,0.54
2018-12-09,0.0,0.54,0.54
2018-12-10,0.0,0.53,0.53
2018-12-11,0.0,0.53,0.53
2018-12-12,0.0,0.52,0.52
2018-12-13,0.0,0.51,0.52
2018-12-14,0.0,0.5,0.51
2018-12-15,0.0,0.49,0.51
2018-12-16,0.0,0.49,0.5
2018-12-17,0.09,0.48,0.5
2018-12-18,0.01,0.47,0.49
2018-12-19,1.57,0.49,0.49
2018-12-20,0.0,0.47,0.49
2018-12-21,0.0,0.46,0.49
2018-12-22,0.0,0.46,0.48
2018-12-23,0.0,0.46,0.48
2018-12-24,0.0,0.45,0.48
2018-12-25,0.0,0.45,0.48
2018-12-26,0.0,0.44,0.47
2018-12-27,0.0,0.44,0.47
2018-12-28,0.0,0.44,0.47
2018-12-29,0.0,0.43,0.47
2018-12-30,0.0,0.43,0.46
2018-12-31,0.0,0.43,0.46
2019-01-01,0.0,0.42,0.46
2019-01-02,0.0,0.42,0.46
2019-01-03,0.0,0.42,0.45
2019-01-04,0.0,0.41,0.45
2019-01-05,0.0,0.41,0.45
2019-01-06,0.0,0.41,0.45
2019-01-07,0.0,0.41,0.44
2019-01-08,0.0,0.4,0.44
2019-01-09,0.0,0.4,0.44
2019-01-10,0.0,0.4,0.44
2019-01-11,0.0,0.41,0.44
2019-01-12,0.0,0.4,0.44
2019-01-13,0.0,0.39,0.43
2019-01-14,0.0,0.39,0.43
2019-01-15,0.0,0.39,0.43
2019-01-16,0.05,0.39,0.43
2019-01-17,0.5,0.39,0.43
2019-01-18,1.79,0.42,0.43
2019-01-19,0.89,0.41,0.43
2019-01-20,0.3,0.4,0.43
2019-01-21,0.0,0.38,0.42
2019-01-22,0.01,0.38,0.42
2019-01-23,0.01,0.37,0.42
2019-01-24,0.0,0.38,0.42
2019-01-25,0.03,0.38,0.42
2019-01-26,0.0,0.36,0.41
2019-01-27,0.0,0.35,0.41
2019-01-28,0.01,0.35,0.41
2019-01-29,0.01,0.34,0.41
2019-01-30,0.04,0.34,0.41
2019-01-31,2.09,0.36,0.41
2019-02-01,3.48,0.41,0.41
2019-02-02,1.14,0.42,0.42
2019-02-03,1.84,0.41,0.42
2019-02-04,3.37,0.42,0.42
2019-02-05,1.23,0.43,0.42
2019-02-06,0.2,0.4,0.42
2019-02-07,0.03,0.37,0.42
2019-02-08,0.04,0.36,0.41
2019-02-09,0.06,0.36,0.41
2019-02-10,0.0,0.34,0.41
2019-02-11,0.0,0.33,0.4
2019-02-12,0.0,0.31,0.4
2019-02-13,0.0,0.3,0.4
2019-02-14,0.0,0.3,0.4
2019-02-15,0.01,0.3,0.4
2019-02-16,0.0,0.28,0.4
2019-02-17,0.05,0.27,0.4
2019-02-18,0.77,0.27,0.4
2019-02-19,3.73,0.36,0.4
2019-02-20,0.08,0.38,0.41
2019-02-21,0.01,0.35,0.4
2019-02-22,0.02,0.34,0.4
2019-02-23,0.02,0.32,0.4
2019-02-24,0.02,0.31,0.4
2019-02-25,1.61,0.32,0.4
2019-02-26,0.21,0.32,0.4
2019-02-27,0.09,0.3,0.4
2019-02-28,0.01,0.27,0.4
2019-03-01,0.1,0.26,0.4
2019-03-02,0.0,0.25,0.4
2019-03-03,0.0,0.24,0.39
2019-03-04,0.06,0.23,0.39
2019-03-05,1.62,0.26,0.4
2019-03-06,2.2,0.28,0.4
2019-03-07,1.4,0.38,0.4
2019-03-08,0.87,0.36,0.4
2019-03-09,6.91,0.4,0.4
2019-03-10,1.71,0.44,0.41
2019-03-11,0.71,0.39,0.41
2019-03-12,0.06,0.36,0.41
2019-03-13,0.13,0.34,0.4
2019-03-14,0.15,0.33,0.4
2019-03-15,0.76,0.34,0.4
2019-03-16,0.64,0.33,0.4
2019-03-17,2.82,0.39,0.4
2019-03-18,0.74,0.37,0.4
2019-03-19,13.28,0.39,0.4
2019-03-20,26.64,0.62,0.48
2019-03-21,0.96,0.46,0.47
2019-03-22,10.55,0.54,0.48
2019-03-23,0.06,0.45,0.47
2019-03-24,3.43,0.46,0.46
2019-03-25,9.95,0.52,0.47
2019-03-26,1.12,0.46,0.47
2019-03-27,10.66,0.52,0.47
2019-03-28,2.2,0.48,0.48
2019-03-29,3.87,0.5,0.48
2019-03-30,18.37,0.59,0.49
2019-03-31,1.59,0.52,0.5
2019-04-01,2.54,0.51,0.5
2019-04-02,2.54,0.5,0.49
2019-04-03,2.48,0.5,0.49
2019-04-04,4.63,0.51,0.49
2019-04-05,3.81,0.52,0.49
2019-04-06,0.43,0.48,0.49
2019-04-07,3.37,0.49,0.49
2019-04-08,22.06,0.65,0.52
2019-04-09,0.14,0.53,0.52
2019-04-10,5.04,0.54,0.51
2019-04-11,14.15,0.62,0.52
2019-04-12,0.25,0.55,0.53
2019-04-13,4.48,0.55,0.52
2019-04-14,5.06,0.56,0.52
2019-04-15,1.41,0.54,0.52
2019-04-16,6.36,0.55,0.51
2019-04-17,1.95,0.54,0.52
2019-04-18,7.7,0.54,0.51
2019-04-19,3.73,0.57,0.52
2019-04-20,3.02,0.53,0.51
2019-04-21,0.51,0.52,0.51
2019-04-22,37.94,0.7,0.55
2019-04-23,22.21,0.71,0.58
2019-04-24,0.42,0.63,0.59
2019-04-25,0.79,0.6,0.57
2019-04-26,1.07,0.6,0.56
2019-04-27,0.42,0.58,0.55
2019-04-28,1.88,0.58,0.54
2019-04-29,9.19,0.62,0.54
2019-04-30,5.23,0.61,0.55
2019-05-01,5.88,0.61,0.55
2019-05-02,5.76,0.64,0.56
2019-05-03,1.37,0.59,0.55
2019-05-04,5.91,0.62,0.55
2019-05-05,0.05,0.58,0.55
2019-05-06,1.66,0.57,0.54
2019-05-07,3.68,0.58,0.54
2019-05-08,2.47,0.58,0.54
2019-05-09,2.26,0.56,0.53
2019-05-10,2.15,0.57,0.53
2019-05-11,3.92,0.56,0.53
2019-05-12,2.46,0.56,0.53
2019-05-13,5.07,0.58,0.53
2019-05-14,4.38,0.58,0.53
2019-05-15,4.26,0.59,0.53
2019-05-16,3.09,0.57,0.53
2019-05-17,3.28,0.56,0.53
2019-05-18,9.7,0.63,0.54
2019-05-19,1.08,0.57,0.54
2019-05-20,2.65,0.56,0.53
2019-05-21,2.65,0.57,0.53
2019-05-22,7.8,0.6,0.53
2019-05-23,6.05,0.61,0.54
2019-05-24,2.42,0.6,0.54
2019-05-25,1.49,0.56,0.54
2019-05-26,0.71,0.54,0.53
2019-05-27,1.17,0.53,0.52
2019-05-28,0.43,0.51,0.51
2019-05-29,1.57,0.51,0.51
2019-05-30,2.62,0.51,0.51
2019-05-31,6.62,0.56,0.51
2019-06-01,7.69,0.59,0.52
2019-06-02,2.0,0.55,0.52
2019-06-03,2.29,0.54,0.52
2019-06-04,8.76,0.59,0.52
2019-06-05,0.95,0.55,0.52
2019-06-06,2.99,0.54,0.52
2019-06-07,11.96,0.61,0.53
2019-06-08,2.73,0.59,0.54
2019-06-09,2.03,0.56,0.53
2019-06-10,24.16,0.66,0.54
2019-06-11,7.36,0.66,0.57
2019-06-12,1.39,0.6,0.56
2019-06-13,1.59,0.59,0.55
2019-06-14,7.53,0.62,0.55
2019-06-15,1.78,0.6,0.55
2019-06-16,1.54,0.58,0.54
2019-06-17,1.36,0.57,0.54
2019-06-18,0.86,0.55,0.53
2019-06-19,1.04,0.54,0.52
2019-06-20,7.0,0.57,0.52
2019-06-21,7.64,0.6,0.53
2019-06-22,19.09,0.67,0.55
2019-06-23,7.94,0.66,0.57
2019-06-24,7.43,0.64,0.57
2019-06-25,2.04,0.63,0.57
2019-06-26,2.31,0.6,0.56
2019-06-27,3.5,0.6,0.55
2019-06-28,4.58,0.61,0.55
2019-06-29,3.66,0.61,0.55
2019-06-30,7.26,0.64,0.56
2019-07-01,9.05,0.66,0.57
2019-07-02,4.98,0.64,0.57
2019-07-03,6.54,0.65,0.57
2019-07-04,7.09,0.65,0.57
2019-07-05,11.59,0.69,0.59
2019-07-06,1.23,0.63,0.59
2019-07-07,1.68,0.62,0.58
2019-07-08,4.06,0.62,0.57
2019-07-09,1.73,0.62,0.57
2019-07-10,1.18,0.61,0.57
2019-07-11,0.42,0.59,0.56
2019-07-12,3.69,0.6,0.55
2019-07-13,1.08,0.59,0.55
2019-07-14,0.27,0.57,0.55
2019-07-15,1.29,0.57,0.54
2019-07-16,7.18,0.6,0.54
2019-07-17,8.34,0.64,0.55
2019-07-18,6.17,0.61,0.55
2019-07-19,12.49,0.68,0.57
2019-07-20,4.99,0.63,0.57
2019-07-21,8.06,0.66,0.58
2019-07-22,3.15,0.62,0.57
2019-07-23,1.93,0.61,0.57
2019-07-24,0.92,0.59,0.56
2019-07-25,2.92,0.59,0.55
2019-07-26,5.09,0.61,0.55
2019-07-27,4.25,0.61,0.56
2019-07-28,4.18,0.61,0.56
2019-07-29,5.25,0.62,0.56
2019-07-30,4.08,0.62,0.56
2019-07-31,3.61,0.61,0.56
2019-08-01,1.73,0.58,0.55
2019-08-02,7.95,0.62,0.56
2019-08-03,1.44,0.6,0.56
2019-08-04,1.46,0.58,0.55
2019-08-05,2.13,0.58,0.55
2019-08-06,3.19,0.57,0.54
2019-08-07,0.77,0.56,0.54
2019-08-08,5.06,0.57,0.54
2019-08-09,2.16,0.57,0.54
2019-08-10,0.36,0.54,0.53
2019-08-11,0.37,0.52,0.53
2019-08-12,0.39,0.51,0.52
2019-08-13,1.04,0.51,0.51
2019-08-14,3.7,0.52,0.51
2019-08-15,1.18,0.51,0.51
2019-08-16,2.73,0.51,0.51
2019-08-17,8.35,0.56,0.51
2019-08-18,2.19,0.54,0.52
2019-08-19,8.01,0.56,0.52
2019-08-20,7.44,0.59,0.53
2019-08-21,3.13,0.55,0.53
2019-08-22,1.54,0.54,0.53
2019-08-23,6.31,0.56,0.52
2019-08-24,13.33,0.63,0.54
2019-08-25,0.9,0.56,0.54
2019-08-26,3.67,0.56,0.53
2019-08-27,5.34,0.57,0.53
2019-08-28,11.21,0.62,0.54
2019-08-29,2.94,0.6,0.55
2019-08-30,2.53,0.56,0.54
2019-08-31,8.99,0.61,0.54
2019-09-01,11.55,0.65,0.56
2019-09-02,16.46,0.68,0.57
2019-09-03,11.93,0.68,0.59
2019-09-04,3.35,0.63,0.58
2019-09-05,4.51,0.64,0.58
2019-09-06,2.27,0.63,0.58
2019-09-07,8.87,0.65,0.57
2019-09-08,62.84,0.86,0.65
2019-09-09,6.99,0.73,0.68
2019-09-10,4.83,0.71,0.66
2019-09-11,7.22,0.72,0.65
2019-09-12,2.03,0.69,0.65
2019-09-13,3.38,0.69,0.64
2019-09-14,2.94,0.69,0.64
2019-09-15,2.68,0.68,0.63
2019-09-16,1.55,0.67,0.63
2019-09-17,3.0,0.66,0.62
2019-09-18,10.23,0.71,0.63
2019-09-19,9.79,0.71,0.63
2019-09-20,19.24,0.77,0.66
2019-09-21,12.59,0.75,0.67
2019-09-22,5.46,0.74,0.68
2019-09-23,8.45,0.74,0.68
2019-09-24,4.11,0.72,0.67
2019-09-25,6.16,0.73,0.67
2019-09-26,6.01,0.73,0.67
2019-09-27,13.76,0.75,0.68
2019-09-28,5.51,0.75,0.69
2019-09-29,1.01,0.72,0.68
2019-09-30,1.75,0.72,0.68
2019-10-01,13.74,0.75,0.67
2019-10-02,12.13,0.77,0.7
2019-10-03,9.88,0.77,0.71
2019-10-04,4.59,0.74,0.7
2019-10-05,10.34,0.77,0.71
2019-10-06,9.47,0.77,0.71
2019-10-07,8.01,0.76,0.71
2019-10-08,7.73,0.77,0.72
2019-10-09,12.14,0.79,0.73
2019-10-10,3.88,0.76,0.73
2019-10-11,18.2,0.8,0.73
2019-10-12,53.9,0.89,0.79
2019-10-13,5.89,0.82,0.8
2019-10-14,0.94,0.79,0.79
2019-10-15,0.96,0.79,0.78
2019-10-16,2.82,0.79,0.77
2019-10-17,2.3,0.79,0.77
2019-10-18,7.43,0.8,0.77
2019-10-19,5.29,0.8,0.77
2019-10-20,13.86,0.82,0.78
2019-10-21,8.33,0.81,0.79
2019-10-22,6.03,0.81,0.79
2019-10-23,7.51,0.82,0.79
2019-10-24,7.49,0.82,0.8
2019-10-25,3.93,0.81,0.79
2019-10-26,1.53,0.8,0.79
2019-10-27,10.83,0.82,0.79
2019-10-28,7.02,0.82,0.8
2019-10-29,3.13,0.81,0.8
2019-10-30,6.42,0.81,0.79
2019-10-31,59.32,0.88,0.84
2019-11-01,1.65,0.82,0.83
2019-11-02,2.69,0.82,0.82
2019-11-03,4.81,0.82,0.82
2019-11-04,1.66,0.81,0.81
2019-11-05,0.57,0.81,0.8
2019-11-06,0.44,0.8,0.8
2019-11-07,0.91,0.8,0.79
2019-11-08,0.51,0.79,0.79
2019-11-09,0.06,0.79,0.78
2019-11-10,0.7,0.79,0.77
2019-11-11,1.08,0.78,0.77
2019-11-12,3.57,0.79,0.77
2019-11-13,3.23,0.79,0.77
2019-11-14,5.09,0.79,0.77
2019-11-15,0.98,0.78,0.76
2019-11-16,0.57,0.78,0.76
2019-11-17,0.25,0.77,0.75
2019-11-18,0.08,0.77,0.75
2019-11-19,0.8,0.76,0.74
2019-11-20,0.78,0.76,0.74
2019-11-21,0.42,0.76,0.73
2019-11-22,1.28,0.76,0.73
2019-11-23,0.34,0.75,0.73
2019-11-24,1.73,0.75,0.72
2019-11-25,0.6,0.75,0.72
2019-11-26,0.6,0.74,0.71
2019-11-27,2.0,0.74,0.71
2019-11-28,2.33,0.74,0.71
2019-11-29,0.31,0.72,0.7
2019-11-30,0.34,0.72,0.69
2019-12-01,1.06,0.73,0.69
2019-12-02,0.12,0.72,0.68
2019-12-03,0.16,0.71,0.68
2019-12-04,0.06,0.7,0.67
2019-12-05,0.33,0.7,0.67
2019-12-06,0.31,0.69,0.66
2019-12-07,0.81,0.69,0.66
2019-12-08,1.77,0.7,0.65
2019-12-09,0.31,0.69,0.65
2019-12-10,0.29,0.68,0.65
2019-12-11,0.05,0.67,0.64
2019-12-12,0.15,0.67,0.64
2019-12-13,1.02,0.66,0.63
2019-12-14,0.3,0.66,0.62
2019-12-15,0.17,0.65,0.62
2019-12-16,0.07,0.65,0.61
2019-12-17,0.0,0.64,0.61
2019-12-18,0.0,0.63,0.6
2019-12-19,0.0,0.62,0.6
2019-12-20,0.0,0.62,0.59
2019-12-21,0.01,0.61,0.59
2019-12-22,0.02,0.61,0.58
2019-12-23,0.0,0.6,0.58
2019-12-24,0.0,0.59,0.57
2019-12-25,0.0,0.58,0.56
2019-12-26,0.0,0.57,0.56
2019-12-27,0.01,0.56,0.55
2019-12-28,0.01,0.56,0.55
2019-12-29,0.0,0.55,0.54
2019-12-30,0.01,0.54,0.54
2019-12-31,0.0,0.54,0.53
2020-01-01,0.0,0.53,0.53
2020-01-02,0.0,0.52,0.52
2020-01-03,0.0,0.51,0.52
2020-01-04,0.0,0.51,0.52
2020-01-05,0.0,0.5,0.51
2020-01-06,0.0,0.5,0.51
2020-01-07,0.0,0.49,0.51
2020-01-08,0.0,0.49,0.5
2020-01-09,0.0,0.49,0.5
2020-01-10,0.0,0.49,0.5
2020-01-11,0.1,0.49,0.5
2020-01-12,0.01,0.48,0.49
2020-01-13,0.0,0.47,0.49
2020-01-14,0.0,0.46,0.49
2020-01-15,0.0,0.45,0.48
2020-01-16,0.0,0.45,0.48
2020-01-17,0.0,0.44,0.48
2020-01-18,0.0,0.44,0.47
2020-01-19,0.0,0.44,0.47
2020-01-20,0.14,0.44,0.47
2020-01-21,0.07,0.44,0.47
2020-01-22,0.03,0.44,0.46
2020-01-23,0.0,0.43,0.46
2020-01-24,0.0,0.42,0.46
2020-01-25,0.0,0.42,0.46
2020-01-26,0.0,0.41,0.45
2020-01-27,0.0,0.41,0.45
2020-01-28,0.0,0.41,0.45
2020-01-29,0.0,0.41,0.45
2020-01-30,0.0,0.41,0.45
2020-01-31,0.0,0.4,0.44
2020-02-01,0.0,0.4,0.44
2020-02-02,0.0,0.39,0.44
2020-02-03,0.0,0.4,0.44
2020-02-04,0.0,0.4,0.43
2020-02-05,0.0,0.39,0.43
2020-02-06,0.0,0.39,0.43
2020-02-07,0.0,0.39,0.43
2020-02-08,0.0,0.38,0.43
2020-02-09,0.0,0.38,0.42
2020-02-10,0.22,0.38,0.42
2020-02-11,0.01,0.38,0.42
2020-02-12,0.0,0.37,0.42
2020-02-13,0.0,0.37,0.42
2020-02-14,0.0,0.37,0.42
2020-02-15,0.0,0.37,0.41
2020-02-16,0.0,0.36,0.41
2020-02-17,1.76,0.37,0.41
2020-02-18,7.58,0.43,0.42
2020-02-19,5.04,0.43,0.43
2020-02-20,0.03,0.39,0.43
2020-02-21,0.19,0.38,0.42
2020-02-22,0.06,0.37,0.42
2020-02-23,0.05,0.36,0.42
2020-02-24,0.01,0.35,0.41
2020-02-25,0.43,0.35,0.41
2020-02-26,0.02,0.34,0.41
2020-02-27,1.29,0.35,0.41
2020-02-28,4.31,0.42,0.41
2020-02-29,3.24,0.42,0.42
2020-03-01,1.83,0.4,0.42
2020-03-02,1.03,0.4,0.42
2020-03-03,2.85,0.43,0.42
2020-03-04,1.68,0.42,0.42
2020-03-05,2.33,0.43,0.42
2020-03-06,1.59,0.41,0.42
2020-03-07,1.41,0.4,0.42
2020-03-08,1.47,0.4,0.42
2020-03-09,11.13,0.45,0.42
2020-03-10,12.22,0.54,0.46
2020-03-11,0.65,0.43,0.45
2020-03-12,0.33,0.41,0.45
2020-03-13,0.48,0.4,0.44
2020-03-14,13.94,0.48,0.44
2020-03-15,10.9,0.56,0.48
2020-03-16,0.09,0.45,0.47
2020-03-17,1.72,0.46,0.47
2020-03-18,2.34,0.46,0.46
2020-03-19,2.46,0.46,0.46
2020-03-20,2.15,0.45,0.46
2020-03-21,2.48,0.46,0.46
2020-03-22,9.32,0.51,0.46
2020-03-23,7.72,0.54,0.48
2020-03-24,21.77,0.61,0.5
2020-03-25,3.69,0.58,0.52
2020-03-26,2.68,0.52,0.51
2020-03-27,4.81,0.54,0.51
2020-03-28,0.89,0.49,0.5
2020-03-29,2.28,0.5,0.49
2020-03-30,0.57,0.49,0.49
2020-03-31,1.16,0.48,0.49
2020-04-01,4.07,0.51,0.49
2020-04-02,1.68,0.49,0.49
2020-04-03,1.39,0.48,0.49
2020-04-04,3.94,0.49,0.49
2020-04-05,3.34,0.49,0.49
2020-04-06,8.51,0.52,0.49
2020-04-07,6.4,0.56,0.5
2020-04-08,15.25,0.59,0.51
2020-04-09,5.24,0.6,0.53
2020-04-10,7.47,0.6,0.53
2020-04-11,4.89,0.58,0.53
2020-04-12,1.85,0.55,0.53
2020-04-13,1.5,0.52,0.52
2020-04-14,3.6,0.53,0.51
2020-04-15,1.55,0.51,0.51
2020-04-16,0.57,0.49,0.5
2020-04-17,0.91,0.48,0.5
2020-04-18,1.06,0.49,0.49
2020-04-19,1.8,0.49,0.49
2020-04-20,2.33,0.5,0.49
2020-04-21,0.28,0.48,0.49
2020-04-22,2.05,0.48,0.49
2020-04-23,3.09,0.5,0.49
2020-04-24,2.03,0.5,0.49
2020-04-25,2.43,0.5,0.49
2020-04-26,19.28,0.61,0.51
2020-04-27,2.15,0.55,0.52
2020-04-28,1.52,0.52,0.51
2020-04-29,3.05,0.51,0.5
2020-04-30,6.75,0.54,0.51
2020-05-01,2.72,0.55,0.51
2020-05-02,3.12,0.51,0.51
2020-05-03,6.19,0.56,0.51
2020-05-04,4.68,0.56,0.51
2020-05-05,2.64,0.52,0.51
2020-05-06,7.95,0.55,0.51
2020-05-07,9.89,0.61,0.52
2020-05-08,9.93,0.57,0.52
2020-05-09,16.95,0.68,0.55
2020-05-10,9.51,0.63,0.55
2020-05-11,12.19,0.68,0.57
2020-05-12,0.1,0.6,0.56
2020-05-13,0.19,0.57,0.55
2020-05-14,1.47,0.56,0.54
2020-05-15,4.1,0.58,0.54
2020-05-16,10.73,0.64,0.55
2020-05-17,41.97,0.75,0.58
2020-05-18,4.83,0.69,0.61
2020-05-19,2.54,0.66,0.6
2020-05-20,6.33,0.66,0.6
2020-05-21,1.96,0.64,0.59
2020-05-22,1.97,0.63,0.58
2020-05-23,2.22,0.62,0.57
2020-05-24,2.96,0.61,0.57
2020-05-25,33.76,0.72,0.58
2020-05-26,4.43,0.69,0.62
2020-05-27,5.41,0.67,0.61
2020-05-28,3.57,0.66,0.6
2020-05-29,5.18,0.66,0.6
2020-05-30,3.99,0.66,0.6
2020-05-31,2.53,0.64,0.59
2020-06-01,8.15,0.67,0.59
2020-06-02,10.26,0.7,0.61
2020-06-03,5.86,0.68,0.61
2020-06-04,3.83,0.67,0.61
2020-06-05,17.5,0.73,0.63
2020-06-06,14.49,0.72,0.63
2020-06-07,16.81,0.76,0.66
2020-06-08,1.9,0.7,0.65
2020-06-09,18.73,0.75,0.66
2020-06-10,17.27,0.76,0.67
2020-06-11,2.97,0.73,0.68
2020-06-12,6.04,0.73,0.67
2020-06-13,8.35,0.74,0.67
2020-06-14,15.98,0.77,0.68
2020-06-15,3.31,0.73,0.69
2020-06-16,3.79,0.73,0.68
2020-06-17,12.43,0.76,0.69
2020-06-18,11.79,0.76,0.7
2020-06-19,8.28,0.76,0.7
2020-06-20,2.29,0.74,0.7
2020-06-21,1.3,0.73,0.69
2020-06-22,2.32,0.72,0.69
2020-06-23,2.79,0.72,0.68
2020-06-24,5.19,0.73,0.68
2020-06-25,11.72,0.75,0.68
2020-06-26,8.22,0.75,0.7
2020-06-27,12.32,0.77,0.7
2020-06-28,9.14,0.77,0.71
2020-06-29,11.91,0.77,0.71
2020-06-30,5.39,0.76,0.72
2020-07-01,2.67,0.75,0.72
2020-07-02,6.27,0.75,0.71
2020-07-03,10.01,0.77,0.71
2020-07-04,13.06,0.78,0.73
2020-07-05,1.16,0.75,0.73
2020-07-06,0.23,0.74,0.71
2020-07-07,1.13,0.74,0.71
2020-07-08,1.49,0.73,0.7
2020-07-09,5.09,0.74,0.7
2020-07-10,15.96,0.77,0.71
2020-07-11,8.95,0.77,0.72
2020-07-12,12.52,0.79,0.74
2020-07-13,1.3,0.76,0.73
2020-07-14,4.96,0.76,0.73
2020-07-15,0.71,0.75,0.72
2020-07-16,1.39,0.74,0.72
2020-07-17,3.16,0.74,0.71
2020-07-18,1.0,0.74,0.71
2020-07-19,1.2,0.73,0.7
2020-07-20,6.47,0.75,0.7
2020-07-21,8.38,0.76,0.71
2020-07-22,7.38,0.76,0.72
2020-07-23,7.95,0.76,0.72
2020-07-24,8.05,0.76,0.72
2020-07-25,1.42,0.75,0.72
2020-07-26,0.93,0.74,0.71
2020-07-27,1.87,0.73,0.7
2020-07-28,2.75,0.73,0.7
2020-07-29,2.84,0.74,0.7
2020-07-30,2.24,0.72,0.69
2020-07-31,5.14,0.73,0.69
2020-08-01,4.48,0.73,0.69
2020-08-02,0.61,0.72,0.69
2020-08-03,0.03,0.71,0.68
2020-08-04,0.01,0.7,0.67
2020-08-05,0.01,0.69,0.66
2020-08-06,0.03,0.68,0.65
2020-08-07,0.29,0.68,0.65
2020-08-08,0.77,0.68,0.64
2020-08-09,0.01,0.67,0.64
2020-08-10,0.02,0.66,0.63
2020-08-11,0.13,0.65,0.62
2020-08-12,0.03,0.65,0.61
2020-08-13,0.0,0.64,0.61
2020-08-14,11.46,0.67,0.6
2020-08-15,11.97,0.72,0.63
2020-08-16,0.64,0.66,0.63
2020-08-17,0.52,0.65,0.62
2020-08-18,1.62,0.65,0.61
2020-08-19,0.53,0.64,0.6
2020-08-20,1.26,0.63,0.59
2020-08-21,10.31,0.68,0.6
2020-08-22,2.6,0.65,0.6
2020-08-23,0.54,0.64,0.6
2020-08-24,0.22,0.63,0.59
2020-08-25,0.34,0.62,0.59
2020-08-26,1.92,0.62,0.58
2020-08-27,3.95,0.62,0.58
2020-08-28,4.4,0.64,0.58
2020-08-29,2.22,0.62,0.58
2020-08-30,2.17,0.61,0.57
2020-08-31,3.83,0.62,0.57
2020-09-01,2.36,0.61,0.57
2020-09-02,3.69,0.62,0.57
2020-09-03,0.9,0.6,0.57
2020-09-04,1.19,0.58,0.56
2020-09-05,1.08,0.58,0.55
2020-09-06,1.11,0.57,0.55
2020-09-07,0.81,0.56,0.54
2020-09-08,5.57,0.58,0.54
2020-09-09,2.5,0.57,0.54
2020-09-10,5.28,0.6,0.55
2020-09-11,9.19,0.61,0.55
2020-09-12,22.8,0.73,0.59
2020-09-13,5.65,0.66,0.59
2020-09-14,5.57,0.66,0.59
2020-09-15,9.08,0.67,0.59
2020-09-16,13.59,0.69,0.59
2020-09-17,12.64,0.71,0.61
2020-09-18,2.2,0.66,0.61
2020-09-19,5.89,0.68,0.61
2020-09-20,11.64,0.7,0.61
2020-09-21,1.92,0.66,0.61
2020-09-22,8.15,0.67,0.61
2020-09-23,39.3,0.78,0.64
2020-09-24,8.05,0.73,0.66
2020-09-25,4.91,0.71,0.65
2020-09-26,7.92,0.72,0.65
2020-09-27,5.53,0.71,0.65
2020-09-28,8.5,0.73,0.65
2020-09-29,2.3,0.69,0.65
2020-09-30,5.93,0.71,0.65
2020-10-01,10.48,0.73,0.66
2020-10-02,3.39,0.71,0.66
2020-10-03,1.06,0.69,0.65
2020-10-04,20.66,0.74,0.65
2020-10-05,28.5,0.8,0.71
2020-10-06,2.77,0.74,0.7
2020-10-07,2.25,0.73,0.69
2020-10-08,8.08,0.75,0.69
2020-10-09,10.02,0.76,0.69
2020-10-10,8.05,0.75,0.7
2020-10-11,60.3,0.88,0.75
2020-10-12,2.82,0.79,0.76
2020-10-13,4.54,0.78,0.75
2020-10-14,15.92,0.81,0.75
2020-10-15,10.46,0.8,0.76
2020-10-16,7.26,0.79,0.76
2020-10-17,5.66,0.79,0.76
2020-10-18,3.27,0.78,0.75
2020-10-19,3.37,0.78,0.75
2020-10-20,4.71,0.78,0.75
2020-10-21,1.91,0.77,0.75
2020-10-22,1.55,0.76,0.74
2020-10-23,2.83,0.76,0.73
2020-10-24,0.54,0.75,0.72
2020-10-25,2.64,0.75,0.72
2020-10-26,0.94,0.74,0.72
2020-10-27,3.68,0.75,0.71
2020-10-28,4.66,0.75,0.71
2020-10-29,2.87,0.74,0.71
2020-10-30,1.71,0.74,0.71
2020-10-31,3.71,0.74,0.7
2020-11-01,1.26,0.73,0.7
2020-11-02,1.29,0.72,0.69
2020-11-03,0.64,0.71,0.68
2020-11-04,0.96,0.71,0.68
2020-11-05,2.52,0.72,0.68
2020-11-06,1.24,0.71,0.68
2020-11-07,0.38,0.7,0.67
2020-11-08,1.36,0.71,0.66
2020-11-09,7.89,0.73,0.67
2020-11-10,2.05,0.71,0.67
2020-11-11,2.23,0.71,0.67
2020-11-12,1.27,0.7,0.66
2020-11-13,0.17,0.69,0.66
2020-11-14,0.25,0.68,0.65
2020-11-15,0.39,0.68,0.64
2020-11-16,0.52,0.67,0.64
2020-11-17,0.79,0.67,0.63
2020-11-18,0.69,0.67,0.63
2020-11-19,0.43,0.66,0.62
2020-11-20,0.11,0.65,0.62
2020-11-21,3.73,0.66,0.61
2020-11-22,1.97,0.67,0.61
2020-11-23,0.29,0.64,0.61
2020-11-24,0.82,0.64,0.6
2020-11-25,0.74,0.63,0.6
2020-11-26,0.5,0.63,0.59
2020-11-27,1.04,0.62,0.59
2020-11-28,1.14,0.62,0.59
2020-11-29,1.08,0.62,0.58
2020-11-30,0.86,0.61,0.58
2020-12-01,0.23,0.6,0.57
2020-12-02,0.8,0.6,0.57
2020-12-03,0.55,0.59,0.56
2020-12-04,0.26,0.57,0.56
2020-12-05,0.47,0.57,0.55
2020-12-06,0.41,0.56,0.55
2020-12-07,2.9,0.57,0.54
2020-12-08,6.35,0.61,0.55
2020-12-09,1.93,0.58,0.55
2020-12-10,1.36,0.57,0.55
2020-12-11,1.61,0.57,0.54
2020-12-12,1.86,0.56,0.54
2020-12-13,2.1,0.55,0.54
2020-12-14,9.75,0.62,0.55
2020-12-15,6.67,0.62,0.55
2020-12-16,11.55,0.63,0.56
2020-12-17,16.75,0.71,0.58
2020-12-18,5.29,0.65,0.59
2020-12-19,1.74,0.62,0.58
2020-12-20,1.01,0.6,0.57
2020-12-21,1.35,0.59,0.57
2020-12-22,0.24,0.57,0.56
2020-12-23,0.48,0.57,0.55
2020-12-24,0.52,0.56,0.54
2020-12-25,0.05,0.55,0.54
2020-12-26,0.02,0.54,0.54
2020-12-27,0.0,0.53,0.53
2020-12-28,0.0,0.52,0.52
2020-12-29,0.0,0.51,0.52
2020-12-30,0.0,0.51,0.51
2020-12-31,0.0,0.5,0.51
2021-01-01,0.77,0.5,0.51
2021-01-02,2.46,0.51,0.51
2021-01-03,7.1,0.56,0.51
2021-01-04,10.67,0.6,0.53
2021-01-05,3.76,0.57,0.53
2021-01-06,0.38,0.53,0.52
2021-01-07,0.15,0.51,0.52
2021-01-08,0.36,0.5,0.51
2021-01-09,0.27,0.49,0.5
2021-01-10,0.2,0.48,0.5
2021-01-11,1.31,0.48,0.5
2021-01-12,1.93,0.5,0.5
2021-01-13,0.17,0.48,0.49
2021-01-14,0.19,0.47,0.49
2021-01-15,0.11,0.46,0.48
2021-01-16,0.03,0.45,0.48
2021-01-17,0.08,0.45,0.48
2021-01-18,0.15,0.45,0.48
2021-01-19,0.3,0.44,0.47
2021-01-20,0.04,0.43,0.47
2021-01-21,0.0,0.43,0.47
2021-01-22,0.0,0.43,0.46
2021-01-23,0.0,0.42,0.46
2021-01-24,0.0,0.42,0.46
2021-01-25,0.0,0.42,0.46
2021-01-26,0.01,0.42,0.46
2021-01-27,0.01,0.41,0.45
2021-01-28,0.02,0.41,0.45
2021-01-29,0.22,0.41,0.45
2021-01-30,0.13,0.41,0.45
2021-01-31,0.02,0.41,0.44
2021-02-01,0.0,0.4,0.44
2021-02-02,0.0,0.4,0.44
2021-02-03,0.0,0.4,0.44
2021-02-04,0.0,0.4,0.44
2021-02-05,0.32,0.4,0.43
2021-02-06,0.21,0.4,0.43
2021-02-07,0.07,0.39,0.43
2021-02-08,0.05,0.39,0.43
2021-02-09,0.06,0.38,0.43
2021-02-10,0.7,0.39,0.42
2021-02-11,0.38,0.38,0.42
2021-02-12,2.21,0.41,0.42
2021-02-13,1.3,0.4,0.42
2021-02-14,11.03,0.47,0.43
2021-02-15,8.9,0.53,0.45
2021-02-16,7.97,0.53,0.46
2021-02-17,10.17,0.54,0.47
2021-02-18,2.47,0.51,0.48
2021-02-19,0.01,0.44,0.47
2021-02-20,0.01,0.42,0.46
2021-02-21,0.0,0.41,0.46
2021-02-22,0.0,0.41,0.45
2021-02-23,0.01,0.41,0.45
2021-02-24,0.03,0.4,0.44
2021-02-25,0.21,0.4,0.44
2021-02-26,0.13,0.4,0.44
2021-02-27,0.38,0.4,0.44
2021-02-28,0.91,0.41,0.44
2021-03-01,0.1,0.4,0.43
2021-03-02,0.07,0.38,0.43
2021-03-03,0.26,0.38,0.43
2021-03-04,1.1,0.39,0.43
2021-03-05,2.09,0.41,0.43
2021-03-06,4.38,0.45,0.43
2021-03-07,5.31,0.48,0.44
2021-03-08,1.15,0.44,0.44
2021-03-09,4.98,0.47,0.45
2021-03-10,11.04,0.5,0.45
2021-03-11,21.29,0.57,0.47
2021-03-12,10.24,0.61,0.52
2021-03-13,5.17,0.54,0.51
2021-03-14,2.78,0.54,0.51
2021-03-15,0.48,0.49,0.5
2021-03-16,0.83,0.48,0.49
2021-03-17,21.33,0.62,0.51
2021-03-18,7.71,0.61,0.53
2021-03-19,1.33,0.54,0.52
2021-03-20,4.22,0.54,0.52
2021-03-21,8.49,0.58,0.52
2021-03-22,18.54,0.64,0.53
2021-03-23,8.6,0.64,0.55
2021-03-24,1.07,0.57,0.55
2021-03-25,0.6,0.55,0.54
2021-03-26,0.6,0.54,0.53
2021-03-27,3.44,0.55,0.52
2021-03-28,1.05,0.54,0.52
2021-03-29,0.37,0.52,0.52
2021-03-30,0.28,0.5,0.51
2021-03-31,0.37,0.49,0.5
2021-04-01,0.14,0.48,0.5
2021-04-02,0.19,0.47,0.49
2021-04-03,0.15,0.46,0.49
2021-04-04,1.25,0.47,0.49
2021-04-05,1.85,0.49,0.49
2021-04-06,2.41,0.5,0.49
2021-04-07,3.84,0.51,0.49
2021-04-08,4.17,0.53,0.5
2021-04-09,8.33,0.56,0.5
2021-04-10,3.62,0.55,0.51
2021-04-11,1.3,0.51,0.51
2021-04-12,1.6,0.51,0.5
2021-04-13,2.61,0.5,0.5
2021-04-14,5.13,0.54,0.5
2021-04-15,0.77,0.51,0.5
2021-04-16,2.9,0.51,0.5
2021-04-17,3.13,0.52,0.5
2021-04-18,7.02,0.52,0.5
2021-04-19,9.81,0.6,0.52
2021-04-20,0.32,0.51,0.51
2021-04-21,2.78,0.52,0.51
2021-04-22,0.96,0.51,0.5
2021-04-23,1.72,0.51,0.5
2021-04-24,14.17,0.58,0.51
2021-04-25,2.52,0.56,0.52
2021-04-26,1.67,0.52,0.51
2021-04-27,5.15,0.53,0.51
2021-04-28,4.15,0.55,0.51
2021-04-29,0.28,0.51,0.51
2021-04-30,0.6,0.49,0.5
2021-05-01,0.81,0.48,0.49
2021-05-02,4.58,0.5,0.49
2021-05-03,2.21,0.52,0.5
2021-05-04,1.6,0.49,0.5
2021-05-05,1.44,0.48,0.49
2021-05-06,1.82,0.49,0.49
2021-05-07,0.34,0.47,0.49
2021-05-08,3.13,0.48,0.48
2021-05-09,2.73,0.5,0.49
2021-05-10,2.91,0.48,0.48
2021-05-11,3.31,0.49,0.48
2021-05-12,4.65,0.5,0.48
2021-05-13,3.04,0.49,0.48
2021-05-14,7.3,0.52,0.49
2021-05-15,5.78,0.53,0.49
2021-05-16,2.23,0.51,0.5
2021-05-17,1.69,0.49,0.49
2021-05-18,5.87,0.52,0.49
2021-05-19,1.15,0.49,0.49
2021-05-20,1.59,0.48,0.49
2021-05-21,3.96,0.51,0.49
2021-05-22,0.79,0.47,0.48
2021-05-23,2.42,0.48,0.48
2021-05-24,2.55,0.47,0.48
2021-05-25,1.46,0.46,0.48
2021-05-26,4.13,0.48,0.48
2021-05-27,6.74,0.52,0.48
2021-05-28,3.1,0.52,0.49
2021-05-29,2.17,0.5,0.49
2021-05-30,41.44,0.62,0.5
2021-05-31,10.49,0.69,0.57
2021-06-01,0.5,0.59,0.55
2021-06-02,4.24,0.58,0.54
2021-06-03,3.49,0.58,0.54
2021-06-04,3.64,0.56,0.53
2021-06-05,4.39,0.58,0.53
2021-06-06,5.0,0.57,0.53
2021-06-07,4.04,0.58,0.53
2021-06-08,1.87,0.55,0.53
2021-06-09,4.12,0.55,0.52
2021-06-10,9.92,0.61,0.53
2021-06-11,7.43,0.6,0.53
2021-06-12,2.89,0.58,0.53
2021-06-13,1.39,0.56,0.53
2021-06-14,7.92,0.6,0.53
2021-06-15,13.81,0.64,0.54
2021-06-16,4.64,0.62,0.55
2021-06-17,3.4,0.59,0.55
2021-06-18,6.79,0.6,0.54
2021-06-19,10.47,0.63,0.55
2021-06-20,13.02,0.67,0.56
2021-06-21,7.02,0.65,0.57
2021-06-22,6.39,0.66,0.57
2021-06-23,37.11,0.73,0.58
2021-06-24,5.74,0.72,0.63
2021-06-25,18.08,0.72,0.62
2021-06-26,17.72,0.76,0.65
2021-06-27,3.08,0.7,0.65
2021-06-28,0.8,0.67,0.63
2021-06-29,1.63,0.66,0.62
2021-06-30,3.18,0.67,0.62
2021-07-01,16.5,0.73,0.63
2021-07-02,8.36,0.72,0.64
2021-07-03,25.99,0.77,0.65
2021-07-04,10.55,0.75,0.68
2021-07-05,10.31,0.74,0.68
2021-07-06,22.55,0.79,0.69
2021-07-07,6.2,0.75,0.7
2021-07-08,7.72,0.75,0.69
2021-07-09,9.71,0.75,0.69
2021-07-10,1.0,0.73,0.69
2021-07-11,1.59,0.72,0.68
2021-07-12,2.76,0.71,0.68
2021-07-13,2.91,0.71,0.67
2021-07-14,5.46,0.72,0.67
2021-07-15,6.99,0.73,0.67
2021-07-16,8.26,0.74,0.67
2021-07-17,18.46,0.78,0.7
2021-07-18,0.59,0.72,0.7
2021-07-19,2.02,0.72,0.68
2021-07-20,0.97,0.71,0.67
2021-07-21,0.7,0.7,0.67
2021-07-22,1.63,0.69,0.66
2021-07-23,0.84,0.69,0.65
2021-07-24,0.91,0.68,0.65
2021-07-25,1.28,0.67,0.64
2021-07-26,2.56,0.67,0.64
2021-07-27,1.75,0.67,0.63
2021-07-28,2.5,0.67,0.63
2021-07-29,1.48,0.66,0.62
2021-07-30,2.67,0.66,0.62
2021-07-31,5.96,0.68,0.62
2021-08-01,2.0,0.66,0.62
2021-08-02,0.79,0.65,0.61
2021-08-03,0.97,0.64,0.6
2021-08-04,2.39,0.65,0.6
2021-08-05,1.3,0.65,0.6
2021-08-06,1.72,0.65,0.6
2021-08-07,0.85,0.64,0.6
2021-08-08,30.31,0.71,0.6
2021-08-09,30.44,0.79,0.68
2021-08-10,3.97,0.72,0.67
2021-08-11,4.24,0.71,0.66
2021-08-12,4.68,0.7,0.65
2021-08-13,2.86,0.7,0.65
2021-08-14,0.69,0.68,0.65
2021-08-15,0.26,0.66,0.64
2021-08-16,0.23,0.66,0.62
2021-08-17,0.25,0.65,0.61
2021-08-18,0.58,0.64,0.61
2021-08-19,6.27,0.67,0.61
2021-08-20,13.32,0.71,0.62
2021-08-21,19.07,0.76,0.65
2021-08-22,8.23,0.73,0.66
2021-08-23,3.45,0.7,0.65
2021-08-24,3.07,0.69,0.65
2021-08-25,57.84,0.83,0.69
2021-08-26,4.2,0.75,0.71
2021-08-27,7.49,0.76,0.7
2021-08-28,11.1,0.76,0.71
2021-08-29,16.61,0.8,0.73
2021-08-30,7.04,0.77,0.72
2021-08-31,4.67,0.76,0.72
2021-09-01,2.64,0.75,0.72
2021-09-02,10.85,0.78,0.72
2021-09-03,3.0,0.76,0.72
2021-09-04,6.0,0.76,0.72
2021-09-05,11.51,0.78,0.72
2021-09-06,2.16,0.76,0.72
2021-09-07,1.31,0.74,0.72
2021-09-08,3.97,0.75,0.71
2021-09-09,8.65,0.77,0.72
2021-09-10,2.75,0.75,0.72
2021-09-11,13.51,0.79,0.73
2021-09-12,1.05,0.75,0.72
2021-09-13,9.44,0.77,0.72
2021-09-14,16.17,0.8,0.74
2021-09-15,22.67,0.83,0.75
2021-09-16,6.08,0.79,0.76
2021-09-17,10.24,0.81,0.77
2021-09-18,2.06,0.78,0.76
2021-09-19,3.61,0.78,0.75
2021-09-20,3.7,0.78,0.75
2021-09-21,4.62,0.78,0.75
2021-09-22,7.06,0.79,0.75
2021-09-23,3.25,0.77,0.75
2021-09-24,17.75,0.81,0.75
2021-09-25,99.84,0.91,0.8
2021-09-26,24.49,0.86,0.87
2021-09-27,3.03,0.83,0.84
2021-09-28,3.44,0.82,0.82
2021-09-29,6.33,0.83,0.82
2021-09-30,15.33,0.85,0.82
2021-10-01,22.5,0.87,0.84
2021-10-02,6.67,0.85,0.85
2021-10-03,8.2,0.85,0.84
2021-10-04,6.36,0.84,0.84
2021-10-05,9.17,0.85,0.84
2021-10-06,10.23,0.85,0.85
2021-10-07,4.57,0.85,0.85
2021-10-08,1.57,0.83,0.84
2021-10-09,9.18,0.84,0.84
2021-10-10,12.89,0.85,0.85
2021-10-11,3.37,0.84,0.85
2021-10-12,3.1,0.84,0.85
2021-10-13,2.53,0.83,0.84
2021-10-14,2.93,0.83,0.84
2021-10-15,4.14,0.83,0.83
2021-10-16,4.41,0.83,0.83
2021-10-17,2.88,0.82,0.83
2021-10-18,10.81,0.84,0.83
2021-10-19,9.36,0.85,0.84
2021-10-20,5.34,0.84,0.84
2021-10-21,4.64,0.84,0.84
2021-10-22,6.4,0.84,0.83
2021-10-23,5.77,0.84,0.84
2021-10-24,2.87,0.83,0.84
2021-10-25,2.6,0.83,0.83
2021-10-26,5.53,0.83,0.83
2021-10-27,2.69,0.83,0.83
2021-10-28,6.48,0.83,0.83
2021-10-29,3.08,0.82,0.82
2021-10-30,5.6,0.83,0.82
2021-10-31,2.97,0.82,0.82
2021-11-01,3.86,0.82,0.82
2021-11-02,4.38,0.82,0.82
2021-11-03,2.7,0.82,0.81
2021-11-04,5.37,0.83,0.81
2021-11-05,7.03,0.83,0.82
2021-11-06,3.01,0.82,0.82
2021-11-07,3.06,0.82,0.81
2021-11-08,8.62,0.83,0.81
2021-11-09,15.2,0.84,0.82
2021-11-10,7.1,0.84,0.83
2021-11-11,10.9,0.84,0.83
2021-11-12,20.28,0.87,0.86
2021-11-13,6.69,0.85,0.85
2021-11-14,6.86,0.85,0.85
2021-11-15,2.57,0.84,0.85
2021-11-16,4.42,0.84,0.85
2021-11-17,2.07,0.84,0.84
2021-11-18,3.12,0.84,0.84
2021-11-19,0.9,0.83,0.84
2021-11-20,0.63,0.82,0.83
2021-11-21,0.92,0.82,0.82
2021-11-22,1.82,0.82,0.82
2021-11-23,0.63,0.81,0.81
2021-11-24,0.3,0.81,0.81
2021-11-25,0.52,0.81,0.8
2021-11-26,0.67,0.8,0.8
2021-11-27,0.98,0.8,0.79
2021-11-28,0.76,0.8,0.79
2021-11-29,0.34,0.79,0.79
2021-11-30,0.94,0.79,0.78
2021-12-01,0.17,0.78,0.78
2021-12-02,0.04,0.78,0.77
2021-12-03,0.05,0.78,0.76
2021-12-04,0.03,0.77,0.76
2021-12-05,0.04,0.77,0.75
2021-12-06,0.04,0.77,0.75
2021-12-07,0.2,0.77,0.74
2021-12-08,0.06,0.76,0.74
2021-12-09,0.05,0.75,0.73
2021-12-10,0.03,0.75,0.73
2021-12-11,0.04,0.74,0.72
2021-12-12,0.05,0.74,0.71
2021-12-13,0.19,0.74,0.71
2021-12-14,0.17,0.73,0.71
2021-12-15,0.3,0.73,0.7
2021-12-16,0.05,0.72,0.7
2021-12-17,0.02,0.71,0.69
2021-12-18,0.0,0.71,0.68
2021-12-19,0.0,0.7,0.68
2021-12-20,0.0,0.7,0.67
2021-12-21,0.0,0.69,0.66
2021-12-22,0.0,0.68,0.66
2021-12-23,0.0,0.68,0.65
2021-12-24,0.17,0.68,0.65
2021-12-25,0.44,0.68,0.64
2021-12-26,0.39,0.67,0.64
2021-12-27,0.09,0.66,0.63
2021-12-28,0.02,0.66,0.63
2021-12-29,0.15,0.66,0.62
2021-12-30,0.89,0.65,0.62
2021-12-31,2.13,0.65,0.62
2022-01-01,27.37,0.75,0.63
2022-01-02,48.53,0.82,0.7
2022-01-03,0.38,0.72,0.69
2022-01-04,0.01,0.7,0.68
2022-01-05,5.72,0.71,0.67
2022-01-06,0.0,0.7,0.67
2022-01-07,0.01,0.69,0.66
2022-01-08,0.01,0.68,0.65
2022-01-09,0.01,0.67,0.64
2022-01-10,0.01,0.67,0.64
2022-01-11,0.0,0.66,0.63
2022-01-12,0.0,0.65,0.62
2022-01-13,0.0,0.65,0.62
2022-01-14,0.0,0.64,0.61
2022-01-15,0.0,0.63,0.61
2022-01-16,0.0,0.62,0.6
2022-01-17,0.0,0.62,0.6
2022-01-18,0.0,0.61,0.59
2022-01-19,0.0,0.6,0.58
2022-01-20,0.0,0.59,0.58
2022-01-21,0.0,0.58,0.57
2022-01-22,0.0,0.58,0.57
2022-01-23,0.0,0.57,0.56
2022-01-24,0.0,0.57,0.56
2022-01-25,0.0,0.56,0.55
2022-01-26,0.0,0.55,0.55
2022-01-27,0.0,0.55,0.54
2022-01-28,0.0,0.54,0.54
2022-01-29,0.0,0.54,0.54
2022-01-30,0.0,0.53,0.53
2022-01-31,0.0,0.52,0.53
2022-02-01,0.0,0.52,0.52
2022-02-02,0.0,0.51,0.52
2022-02-03,0.0,0.51,0.51
2022-02-04,0.0,0.5,0.51
2022-02-05,0.01,0.49,0.51
2022-02-06,0.26,0.49,0.5
2022-02-07,0.1,0.49,0.5
2022-02-08,0.07,0.48,0.5
2022-02-09,0.04,0.48,0.49
2022-02-10,0.03,0.47,0.49
2022-02-11,0.03,0.46,0.49
2022-02-12,0.8,0.47,0.49
2022-02-13,1.37,0.47,0.48
2022-02-14,1.11,0.47,0.48
2022-02-15,0.11,0.46,0.48
2022-02-16,0.05,0.44,0.48
2022-02-17,0.13,0.44,0.47
2022-02-18,0.07,0.44,0.47
2022-02-19,0.09,0.43,0.47
2022-02-20,0.71,0.43,0.46
2022-02-21,0.24,0.43,0.46
2022-02-22,0.19,0.43,0.46
2022-02-23,0.07,0.42,0.46
2022-02-24,0.22,0.42,0.45
2022-02-25,1.22,0.43,0.45
2022-02-26,0.52,0.42,0.45
2022-02-27,5.79,0.47,0.45
2022-02-28,3.6,0.49,0.46
2022-03-01,1.69,0.46,0.46
2022-03-02,1.5,0.45,0.46
2022-03-03,0.29,0.44,0.46
2022-03-04,1.16,0.44,0.46
2022-03-05,2.59,0.46,0.46
2022-03-06,0.31,0.43,0.46
2022-03-07,0.61,0.42,0.45
2022-03-08,0.13,0.41,0.45
2022-03-09,0.44,0.41,0.45
2022-03-10,0.88,0.41,0.44
2022-03-11,0.07,0.41,0.44
2022-03-12,0.37,0.4,0.44
2022-03-13,2.43,0.42,0.44
2022-03-14,4.22,0.47,0.45
2022-03-15,0.4,0.42,0.44
2022-03-16,0.45,0.42,0.44
2022-03-17,0.95,0.42,0.44
2022-03-18,1.98,0.43,0.44
2022-03-19,5.98,0.46,0.44
2022-03-20,27.49,0.62,0.47
2022-03-21,4.79,0.55,0.5
2022-03-22,0.2,0.49,0.49
2022-03-23,0.69,0.47,0.48
2022-03-24,3.36,0.49,0.48
2022-03-25,2.54,0.49,0.48
2022-03-26,2.11,0.48,0.48
2022-03-27,0.59,0.46,0.47
2022-03-28,0.45,0.45,0.47
2022-03-29,0.39,0.44,0.47
2022-03-30,2.32,0.45,0.46
2022-03-31,1.31,0.45,0.46
2022-04-01,11.49,0.55,0.47
2022-04-02,5.08,0.52,0.48
2022-04-03,0.62,0.47,0.48
2022-04-04,0.31,0.45,0.47
2022-04-05,1.11,0.45,0.47
2022-04-06,7.82,0.52,0.48
2022-04-07,3.4,0.49,0.48
2022-04-08,3.41,0.49,0.48
2022-04-09,9.47,0.5,0.48
2022-04-10,1.41,0.51,0.49
2022-04-11,2.68,0.49,0.48
2022-04-12,6.31,0.53,0.49
2022-04-13,1.79,0.48,0.49
2022-04-14,5.49,0.5,0.48
2022-04-15,30.0,0.61,0.5
2022-04-16,25.14,0.73,0.57
2022-04-17,3.68,0.63,0.57
2022-04-18,3.52,0.61,0.56
2022-04-19,2.55,0.57,0.54
2022-04-20,1.5,0.57,0.54
2022-04-21,8.38,0.58,0.53
2022-04-22,5.52,0.61,0.54
2022-04-23,2.8,0.58,0.54
2022-04-24,5.05,0.59,0.54
2022-04-25,0.86,0.56,0.53
2022-04-26,3.47,0.56,0.53
2022-04-27,4.04,0.57,0.53
2022-04-28,6.64,0.6,0.54
2022-04-29,0.28,0.55,0.53
2022-04-30,2.13,0.55,0.53
2022-05-01,16.22,0.65,0.54
2022-05-02,12.21,0.66,0.56
2022-05-03,9.2,0.66,0.57
2022-05-04,11.62,0.67,0.57
2022-05-05,13.72,0.69,0.59
2022-05-06,1.76,0.65,0.59
2022-05-07,0.28,0.62,0.58
2022-05-08,2.24,0.62,0.57
2022-05-09,3.9,0.63,0.57
2022-05-10,3.49,0.63,0.57
2022-05-11,16.01,0.68,0.58
2022-05-12,3.93,0.66,0.59
2022-05-13,2.75,0.63,0.58
2022-05-14,6.22,0.66,0.58
2022-05-15,4.31,0.65,0.58
2022-05-16,3.29,0.64,0.58
2022-05-17,2.94,0.63,0.58
2022-05-18,2.72,0.62,0.57
2022-05-19,6.11,0.64,0.57
2022-05-20,3.78,0.64,0.57
2022-05-21,4.75,0.64,0.57
2022-05-22,11.68,0.69,0.59
2022-05-23,0.59,0.63,0.59
2022-05-24,14.92,0.67,0.58
2022-05-25,4.73,0.67,0.6
2022-05-26,8.4,0.67,0.6
2022-05-27,9.05,0.69,0.6
2022-05-28,1.74,0.65,0.6
2022-05-29,1.02,0.63,0.59
2022-05-30,4.53,0.64,0.58
2022-05-31,6.27,0.66,0.59
2022-06-01,2.3,0.64,0.59
2022-06-02,1.38,0.62,0.58
2022-06-03,7.76,0.66,0.58
2022-06-04,2.45,0.64,0.59
2022-06-05,5.89,0.66,0.59
2022-06-06,12.07,0.68,0.59
2022-06-07,0.79,0.64,0.6
2022-06-08,0.3,0.62,0.58
2022-06-09,3.89,0.62,0.57
2022-06-10,3.98,0.63,0.57
2022-06-11,3.46,0.63,0.57
2022-06-12,1.27,0.62,0.57
2022-06-13,1.4,0.6,0.57
2022-06-14,2.62,0.61,0.56
2022-06-15,17.96,0.68,0.57
2022-06-16,12.07,0.71,0.6
2022-06-17,27.55,0.73,0.61
2022-06-18,34.97,0.8,0.68
2022-06-19,1.26,0.71,0.67
2022-06-20,5.24,0.71,0.65
2022-06-21,11.34,0.72,0.65
2022-06-22,12.21,0.75,0.67
2022-06-23,16.04,0.77,0.68
2022-06-24,21.08,0.78,0.69
2022-06-25,6.09,0.76,0.7
2022-06-26,1.78,0.73,0.7
2022-06-27,8.55,0.75,0.69
2022-06-28,6.45,0.75,0.7
2022-06-29,10.87,0.76,0.7
2022-06-30,2.16,0.74,0.7
2022-07-01,3.36,0.73,0.69
2022-07-02,10.17,0.76,0.7
2022-07-03,0.4,0.73,0.7
2022-07-04,1.86,0.72,0.69
2022-07-05,5.39,0.73,0.68
2022-07-06,4.51,0.74,0.69
2022-07-07,5.42,0.74,0.69
2022-07-08,10.13,0.76,0.69
2022-07-09,14.94,0.78,0.7
2022-07-10,1.17,0.74,0.71
2022-07-11,2.02,0.73,0.7
2022-07-12,2.29,0.73,0.69
2022-07-13,5.02,0.74,0.69
2022-07-14,1.66,0.72,0.69
2022-07-15,2.59,0.72,0.68
2022-07-16,5.73,0.73,0.68
2022-07-17,4.78,0.73,0.68
2022-07-18,1.85,0.72,0.68
2022-07-19,0.41,0.71,0.67
2022-07-20,0.61,0.7,0.67
2022-07-21,0.15,0.69,0.66
2022-07-22,1.9,0.69,0.65
2022-07-23,6.87,0.71,0.65
2022-07-24,10.22,0.73,0.67
2022-07-25,0.82,0.7,0.66
2022-07-26,8.05,0.72,0.66
2022-07-27,4.32,0.72,0.66
2022-07-28,2.45,0.71,0.66
2022-07-29,0.53,0.69,0.66
2022-07-30,2.48,0.7,0.65
2022-07-31,7.24,0.72,0.66
2022-08-01,9.26,0.72,0.66
2022-08-02,3.94,0.71,0.66
2022-08-03,2.01,0.69,0.65
2022-08-04,0.84,0.68,0.65
2022-08-05,0.42,0.67,0.64
2022-08-06,0.16,0.66,0.63
2022-08-07,0.08,0.65,0.62
2022-08-08,0.81,0.65,0.61
2022-08-09,1.49,0.65,0.61
2022-08-10,1.16,0.64,0.6
2022-08-11,0.75,0.64,0.6
2022-08-12,7.77,0.66,0.6
2022-08-13,3.3,0.67,0.61
2022-08-14,3.67,0.66,0.61
2022-08-15,7.77,0.68,0.61
2022-08-16,3.13,0.67,0.62
2022-08-17,0.51,0.64,0.61
2022-08-18,0.04,0.63,0.6
2022-08-19,5.9,0.65,0.59
2022-08-20,7.81,0.68,0.6
2022-08-21,0.97,0.64,0.6
2022-08-22,5.48,0.64,0.59
2022-08-23,25.93,0.75,0.62
2022-08-24,5.03,0.7,0.64
2022-08-25,0.07,0.66,0.62
2022-08-26,5.28,0.67,0.61
2022-08-27,37.44,0.8,0.66
2022-08-28,18.36,0.78,0.69
2022-08-29,1.36,0.71,0.67
2022-08-30,6.54,0.71,0.66
2022-08-31,15.67,0.76,0.67
2022-09-01,50.21,0.85,0.74
2022-09-02,1.87,0.76,0.73
2022-09-03,2.92,0.75,0.71
2022-09-04,3.75,0.74,0.71
2022-09-05,14.9,0.78,0.71
2022-09-06,8.31,0.77,0.72
2022-09-07,4.56,0.76,0.72
2022-09-08,6.35,0.76,0.72
2022-09-09,8.51,0.77,0.72
2022-09-10,4.12,0.75,0.72
2022-09-11,1.49,0.74,0.71
2022-09-12,19.56,0.79,0.72
2022-09-13,0.82,0.76,0.73
2022-09-14,1.29,0.74,0.72
2022-09-15,1.91,0.74,0.71
2022-09-16,5.89,0.75,0.71
2022-09-17,1.82,0.74,0.71
2022-09-18,5.95,0.75,0.7
2022-09-19,15.36,0.78,0.71
2022-09-20,18.35,0.81,0.74
2022-09-21,3.86,0.77,0.74
2022-09-22,9.13,0.79,0.74
2022-09-23,3.53,0.77,0.74
2022-09-24,9.6,0.79,0.74
2022-09-25,33.32,0.85,0.76
2022-09-26,27.22,0.85,0.81
2022-09-27,10.18,0.82,0.8
2022-09-28,10.55,0.83,0.8
2022-09-29,3.09,0.81,0.8
2022-09-30,5.0,0.81,0.79
2022-10-01,6.26,0.81,0.79
2022-10-02,19.87,0.85,0.81
2022-10-03,1.5,0.81,0.81
2022-10-04,5.75,0.81,0.8
2022-10-05,6.21,0.82,0.8
2022-10-06,7.36,0.82,0.8
2022-10-07,8.94,0.83,0.81
2022-10-08,56.55,0.9,0.85
2022-10-09,4.25,0.84,0.85
2022-10-10,1.85,0.83,0.84
2022-10-11,1.79,0.83,0.83
2022-10-12,1.87,0.82,0.83
2022-10-13,2.84,0.82,0.82
2022-10-14,8.52,0.84,0.82
2022-10-15,3.48,0.83,0.83
2022-10-16,2.87,0.83,0.83
2022-10-17,0.66,0.82,0.82
2022-10-18,6.04,0.83,0.82
2022-10-19,9.51,0.84,0.82
2022-10-20,3.48,0.83,0.82
2022-10-21,1.28,0.82,0.82
2022-10-22,5.04,0.82,0.81
2022-10-23,2.58,0.82,0.81
2022-10-24,1.11,0.81,0.8
2022-10-25,3.0,0.81,0.8
2022-10-26,0.6,0.8,0.8
2022-10-27,1.3,0.8,0.79
2022-10-28,1.87,0.8,0.78
2022-10-29,0.15,0.79,0.78
2022-10-30,0.2,0.78,0.77
2022-10-31,3.79,0.79,0.76
2022-11-01,3.56,0.79,0.76
2022-11-02,1.23,0.78,0.76
2022-11-03,0.59,0.77,0.76
2022-11-04,0.42,0.77,0.75
2022-11-05,2.37,0.77,0.75
2022-11-06,3.78,0.78,0.75
2022-11-07,0.92,0.77,0.75
2022-11-08,0.12,0.76,0.74
2022-11-09,0.86,0.75,0.73
2022-11-10,21.51,0.81,0.73
2022-11-11,13.35,0.81,0.76
2022-11-12,3.44,0.79,0.76
2022-11-13,3.12,0.78,0.76
2022-11-14,1.17,0.77,0.75
2022-11-15,0.34,0.76,0.74
2022-11-16,0.09,0.75,0.73
2022-11-17,0.01,0.74,0.72
2022-11-18,0.04,0.74,0.71
2022-11-19,0.85,0.74,0.71
2022-11-20,1.15,0.74,0.71
2022-11-21,0.09,0.73,0.7
2022-11-22,0.04,0.72,0.7
2022-11-23,0.09,0.72,0.69
2022-11-24,0.18,0.71,0.68
2022-11-25,0.02,0.7,0.67
2022-11-26,0.03,0.7,0.67
2022-11-27,0.22,0.7,0.66
2022-11-28,2.25,0.7,0.66
2022-11-29,3.8,0.71,0.66
2022-11-30,0.75,0.69,0.66
2022-12-01,0.4,0.69,0.65
2022-12-02,1.07,0.68,0.65
2022-12-03,3.48,0.69,0.64
2022-12-04,0.77,0.68,0.64
2022-12-05,1.01,0.68,0.64
2022-12-06,0.52,0.67,0.64
2022-12-07,0.19,0.66,0.63
2022-12-08,0.79,0.65,0.62
2022-12-09,0.39,0.65,0.62
2022-12-10,0.12,0.64,0.61
2022-12-11,0.04,0.64,0.61
2022-12-12,0.09,0.64,0.61
2022-12-13,0.03,0.63,0.6
2022-12-14,0.0,0.62,0.6
2022-12-15,0.02,0.62,0.59
2022-12-16,0.06,0.61,0.59
2022-12-17,0.38,0.6,0.58
2022-12-18,0.25,0.59,0.58
2022-12-19,0.02,0.58,0.57
2022-12-20,0.0,0.58,0.57
2022-12-21,0.0,0.57,0.56
2022-12-22,0.0,0.56,0.55
2022-12-23,0.0,0.55,0.55
2022-12-24,0.0,0.55,0.55
2022-12-25,0.0,0.54,0.54
2022-12-26,0.0,0.54,0.54
2022-12-27,0.0,0.53,0.53
2022-12-28,0.0,0.52,0.53
2022-12-29,0.0,0.52,0.53
2022-12-30,0.0,0.52,0.52
2022-12-31,0.0,0.51,0.52
2023-01-01,0.0,0.5,0.51
2023-01-02,0.0,0.5,0.51
2023-01-03,0.0,0.49,0.51
2023-01-04,0.0,0.49,0.5
2023-01-05,0.0,0.49,0.5
2023-01-06,0.0,0.49,0.5
2023-01-07,0.0,0.48,0.5
2023-01-08,0.0,0.48,0.49
2023-01-09,0.0,0.47,0.49
2023-01-10,0.0,0.46,0.49
2023-01-11,0.01,0.46,0.48
2023-01-12,0.0,0.46,0.48
2023-01-13,0.0,0.46,0.48
2023-01-14,0.0,0.45,0.47
2023-01-15,0.0,0.45,0.47
2023-01-16,0.0,0.45,0.47
2023-01-17,0.0,0.44,0.47
2023-01-18,0.0,0.43,0.46
2023-01-19,0.0,0.43,0.46
2023-01-20,0.0,0.43,0.46
2023-01-21,0.07,0.42,0.46
2023-01-22,0.23,0.42,0.46
2023-01-23,0.43,0.42,0.45
2023-01-24,1.28,0.44,0.45
2023-01-25,0.28,0.43,0.45
2023-01-26,0.01,0.42,0.45
2023-01-27,0.16,0.41,0.45
2023-01-28,0.34,0.41,0.45
2023-01-29,0.3,0.41,0.44
2023-01-30,0.07,0.41,0.44
2023-01-31,0.04,0.4,0.44
2023-02-01,0.02,0.39,0.44
2023-02-02,1.01,0.41,0.43
2023-02-03,0.54,0.4,0.43
2023-02-04,1.24,0.41,0.43
2023-02-05,1.73,0.43,0.43
2023-02-06,0.08,0.42,0.43
2023-02-07,0.61,0.42,0.43
2023-02-08,0.65,0.41,0.43
2023-02-09,0.18,0.4,0.43
2023-02-10,0.02,0.39,0.43
2023-02-11,0.03,0.38,0.42
2023-02-12,0.04,0.38,0.42
2023-02-13,0.22,0.38,0.42
2023-02-14,0.04,0.37,0.42
2023-02-15,0.0,0.36,0.42
2023-02-16,0.0,0.36,0.41
2023-02-17,0.0,0.35,0.41
2023-02-18,0.0,0.35,0.41
2023-02-19,0.0,0.34,0.41
2023-02-20,0.0,0.34,0.41
2023-02-21,0.0,0.33,0.41
2023-02-22,0.31,0.33,0.41
2023-02-23,0.55,0.33,0.41
2023-02-24,0.51,0.34,0.41
2023-02-25,2.55,0.38,0.41
2023-02-26,2.04,0.41,0.41
2023-02-27,2.79,0.43,0.41
2023-02-28,1.68,0.41,0.41
2023-03-01,5.23,0.47,0.42
2023-03-02,2.04,0.42,0.42
2023-03-03,5.09,0.43,0.42
2023-03-04,17.89,0.57,0.45
2023-03-05,7.98,0.52,0.46
2023-03-06,8.78,0.53,0.47
2023-03-07,3.82,0.49,0.47
2023-03-08,0.31,0.43,0.46
2023-03-09,9.65,0.5,0.46
2023-03-10,2.74,0.49,0.47
2023-03-11,8.85,0.52,0.48
2023-03-12,0.37,0.46,0.47
2023-03-13,0.07,0.43,0.46
2023-03-14,0.08,0.42,0.46
2023-03-15,0.33,0.41,0.45
2023-03-16,0.45,0.41,0.45
2023-03-17,32.86,0.64,0.48
2023-03-18,60.42,0.76,0.55
2023-03-19,5.91,0.66,0.59
2023-03-20,11.48,0.66,0.57
2023-03-21,44.62,0.78,0.6
2023-03-22,7.32,0.71,0.63
2023-03-23,5.82,0.67,0.61
2023-03-24,3.18,0.65,0.6
2023-03-25,0.6,0.63,0.59
2023-03-26,3.87,0.63,0.58
2023-03-27,11.26,0.66,0.58
2023-03-28,42.8,0.81,0.65
2023-03-29,0.61,0.68,0.65
2023-03-30,1.29,0.68,0.63
2023-03-31,2.81,0.67,0.62
2023-04-01,0.83,0.66,0.62
2023-04-02,2.28,0.66,0.61
2023-04-03,3.72,0.67,0.61
2023-04-04,0.39,0.64,0.61
2023-04-05,3.72,0.65,0.6
2023-04-06,2.82,0.65,0.6
2023-04-07,3.95,0.66,0.6
2023-04-08,4.16,0.66,0.6
2023-04-09,1.19,0.65,0.6
2023-04-10,0.42,0.63,0.59
2023-04-11,0.11,0.61,0.59
2023-04-12,1.32,0.61,0.58
2023-04-13,7.73,0.66,0.58
2023-04-14,5.05,0.65,0.58
2023-04-15,7.11,0.67,0.59
2023-04-16,5.32,0.66,0.59
2023-04-17,5.28,0.67,0.6
2023-04-18,5.01,0.65,0.6
2023-04-19,2.06,0.64,0.6
2023-04-20,2.24,0.64,0.59
2023-04-21,0.6,0.62,0.58
2023-04-22,1.0,0.61,0.58
2023-04-23,5.43,0.64,0.57
2023-04-24,11.04,0.68,0.58
2023-04-25,5.15,0.65,0.59
2023-04-26,8.87,0.69,0.6
2023-04-27,2.72,0.64,0.6
2023-04-28,1.21,0.62,0.59
2023-04-29,2.93,0.63,0.58
2023-04-30,11.08,0.68,0.58
2023-05-01,8.98,0.68,0.59
2023-05-02,1.1,0.62,0.59
2023-05-03,3.22,0.63,0.58
2023-05-04,7.57,0.65,0.58
2023-05-05,7.01,0.67,0.59
2023-05-06,7.16,0.67,0.59
2023-05-07,4.07,0.65,0.59
2023-05-08,3.52,0.64,0.59
2023-05-09,2.05,0.63,0.58
2023-05-10,4.57,0.64,0.58
2023-05-11,2.65,0.63,0.58
2023-05-12,3.12,0.62,0.57
2023-05-13,9.44,0.66,0.57
2023-05-14,9.89,0.68,0.59
2023-05-15,25.82,0.75,0.61
2023-05-16,3.09,0.68,0.62
2023-05-17,0.77,0.65,0.61
2023-05-18,4.86,0.67,0.61
2023-05-19,3.06,0.66,0.6
2023-05-20,4.47,0.66,0.6
2023-05-21,6.04,0.67,0.6
2023-05-22,2.24,0.66,0.6
2023-05-23,5.02,0.66,0.6
2023-05-24,7.5,0.68,0.61
2023-05-25,8.54,0.68,0.61
2023-05-26,2.39,0.67,0.61
2023-05-27,3.87,0.66,0.61
2023-05-28,2.13,0.66,0.61
2023-05-29,1.11,0.64,0.6
2023-05-30,1.76,0.64,0.59
2023-05-31,17.21,0.7,0.6
2023-06-01,17.06,0.75,0.63
2023-06-02,26.62,0.76,0.64
2023-06-03,7.42,0.74,0.67
2023-06-04,1.56,0.69,0.65
2023-06-05,2.88,0.69,0.64
2023-06-06,2.93,0.7,0.64
2023-06-07,5.3,0.7,0.64
2023-06-08,2.67,0.69,0.64
2023-06-09,2.23,0.67,0.63
2023-06-10,6.97,0.7,0.63
2023-06-11,28.17,0.79,0.66
2023-06-12,1.07,0.71,0.67
2023-06-13,0.24,0.69,0.65
2023-06-14,5.69,0.69,0.65
2023-06-15,11.48,0.73,0.65
2023-06-16,6.29,0.72,0.66
2023-06-17,7.54,0.73,0.66
2023-06-18,1.88,0.7,0.66
2023-06-19,2.76,0.7,0.65
2023-06-20,13.77,0.74,0.66
2023-06-21,46.6,0.86,0.72
2023-06-22,1.64,0.75,0.73
2023-06-23,12.97,0.77,0.71
2023-06-24,33.87,0.83,0.74
2023-06-25,17.13,0.81,0.76
2023-06-26,16.58,0.82,0.78
2023-06-27,6.11,0.79,0.77
2023-06-28,4.15,0.78,0.76
2023-06-29,12.85,0.81,0.77
2023-06-30,2.5,0.78,0.77
2023-07-01,3.05,0.78,0.76
2023-07-02,12.54,0.8,0.76
2023-07-03,19.8,0.83,0.78
2023-07-04,17.54,0.84,0.8
2023-07-05,7.01,0.81,0.8
2023-07-06,4.42,0.8,0.79
2023-07-07,5.76,0.8,0.78
2023-07-08,5.05,0.8,0.78
2023-07-09,5.02,0.8,0.78
2023-07-10,11.24,0.82,0.79
2023-07-11,2.37,0.8,0.79
2023-07-12,2.82,0.8,0.79
2023-07-13,9.29,0.82,0.79
2023-07-14,25.55,0.85,0.82
2023-07-15,29.14,0.87,0.83
2023-07-16,11.53,0.85,0.85
2023-07-17,7.25,0.84,0.84
2023-07-18,5.4,0.84,0.84
2023-07-19,4.82,0.84,0.84
2023-07-20,3.8,0.83,0.84
2023-07-21,4.38,0.83,0.83
2023-07-22,8.42,0.84,0.83
2023-07-23,4.77,0.83,0.83
2023-07-24,8.6,0.84,0.83
2023-07-25,3.36,0.84,0.84
2023-07-26,2.42,0.83,0.83
2023-07-27,2.05,0.82,0.83
2023-07-28,1.75,0.82,0.82
2023-07-29,2.1,0.82,0.82
2023-07-30,8.19,0.83,0.82
2023-07-31,9.73,0.83,0.82
2023-08-01,14.54,0.85,0.84
2023-08-02,7.65,0.84,0.84
2023-08-03,2.15,0.83,0.84
2023-08-04,2.81,0.82,0.83
2023-08-05,2.99,0.82,0.82
2023-08-06,3.8,0.82,0.82
2023-08-07,1.37,0.82,0.82
2023-08-08,4.09,0.82,0.81
2023-08-09,2.5,0.81,0.81
2023-08-10,2.76,0.81,0.81
2023-08-11,1.02,0.8,0.8
2023-08-12,2.95,0.8,0.79
2023-08-13,3.14,0.81,0.79
2023-08-14,2.71,0.8,0.79
2023-08-15,2.54,0.8,0.79
2023-08-16,5.56,0.81,0.79
2023-08-17,2.48,0.8,0.79
2023-08-18,9.12,0.82,0.79
2023-08-19,8.25,0.82,0.8
2023-08-20,3.74,0.81,0.8
2023-08-21,2.69,0.81,0.79
2023-08-22,3.51,0.8,0.79
2023-08-23,6.56,0.81,0.79
2023-08-24,1.79,0.8,0.79
2023-08-25,0.97,0.79,0.79
2023-08-26,2.58,0.79,0.78
2023-08-27,3.07,0.79,0.78
2023-08-28,1.64,0.79,0.77
2023-08-29,7.07,0.8,0.78
2023-08-30,10.92,0.81,0.78
2023-08-31,1.62,0.8,0.78
2023-09-01,4.91,0.79,0.78
2023-09-02,15.31,0.82,0.79
2023-09-03,4.63,0.81,0.8
2023-09-04,0.52,0.79,0.79
2023-09-05,7.11,0.81,0.78
2023-09-06,1.39,0.79,0.79
2023-09-07,2.1,0.79,0.78
2023-09-08,9.97,0.8,0.78
2023-09-09,27.07,0.85,0.8
2023-09-10,2.25,0.82,0.81
2023-09-11,8.04,0.82,0.8
2023-09-12,17.9,0.84,0.81
2023-09-13,2.98,0.82,0.81
2023-09-14,2.4,0.81,0.8
2023-09-15,1.73,0.8,0.8
2023-09-16,18.35,0.82,0.8
2023-09-17,126.51,0.95,0.88
2023-09-18,8.41,0.87,0.89
2023-09-19,5.05,0.86,0.88
2023-09-20,5.69,0.86,0.87
2023-09-21,4.84,0.85,0.87
2023-09-22,9.48,0.86,0.87
2023-09-23,7.1,0.86,0.87
2023-09-24,1.86,0.85,0.87
2023-09-25,4.78,0.85,0.87
2023-09-26,5.62,0.85,0.87
2023-09-27,2.47,0.84,0.86
2023-09-28,2.71,0.84,0.85
2023-09-29,3.94,0.85,0.85
2023-09-30,4.79,0.84,0.85
2023-10-01,3.48,0.84,0.85
2023-10-02,3.81,0.84,0.85
2023-10-03,10.23,0.85,0.85
2023-10-04,9.44,0.85,0.85
2023-10-05,3.4,0.84,0.85
2023-10-06,5.66,0.84,0.85
2023-10-07,5.84,0.85,0.85
2023-10-08,19.19,0.86,0.85
2023-10-09,41.62,0.9,0.9
2023-10-10,3.76,0.86,0.89
2023-10-11,3.78,0.86,0.88
2023-10-12,6.04,0.86,0.88
2023-10-13,0.28,0.85,0.87
2023-10-14,9.77,0.86,0.87
2023-10-15,6.2,0.86,0.88
2023-10-16,9.01,0.86,0.88
2023-10-17,4.17,0.86,0.88
2023-10-18,1.57,0.85,0.87
2023-10-19,2.89,0.85,0.87
2023-10-20,3.04,0.85,0.86
2023-10-21,2.91,0.84,0.86
2023-10-22,2.78,0.84,0.85
2023-10-23,7.88,0.85,0.85
2023-10-24,5.27,0.85,0.85
2023-10-25,1.44,0.84,0.85
2023-10-26,1.83,0.84,0.85
2023-10-27,1.89,0.83,0.84
2023-10-28,0.45,0.83,0.84
2023-10-29,1.76,0.82,0.83
2023-10-30,4.22,0.83,0.83
2023-10-31,3.95,0.83,0.82
2023-11-01,2.14,0.83,0.82
2023-11-02,1.25,0.82,0.82
2023-11-03,2.96,0.82,0.82
2023-11-04,2.4,0.82,0.82
2023-11-05,0.62,0.81,0.81
2023-11-06,3.05,0.81,0.8
2023-11-07,16.55,0.85,0.82
2023-11-08,13.2,0.84,0.82
2023-11-09,8.52,0.84,0.83
2023-11-10,10.54,0.84,0.83
2023-11-11,7.85,0.84,0.83
2023-11-12,2.79,0.83,0.83
2023-11-13,1.72,0.82,0.82
2023-11-14,1.63,0.82,0.82
2023-11-15,0.82,0.81,0.81
2023-11-16,1.83,0.81,0.8
2023-11-17,1.05,0.8,0.8
2023-11-18,1.73,0.8,0.79
2023-11-19,0.45,0.8,0.79
2023-11-20,0.55,0.79,0.79
2023-11-21,0.29,0.79,0.78
2023-11-22,2.56,0.79,0.78
2023-11-23,3.06,0.79,0.78
2023-11-24,3.55,0.79,0.78
2023-11-25,9.43,0.81,0.78
2023-11-26,43.69,0.89,0.81
2023-11-27,1.24,0.83,0.83
2023-11-28,5.72,0.82,0.81
2023-11-29,5.0,0.82,0.81
2023-11-30,3.16,0.82,0.81
2023-12-01,3.7,0.82,0.81
2023-12-02,1.39,0.81,0.8
2023-12-03,0.29,0.8,0.8
2023-12-04,0.1,0.79,0.79
2023-12-05,0.07,0.79,0.78
2023-12-06,0.03,0.78,0.78
2023-12-07,1.08,0.79,0.77
2023-12-08,6.27,0.8,0.77
2023-12-09,0.09,0.78,0.77
2023-12-10,0.12,0.77,0.76
2023-12-11,0.41,0.77,0.76
2023-12-12,0.0,0.76,0.75
2023-12-13,0.0,0.76,0.74
2023-12-14,0.0,0.76,0.74
2023-12-15,0.0,0.75,0.73
2023-12-16,0.0,0.75,0.72
2023-12-17,0.0,0.74,0.72
2023-12-18,0.0,0.73,0.71
2023-12-19,0.0,0.72,0.7
2023-12-20,0.0,0.72,0.7
2023-12-21,0.0,0.71,0.69
2023-12-22,0.0,0.71,0.68
2023-12-23,0.0,0.7,0.68
2023-12-24,0.0,0.7,0.67
2023-12-25,0.0,0.69,0.67
2023-12-26,0.0,0.69,0.66
2023-12-27,0.0,0.68,0.65
2023-12-28,0.0,0.68,0.65
2023-12-29,0.0,0.67,0.64
2023-12-30,0.0,0.66,0.64
2023-12-31,0.0,0.66,0.63
2024-01-01,0.01,0.65,0.63
2024-01-02,0.11,0.65,0.62
2024-01-03,0.07,0.64,0.62
2024-01-04,0.09,0.64,0.61
2024-01-05,0.02,0.63,0.61
2024-01-06,0.2,0.63,0.6
2024-01-07,0.81,0.63,0.6
2024-01-08,0.5,0.62,0.6
2024-01-09,2.31,0.62,0.59
2024-01-10,1.64,0.62,0.59
2024-01-11,0.04,0.6,0.59
2024-01-12,0.01,0.59,0.58
2024-01-13,0.0,0.58,0.57
2024-01-14,0.02,0.58,0.57
2024-01-15,0.02,0.57,0.56
2024-01-16,0.0,0.56,0.56
2024-01-17,0.0,0.55,0.55
2024-01-18,0.01,0.55,0.55
2024-01-19,0.03,0.55,0.54
2024-01-20,0.0,0.54,0.54
2024-01-21,0.04,0.53,0.54
2024-01-22,0.0,0.52,0.53
2024-01-23,0.16,0.52,0.53
2024-01-24,0.21,0.52,0.52
2024-01-25,0.23,0.51,0.52
2024-01-26,0.0,0.5,0.51
2024-01-27,0.0,0.5,0.51
2024-01-28,0.0,0.49,0.51
2024-01-29,0.0,0.49,0.5
2024-01-30,0.0,0.48,0.5
2024-01-31,0.0,0.48,0.5
2024-02-01,0.0,0.48,0.49
2024-02-02,0.0,0.47,0.49
2024-02-03,0.0,0.47,0.49
2024-02-04,0.0,0.46,0.49
2024-02-05,0.0,0.47,0.48
2024-02-06,0.0,0.47,0.48
2024-02-07,0.0,0.46,0.48
2024-02-08,0.0,0.45,0.48
2024-02-09,0.0,0.45,0.47
2024-02-10,0.02,0.45,0.47
2024-02-11,0.01,0.44,0.47
2024-02-12,0.17,0.44,0.47
2024-02-13,0.17,0.44,0.46
2024-02-14,0.08,0.43,0.46
2024-02-15,0.14,0.42,0.46
2024-02-16,0.05,0.42,0.45
2024-02-17,0.21,0.42,0.45
2024-02-18,0.12,0.42,0.45
2024-02-19,0.06,0.41,0.45
2024-02-20,0.15,0.41,0.45
2024-02-21,0.28,0.41,0.44
2024-02-22,0.52,0.42,0.44
2024-02-23,0.06,0.41,0.44
2024-02-24,0.04,0.4,0.44
2024-02-25,0.75,0.4,0.44
2024-02-26,1.09,0.41,0.43
2024-02-27,0.5,0.4,0.43
2024-02-28,4.92,0.44,0.43
2024-02-29,1.11,0.45,0.44
2024-03-01,4.87,0.47,0.45
2024-03-02,1.94,0.45,0.45
2024-03-03,12.11,0.54,0.46
2024-03-04,0.16,0.45,0.46
2024-03-05,0.49,0.43,0.46
2024-03-06,0.89,0.42,0.45
2024-03-07,1.51,0.43,0.45
2024-03-08,1.69,0.43,0.45
2024-03-09,6.0,0.45,0.45
2024-03-10,1.38,0.46,0.45
2024-03-11,1.02,0.43,0.45
2024-03-12,4.87,0.47,0.45
2024-03-13,3.36,0.47,0.45
2024-03-14,10.61,0.48,0.46
2024-03-15,8.59,0.55,0.48
2024-03-16,0.15,0.45,0.47
2024-03-17,1.78,0.45,0.47
2024-03-18,4.43,0.47,0.47
2024-03-19,6.64,0.5,0.47
2024-03-20,3.36,0.5,0.47
2024-03-21,1.34,0.45,0.47
2024-03-22,6.76,0.5,0.47
2024-03-23,2.83,0.49,0.48
2024-03-24,0.02,0.44,0.47
2024-03-25,1.23,0.44,0.47
2024-03-26,0.53,0.44,0.46
2024-03-27,1.4,0.44,0.46
2024-03-28,7.71,0.48,0.46
2024-03-29,4.97,0.52,0.48
2024-03-30,0.17,0.46,0.47
2024-03-31,0.12,0.44,0.47
2024-04-01,0.33,0.43,0.46
2024-04-02,0.43,0.43,0.46
2024-04-03,0.86,0.44,0.46
2024-04-04,0.86,0.42,0.46
2024-04-05,0.95,0.42,0.45
2024-04-06,5.16,0.47,0.45
2024-04-07,4.89,0.48,0.46
2024-04-08,6.49,0.51,0.47
2024-04-09,0.06,0.46,0.47
2024-04-10,4.31,0.48,0.47
2024-04-11,1.51,0.46,0.47
2024-04-12,0.24,0.43,0.46
2024-04-13,0.86,0.43,0.46
2024-04-14,1.34,0.44,0.46
2024-04-15,0.55,0.41,0.45
2024-04-16,3.63,0.45,0.45
2024-04-17,0.01,0.42,0.45
2024-04-18,0.01,0.41,0.45
2024-04-19,1.17,0.42,0.44
2024-04-20,0.12,0.41,0.44
2024-04-21,6.97,0.48,0.45
2024-04-22,0.52,0.44,0.45
2024-04-23,12.96,0.52,0.46
2024-04-24,1.13,0.47,0.47
2024-04-25,1.29,0.44,0.46
2024-04-26,2.31,0.45,0.46
2024-04-27,0.57,0.44,0.46
2024-04-28,2.25,0.45,0.46
2024-04-29,5.57,0.48,0.46
2024-04-30,1.09,0.44,0.46
2024-05-01,8.5,0.5,0.46
2024-05-02,0.1,0.46,0.47
2024-05-03,0.43,0.43,0.46
2024-05-04,0.7,0.42,0.46
2024-05-05,5.04,0.46,0.45
2024-05-06,3.19,0.48,0.46
2024-05-07,0.11,0.44,0.46
2024-05-08,0.48,0.42,0.45
2024-05-09,1.98,0.43,0.45
2024-05-10,0.33,0.41,0.45
2024-05-11,0.97,0.42,0.45
2024-05-12,10.94,0.48,0.45
2024-05-13,3.8,0.52,0.47
2024-05-14,0.3,0.43,0.46
2024-05-15,3.54,0.44,0.46
2024-05-16,6.54,0.51,0.46
2024-05-17,0.06,0.45,0.46
2024-05-18,4.37,0.46,0.46
2024-05-19,1.0,0.46,0.46
2024-05-20,1.61,0.45,0.46
2024-05-21,4.02,0.47,0.46
2024-05-22,5.44,0.49,0.46
2024-05-23,2.19,0.47,0.47
2024-05-24,1.28,0.44,0.46
2024-05-25,7.02,0.48,0.46
2024-05-26,3.44,0.5,0.47
2024-05-27,0.05,0.44,0.47
2024-05-28,0.34,0.42,0.46
2024-05-29,2.95,0.44,0.46
2024-05-30,7.21,0.51,0.47
2024-05-31,5.91,0.5,0.47
2024-06-01,4.38,0.5,0.48
2024-06-02,4.34,0.49,0.48
2024-06-03,0.57,0.46,0.47
2024-06-04,1.28,0.45,0.47
2024-06-05,1.41,0.45,0.46
2024-06-06,6.79,0.5,0.47
2024-06-07,1.61,0.48,0.47
2024-06-08,1.79,0.46,0.47
2024-06-09,11.3,0.52,0.47
2024-06-10,3.99,0.52,0.49
2024-06-11,2.99,0.49,0.48
2024-06-12,3.67,0.49,0.48
2024-06-13,19.54,0.58,0.49
2024-06-14,20.08,0.66,0.52
2024-06-15,6.63,0.61,0.54
2024-06-16,9.61,0.61,0.54
2024-06-17,0.61,0.56,0.53
2024-06-18,2.9,0.54,0.52
2024-06-19,3.03,0.55,0.52
2024-06-20,4.49,0.55,0.52
2024-06-21,6.76,0.59,0.52
2024-06-22,2.57,0.56,0.53
2024-06-23,1.01,0.53,0.52
2024-06-24,2.4,0.53,0.51
2024-06-25,14.61,0.6,0.52
2024-06-26,8.87,0.63,0.54
2024-06-27,13.94,0.64,0.54
2024-06-28,8.02,0.64,0.56
2024-06-29,9.04,0.66,0.56
2024-06-30,13.58,0.68,0.57
2024-07-01,1.69,0.63,0.57
2024-07-02,3.35,0.61,0.56
2024-07-03,5.68,0.62,0.56
2024-07-04,2.83,0.62,0.56
2024-07-05,0.37,0.58,0.55
2024-07-06,1.83,0.58,0.54
2024-07-07,3.27,0.59,0.54
2024-07-08,2.66,0.59,0.54
2024-07-09,8.44,0.62,0.55
2024-07-10,3.52,0.6,0.55
2024-07-11,3.34,0.6,0.55
2024-07-12,2.9,0.59,0.55
2024-07-13,0.63,0.56,0.54
2024-07-14,0.62,0.54,0.53
2024-07-15,0.6,0.53,0.52
2024-07-16,0.76,0.53,0.52
2024-07-17,1.43,0.52,0.52
2024-07-18,1.75,0.52,0.51
2024-07-19,1.06,0.51,0.51
2024-07-20,1.95,0.51,0.51
2024-07-21,0.7,0.51,0.51
2024-07-22,0.43,0.49,0.5
2024-07-23,0.27,0.49,0.5
2024-07-24,0.4,0.48,0.49
2024-07-25,0.4,0.47,0.49
2024-07-26,0.62,0.47,0.49
2024-07-27,0.45,0.46,0.48
2024-07-28,0.58,0.45,0.48
2024-07-29,0.44,0.46,0.48
2024-07-30,0.59,0.45,0.48
2024-07-31,0.49,0.44,0.47
2024-08-01,1.08,0.44,0.47
2024-08-02,0.82,0.44,0.47
2024-08-03,0.41,0.43,0.46
2024-08-04,0.06,0.42,0.46
2024-08-05,0.31,0.42,0.46
2024-08-06,0.33,0.42,0.45
2024-08-07,0.54,0.42,0.45
2024-08-08,0.39,0.42,0.45
2024-08-09,0.19,0.41,0.45
2024-08-10,0.2,0.4,0.45
2024-08-11,0.71,0.4,0.44
2024-08-12,3.96,0.43,0.44
2024-08-13,2.56,0.46,0.45
2024-08-14,1.06,0.43,0.45
2024-08-15,0.05,0.41,0.45
2024-08-16,1.24,0.41,0.44
2024-08-17,1.69,0.43,0.44
2024-08-18,0.36,0.41,0.44
2024-08-19,4.09,0.43,0.44
2024-08-20,23.38,0.59,0.47
2024-08-21,8.47,0.56,0.49
2024-08-22,5.06,0.52,0.49
2024-08-23,26.62,0.62,0.5
2024-08-24,9.71,0.64,0.54
2024-08-25,1.24,0.56,0.53
2024-08-26,6.78,0.56,0.52
2024-08-27,32.19,0.66,0.53
2024-08-28,10.53,0.68,0.58
2024-08-29,0.32,0.6,0.56
2024-08-30,1.53,0.58,0.55
2024-08-31,1.44,0.57,0.54
2024-09-01,0.98,0.55,0.53
2024-09-02,0.19,0.53,0.53
2024-09-03,1.02,0.52,0.52
2024-09-04,1.44,0.52,0.51
2024-09-05,0.82,0.51,0.51
2024-09-06,0.06,0.49,0.5
2024-09-07,2.37,0.48,0.5
2024-09-08,2.88,0.51,0.5
2024-09-09,0.77,0.48,0.49
2024-09-10,1.24,0.48,0.49
2024-09-11,2.59,0.5,0.49
2024-09-12,1.85,0.49,0.49
2024-09-13,0.5,0.47,0.49
2024-09-14,3.08,0.49,0.49
2024-09-15,1.15,0.48,0.49
2024-09-16,0.83,0.46,0.48
2024-09-17,1.38,0.46,0.48
2024-09-18,3.8,0.49,0.48
2024-09-19,1.59,0.48,0.48
2024-09-20,2.21,0.46,0.48
2024-09-21,2.28,0.47,0.48
2024-09-22,2.45,0.47,0.48
2024-09-23,19.81,0.6,0.49
2024-09-24,7.2,0.57,0.51
2024-09-25,6.42,0.57,0.52
2024-09-26,4.61,0.54,0.51
2024-09-27,5.92,0.55,0.51
2024-09-28,4.12,0.55,0.51
2024-09-29,11.36,0.61,0.52
2024-09-30,3.32,0.55,0.52
2024-10-01,10.4,0.61,0.53
2024-10-02,10.04,0.61,0.54
2024-10-03,3.29,0.57,0.54
2024-10-04,7.56,0.59,0.53
2024-10-05,9.38,0.62,0.54
2024-10-06,13.03,0.66,0.56
2024-10-07,14.18,0.67,0.57
2024-10-08,3.13,0.63,0.57
2024-10-09,4.46,0.61,0.56
2024-10-10,0.64,0.59,0.55
2024-10-11,4.81,0.59,0.55
2024-10-12,9.87,0.64,0.55
2024-10-13,9.92,0.66,0.56
2024-10-14,6.19,0.63,0.56
2024-10-15,5.5,0.62,0.56
2024-10-16,5.4,0.62,0.56
2024-10-17,4.82,0.63,0.56
2024-10-18,7.72,0.65,0.57
2024-10-19,6.69,0.65,0.57
2024-10-20,8.92,0.65,0.57
2024-10-21,12.52,0.68,0.58
2024-10-22,12.13,0.69,0.59
2024-10-23,6.83,0.68,0.6
2024-10-24,1.88,0.64,0.59
2024-10-25,1.88,0.63,0.58
2024-10-26,2.49,0.63,0.58
2024-10-27,1.52,0.62,0.57
2024-10-28,5.38,0.63,0.57
2024-10-29,4.5,0.65,0.58
2024-10-30,4.19,0.63,0.57
2024-10-31,3.63,0.63,0.57
2024-11-01,0.97,0.61,0.57
2024-11-02,0.57,0.59,0.56
2024-11-03,1.38,0.59,0.55
2024-11-04,0.46,0.57,0.54
2024-11-05,0.0,0.55,0.54
2024-11-06,0.01,0.54,0.53
2024-11-07,0.0,0.53,0.52
2024-11-08,0.08,0.52,0.52
2024-11-09,0.02,0.51,0.51
2024-11-10,0.93,0.51,0.51
2024-11-11,0.15,0.5,0.51
2024-11-12,1.54,0.5,0.5
2024-11-13,1.25,0.5,0.5
2024-11-14,1.29,0.49,0.5
2024-11-15,1.83,0.5,0.5
2024-11-16,0.25,0.48,0.5
2024-11-17,0.06,0.46,0.49
2024-11-18,0.02,0.46,0.48
2024-11-19,0.05,0.45,0.48
2024-11-20,0.01,0.44,0.48
2024-11-21,0.0,0.44,0.47
2024-11-22,0.03,0.44,0.47
2024-11-23,0.08,0.44,0.47
2024-11-24,0.01,0.43,0.47
2024-11-25,0.01,0.43,0.46
2024-11-26,0.0,0.42,0.46
2024-11-27,0.03,0.42,0.46
2024-11-28,0.0,0.41,0.45
2024-11-29,0.0,0.41,0.45
2024-11-30,0.0,0.41,0.45
2024-12-01,0.0,0.41,0.45
2024-12-02,0.0,0.41,0.45
2024-12-03,0.0,0.4,0.44
2024-12-04,0.0,0.4,0.44
2024-12-05,0.0,0.4,0.44
2024-12-06,0.0,0.4,0.44
2024-12-07,0.0,0.39,0.43
2024-12-08,0.0,0.39,0.43
2024-12-09,0.0,0.39,0.43
2024-12-10,0.0,0.39,0.43
2024-12-11,0.0,0.38,0.43
2024-12-12,0.06,0.39,0.43
2024-12-13,0.03,0.38,0.42
2024-12-14,0.0,0.37,0.42
2024-12-15,0.01,0.37,0.42
2024-12-16,0.01,0.37,0.42
2024-12-17,0.0,0.37,0.42
2024-12-18,0.0,0.36,0.42
2024-12-19,0.0,0.36,0.41
2024-12-20,0.0,0.36,0.41
2024-12-21,0.0,0.35,0.41
2024-12-22,0.0,0.35,0.41
2024-12-23,0.0,0.35,0.41
2024-12-24,0.0,0.35,0.41
2024-12-25,0.0,0.35,0.41
2024-12-26,0.0,0.34,0.4
2024-12-27,0.0,0.33,0.4
2024-12-28,0.0,0.32,0.4
2024-12-29,0.0,0.31,0.4
2024-12-30,0.02,0.3,0.4
2024-12-31,0.01,0.3,0.4
2025-01-01,0.01,0.29,0.4
2025-01-02,0.02,0.29,0.4
2025-01-03,0.12,0.28,0.4
2025-01-04,0.01,0.28,0.4
2025-01-05,0.0,0.27,0.4
2025-01-06,0.0,0.27,0.4
2025-01-07,0.0,0.26,0.4
2025-01-08,0.01,0.26,0.4
2025-01-09,0.0,0.26,0.39
2025-01-10,0.0,0.25,0.39
2025-01-11,0.0,0.25,0.39
2025-01-12,0.0,0.24,0.39
2025-01-13,0.0,0.23,0.39
2025-01-14,0.0,0.23,0.39
2025-01-15,0.0,0.22,0.39
2025-01-16,0.0,0.22,0.39
2025-01-17,0.0,0.21,0.39
2025-01-18,0.0,0.21,0.39
2025-01-19,0.0,0.21,0.39
2025-01-20,0.0,0.2,0.39
2025-01-21,0.08,0.19,0.39
2025-01-22,0.03,0.19,0.39
2025-01-23,1.18,0.2,0.39
2025-01-24,0.24,0.23,0.39
2025-01-25,0.93,0.25,0.39
2025-01-26,0.38,0.25,0.39
2025-01-27,0.1,0.25,0.39
2025-01-28,0.03,0.23,0.39
2025-01-29,0.16,0.22,0.39
2025-01-30,0.6,0.24,0.39
2025-01-31,0.53,0.24,0.39
2025-02-01,0.16,0.24,0.39
2025-02-02,0.41,0.24,0.39
2025-02-03,0.26,0.23,0.39
2025-02-04,0.0,0.22,0.39
2025-02-05,0.0,0.21,0.39
2025-02-06,0.02,0.2,0.39
2025-02-07,0.11,0.19,0.39
2025-02-08,0.71,0.2,0.39
2025-02-09,1.08,0.23,0.39
2025-02-10,0.45,0.25,0.39
2025-02-11,0.2,0.24,0.39
2025-02-12,0.37,0.23,0.39
2025-02-13,0.97,0.26,0.39
2025-02-14,2.07,0.3,0.4
2025-02-15,0.0,0.3,0.4
2025-02-16,0.03,0.27,0.39
2025-02-17,0.28,0.25,0.39
2025-02-18,0.45,0.25,0.39
2025-02-19,2.75,0.27,0.39
2025-02-20,9.34,0.44,0.4
2025-02-21,2.08,0.46,0.42
2025-02-22,2.22,0.42,0.41
2025-02-23,0.24,0.39,0.41
2025-02-24,0.0,0.37,0.41
2025-02-25,0.0,0.34,0.41
2025-02-26,0.0,0.32,0.4
2025-02-27,0.02,0.31,0.4
2025-02-28,0.3,0.3,0.4
2025-03-01,4.95,0.33,0.4
2025-03-02,7.99,0.49,0.41
2025-03-03,6.19,0.47,0.42
2025-03-04,3.42,0.45,0.42
2025-03-05,2.94,0.44,0.43
2025-03-06,1.84,0.43,0.42
2025-03-07,0.13,0.39,0.42
2025-03-08,6.32,0.45,0.42
2025-03-09,0.82,0.43,0.43
2025-03-10,1.49,0.41,0.42
2025-03-11,3.51,0.44,0.43
2025-03-12,6.56,0.46,0.43
2025-03-13,4.68,0.48,0.44
2025-03-14,2.36,0.44,0.44
2025-03-15,1.81,0.43,0.44
2025-03-16,3.38,0.44,0.44
2025-03-17,1.04,0.42,0.44
2025-03-18,0.64,0.4,0.43
2025-03-19,4.01,0.42,0.43
2025-03-20,0.73,0.42,0.43
2025-03-21,0.05,0.39,0.43
2025-03-22,0.78,0.39,0.42
2025-03-23,1.12,0.4,0.42
2025-03-24,4.14,0.44,0.43
2025-03-25,18.91,0.48,0.43
2025-03-26,9.65,0.57,0.47
2025-03-27,1.23,0.46,0.47
2025-03-28,0.58,0.43,0.46
2025-03-29,1.25,0.43,0.45
2025-03-30,1.92,0.43,0.45
2025-03-31,1.37,0.43,0.45
2025-04-01,0.35,0.41,0.45
2025-04-02,1.12,0.41,0.44
2025-04-03,3.99,0.45,0.44
2025-04-04,2.43,0.45,0.45
2025-04-05,0.64,0.41,0.44
2025-04-06,0.17,0.4,0.44
2025-04-07,0.22,0.39,0.44
2025-04-08,1.04,0.4,0.43
2025-04-09,5.76,0.45,0.44
2025-04-10,1.79,0.42,0.44
2025-04-11,0.59,0.41,0.44
2025-04-12,0.77,0.42,0.44
2025-04-13,0.6,0.4,0.43
2025-04-14,1.22,0.4,0.43
2025-04-15,3.86,0.44,0.43
2025-04-16,14.08,0.48,0.44
2025-04-17,3.43,0.51,0.46
2025-04-18,1.45,0.44,0.46
2025-04-19,2.4,0.45,0.45
2025-04-20,1.27,0.43,0.45
2025-04-21,0.34,0.41,0.45
2025-04-22,6.57,0.45,0.45
2025-04-23,8.15,0.51,0.46
2025-04-24,0.91,0.44,0.46
2025-04-25,0.88,0.42,0.45
2025-04-26,4.68,0.45,0.45
2025-04-27,1.12,0.44,0.45
2025-04-28,0.07,0.41,0.45
2025-04-29,5.63,0.44,0.45
2025-04-30,1.91,0.47,0.45
2025-05-01,1.16,0.43,0.45
2025-05-02,2.0,0.43,0.45
2025-05-03,3.06,0.45,0.45
2025-05-04,3.19,0.45,0.45
2025-05-05,5.17,0.48,0.45
2025-05-06,1.31,0.44,0.45
2025-05-07,3.77,0.46,0.45
2025-05-08,6.6,0.5,0.46
2025-05-09,6.33,0.49,0.46
2025-05-10,4.81,0.5,0.47
2025-05-11,4.73,0.48,0.47
2025-05-12,4.44,0.48,0.47
2025-05-13,9.73,0.53,0.47
2025-05-14,2.88,0.49,0.48
2025-05-15,0.16,0.44,0.47
2025-05-16,6.19,0.49,0.47
2025-05-17,10.1,0.54,0.48
2025-05-18,20.17,0.59,0.5
2025-05-19,4.55,0.57,0.51
2025-05-20,3.1,0.52,0.51
2025-05-21,5.69,0.55,0.5
2025-05-22,1.75,0.51,0.5
2025-05-23,7.6,0.55,0.5
2025-05-24,4.04,0.54,0.51
2025-05-25,0.12,0.49,0.5
2025-05-26,2.2,0.49,0.49
2025-05-27,2.23,0.49,0.49
2025-05-28,24.58,0.6,0.5
2025-05-29,60.23,0.79,0.6
2025-05-30,6.11,0.66,0.6
2025-05-31,0.84,0.62,0.58
2025-06-01,2.78,0.61,0.57
2025-06-02,3.5,0.61,0.56
2025-06-03,5.79,0.62,0.56
2025-06-04,4.39,0.62,0.56
2025-06-05,3.48,0.61,0.56
2025-06-06,4.14,0.61,0.55
2025-06-07,9.27,0.64,0.56
2025-06-08,6.6,0.63,0.56
2025-06-09,6.4,0.64,0.57
2025-06-10,21.89,0.7,0.58
2025-06-11,10.98,0.69,0.6
2025-06-12,9.81,0.7,0.61
2025-06-13,21.25,0.73,0.62
2025-06-14,9.6,0.72,0.63
2025-06-15,2.35,0.68,0.63
2025-06-16,2.16,0.66,0.62
2025-06-17,8.49,0.69,0.61
2025-06-18,11.06,0.71,0.62
2025-06-19,3.8,0.68,0.63
2025-06-20,3.3,0.67,0.62
2025-06-21,11.65,0.7,0.62
2025-06-22,4.87,0.69,0.63
2025-06-23,11.33,0.72,0.63
2025-06-24,2.45,0.68,0.63
2025-06-25,6.82,0.69,0.63
2025-06-26,14.18,0.73,0.64
2025-06-27,9.8,0.73,0.66
2025-06-28,1.54,0.69,0.65
2025-06-29,1.01,0.67,0.64
2025-06-30,2.12,0.67,0.63
2025-07-01,4.17,0.68,0.63
2025-07-02,0.92,0.66,0.62
2025-07-03,7.76,0.67,0.62
2025-07-04,34.4,0.8,0.66
2025-07-05,2.74,0.71,0.67
2025-07-06,1.33,0.7,0.66
2025-07-07,2.62,0.69,0.65
2025-07-08,4.17,0.7,0.65
2025-07-09,1.47,0.69,0.65
2025-07-10,0.4,0.68,0.64
2025-07-11,0.22,0.67,0.63
2025-07-12,0.75,0.66,0.62
2025-07-13,0.45,0.66,0.62
2025-07-14,0.07,0.65,0.61
2025-07-15,0.15,0.64,0.6
2025-07-16,1.89,0.64,0.6
2025-07-17,1.35,0.63,0.59
2025-07-18,1.63,0.63,0.59
2025-07-19,1.6,0.62,0.58
2025-07-20,1.29,0.61,0.58
2025-07-21,1.77,0.61,0.57
2025-07-22,3.28,0.62,0.57
2025-07-23,3.12,0.61,0.57
2025-07-24,1.33,0.61,0.57
2025-07-25,0.2,0.59,0.56
2025-07-26,0.21,0.58,0.55
2025-07-27,0.78,0.57,0.55
2025-07-28,0.55,0.56,0.54
2025-07-29,0.32,0.55,0.54
2025-07-30,1.02,0.54,0.53
2025-07-31,0.91,0.54,0.53
2025-08-01,0.46,0.53,0.52
2025-08-02,1.02,0.53,0.52
2025-08-03,1.11,0.53,0.52
2025-08-04,2.31,0.54,0.52
2025-08-05,2.66,0.54,0.52
2025-08-06,1.44,0.53,0.52
2025-08-07,2.53,0.52,0.51
2025-08-08,4.76,0.56,0.52
2025-08-09,3.09,0.54,0.52
2025-08-10,0.7,0.52,0.51
2025-08-11,1.7,0.52,0.51
2025-08-12,1.73,0.51,0.51
2025-08-13,0.64,0.5,0.5
2025-08-14,0.34,0.49,0.5
2025-08-15,0.23,0.48,0.49
2025-08-16,1.72,0.48,0.49
2025-08-17,1.78,0.49,0.49
2025-08-18,0.8,0.47,0.49
2025-08-19,0.42,0.46,0.48
2025-08-20,0.24,0.45,0.48
2025-08-21,0.9,0.46,0.48
2025-08-22,0.79,0.46,0.48
2025-08-23,1.13,0.45,0.47
2025-08-24,0.34,0.44,0.47
2025-08-25,0.38,0.43,0.47
2025-08-26,0.91,0.44,0.47
2025-08-27,0.29,0.44,0.46
2025-08-28,0.32,0.43,0.46
2025-08-29,1.44,0.43,0.46
2025-08-30,3.32,0.45,0.46
2025-08-31,0.75,0.43,0.46
2025-09-01,0.65,0.42,0.45
2025-09-02,0.51,0.42,0.45
2025-09-03,2.78,0.44,0.45
2025-09-04,12.28,0.53,0.47
2025-09-05,2.05,0.46,0.47
2025-09-06,2.23,0.46,0.47
2025-09-07,3.2,0.45,0.46
2025-09-08,9.42,0.52,0.47
2025-09-09,24.42,0.66,0.52
2025-09-10,1.11,0.53,0.52
2025-09-11,1.08,0.5,0.5
2025-09-12,4.43,0.51,0.5
2025-09-13,19.01,0.64,0.52
2025-09-14,1.53,0.55,0.52
2025-09-15,7.98,0.57,0.52
2025-09-16,4.35,0.56,0.52
2025-09-17,5.47,0.55,0.52
2025-09-18,5.96,0.58,0.52
2025-09-19,1.85,0.54,0.52
2025-09-20,5.09,0.55,0.52
2025-09-21,6.81,0.59,0.53
2025-09-22,4.68,0.57,0.53
2025-09-23,10.38,0.6,0.53
2025-09-24,15.62,0.66,0.54
2025-09-25,1.67,0.61,0.55
2025-09-26,7.38,0.61,0.55
2025-09-27,19.56,0.68,0.56
2025-09-28,28.43,0.75,0.61
2025-09-29,1.71,0.66,0.6
2025-09-30,1.31,0.63,0.59
2025-10-01,2.75,0.63,0.58
2025-10-02,1.14,0.62,0.57
2025-10-03,1.9,0.61,0.57
2025-10-04,3.22,0.61,0.56
2025-10-05,7.54,0.63,0.56
2025-10-06,10.66,0.66,0.57
2025-10-07,8.1,0.66,0.58
2025-10-08,19.13,0.71,0.59
2025-10-09,3.49,0.66,0.6
2025-10-10,5.75,0.65,0.59
2025-10-11,10.18,0.69,0.6
2025-10-12,15.08,0.71,0.61
2025-10-13,5.8,0.69,0.61
2025-10-14,10.7,0.7,0.61
2025-10-15,5.78,0.69,0.62
2025-10-16,10.67,0.7,0.62
2025-10-17,5.49,0.7,0.63
2025-10-18,3.61,0.67,0.62
2025-10-19,7.46,0.7,0.62
2025-10-20,6.24,0.69,0.63
2025-10-21,1.04,0.67,0.62
2025-10-22,1.62,0.65,0.61
2025-10-23,1.13,0.65,0.6
2025-10-24,3.23,0.65,0.6
2025-10-25,1.92,0.65,0.6
2025-10-26,1.51,0.64,0.59
2025-10-27,0.86,0.63,0.59
2025-10-28,0.62,0.61,0.58
2025-10-29,2.05,0.61,0.57
2025-10-30,1.44,0.61,0.57
2025-10-31,1.64,0.6,0.57
2025-11-01,0.87,0.59,0.56
2025-11-02,0.16,0.58,0.55
2025-11-03,0.43,0.56,0.55
2025-11-04,2.49,0.57,0.54
2025-11-05,5.23,0.59,0.54
2025-11-06,4.8,0.61,0.55
2025-11-07,4.7,0.61,0.55
2025-11-08,1.76,0.59,0.55
2025-11-09,1.45,0.57,0.55
2025-11-10,3.68,0.58,0.54
2025-11-11,2.65,0.58,0.54
2025-11-12,2.07,0.56,0.54
2025-11-13,2.06,0.56,0.53
2025-11-14,6.62,0.59,0.53
2025-11-15,3.12,0.58,0.54
2025-11-16,1.55,0.55,0.53
2025-11-17,0.31,0.53,0.53
2025-11-18,2.11,0.54,0.52
2025-11-19,1.85,0.53,0.52
2025-11-20,1.91,0.52,0.52
2025-11-21,0.57,0.51,0.51
2025-11-22,0.25,0.49,0.51
2025-11-23,0.86,0.49,0.5
2025-11-24,0.83,0.48,0.5
2025-11-25,0.06,0.47,0.49
2025-11-26,0.26,0.46,0.49
2025-11-27,1.45,0.47,0.49
2025-11-28,5.84,0.52,0.49
2025-11-29,7.44,0.52,0.49
2025-11-30,2.08,0.54,0.5
2025-12-01,0.89,0.49,0.5
2025-12-02,8.38,0.55,0.5
2025-12-03,23.5,0.68,0.54
2025-12-04,1.7,0.57,0.54
2025-12-05,2.67,0.56,0.54
2025-12-06,2.13,0.55,0.53
2025-12-07,0.3,0.52,0.52
2025-12-08,0.6,0.51,0.51
2025-12-09,3.25,0.52,0.51
2025-12-10,3.5,0.56,0.52
2025-12-11,1.41,0.53,0.52
2025-12-12,1.04,0.51,0.51
2025-12-13,6.93,0.56,0.52
2025-12-14,4.38,0.56,0.52
2025-12-15,2.5,0.55,0.52
2025-12-16,0.0,0.52,0.52
2025-12-17,0.0,0.5,0.51
2025-12-18,0.11,0.49,0.5
2025-12-19,0.83,0.49,0.5
2025-12-20,0.0,0.47,0.49
2025-12-21,0.08,0.46,0.49
2025-12-22,0.35,0.46,0.49
2025-12-23,0.09,0.46,0.48
2025-12-24,0.45,0.46,0.48
2025-12-25,0.77,0.46,0.48
2025-12-26,0.59,0.45,0.48
2025-12-27,1.9,0.47,0.48
2025-12-28,0.56,0.45,0.47
2025-12-29,0.23,0.44,0.47
2025-12-30,1.34,0.45,0.47
2025-12-31,0.24,0.44,0.47
2026-01-01,0.26,0.43,0.46
2026-01-02,0.35,0.43,0.46
2026-01-03,0.24,0.43,0.46
2026-01-04,1.17,0.43,0.46
2026-01-05,0.28,0.43,0.46
2026-01-06,0.26,0.42,0.45
2026-01-07,1.54,0.43,0.45
2026-01-08,2.51,0.45,0.45
2026-01-09,0.02,0.42,0.45
2026-01-10,0.68,0.41,0.45
2026-01-11,0.0,0.4,0.45
2026-01-12,0.06,0.4,0.44
2026-01-13,0.03,0.4,0.44
2026-01-14,0.02,0.39,0.44
2026-01-15,0.04,0.39,0.44
2026-01-16,0.03,0.38,0.44
2026-01-17,0.0,0.38,0.43
2026-01-18,0.02,0.38,0.43
2026-01-19,0.12,0.38,0.43
2026-01-20,0.22,0.38,0.43
2026-01-21,0.01,0.37,0.43
2026-01-22,0.0,0.36,0.43
2026-01-23,0.0,0.36,0.42
2026-01-24,0.0,0.35,0.42
2026-01-25,0.0,0.34,0.42
2026-01-26,0.0,0.34,0.42
2026-01-27,0.0,0.34,0.41
2026-01-28,0.0,0.34,0.41
2026-01-29,0.01,0.34,0.41
2026-01-30,0.0,0.34,0.41
2026-01-31,0.16,0.34,0.41
2026-02-01,0.5,0.35,0.41
2026-02-02,0.9,0.36,0.41
2026-02-03,41.63,0.56,0.43
2026-02-04,0.6,0.51,0.49
2026-02-05,0.38,0.44,0.47
2026-02-06,0.69,0.44,0.46
2026-02-07,1.01,0.43,0.46
2026-02-08,0.55,0.42,0.46
2026-02-09,0.16,0.41,0.45
2026-02-10,5.57,0.46,0.45
2026-02-11,0.13,0.44,0.46
2026-02-12,0.62,0.41,0.45
2026-02-13,2.87,0.43,0.45
2026-02-14,6.62,0.48,0.46
2026-02-15,0.91,0.46,0.46
2026-02-16,0.05,0.42,0.45
2026-02-17,0.0,0.4,0.45
2026-02-18,0.02,0.39,0.44
2026-02-19,0.0,0.38,0.44
2026-02-20,0.02,0.37,0.44
2026-02-21,0.05,0.36,0.43
2026-02-22,0.06,0.36,0.43
2026-02-23,0.03,0.35,0.43
2026-02-24,0.05,0.35,0.43
2026-02-25,18.82,0.43,0.43
2026-02-26,1.67,0.48,0.46
2026-02-27,5.79,0.46,0.46
2026-02-28,42.43,0.71,0.53
2026-03-01,29.67,0.7,0.55
2026-03-02,2.43,0.64,0.57
2026-03-03,0.03,0.58,0.55
2026-03-04,0.81,0.56,0.54
2026-03-05,2.72,0.57,0.53
2026-03-06,7.28,0.59,0.53
2026-03-07,6.59,0.61,0.54
2026-03-08,0.61,0.55,0.53
2026-03-09,1.91,0.54,0.53
2026-03-10,2.5,0.54,0.52
2026-03-11,4.7,0.56,0.52
2026-03-12,1.17,0.53,0.52
2026-03-13,3.31,0.53,0.51
2026-03-14,1.12,0.52,0.51
2026-03-15,1.04,0.51,0.51
2026-03-16,1.69,0.5,0.5
2026-03-17,0.0,0.48,0.5
2026-03-18,0.03,0.47,0.49
2026-03-19,0.02,0.46,0.49
2026-03-20,0.01,0.45,0.48
2026-03-21,0.05,0.45,0.48
2026-03-22,2.56,0.48,0.48
2026-03-23,1.15,0.47,0.48
2026-03-24,1.22,0.47,0.48
2026-03-25,0.98,0.48,0.48
2026-03-26,0.29,0.46,0.48
2026-03-27,1.09,0.46,0.47
2026-03-28,25.11,0.53,0.48
2026-03-29,123.67,0.78,0.58
2026-03-30,8.93,0.68,0.6
2026-03-31,8.42,0.65,0.59
2026-04-01,0.0,0.62,0.58
2026-04-02,0.0,0.58,0.57
2026-04-03,0.0,0.57,0.55
2026-04-04,0.0,0.56,0.54
2026-04-05,0.0,0.55,0.54
2026-04-06,0.29,0.54,0.53
2026-04-07,1.32,0.54,0.52
2026-04-08,8.3,0.61,0.53
2026-04-09,8.41,0.6,0.54
2026-04-10,0.71,0.58,0.54
2026-04-11,0.36,0.55,0.54
2026-04-12,2.04,0.55,0.53
2026-04-13,13.54,0.58,0.53
2026-04-14,140.64,0.84,0.64
2026-04-15,0.33,0.68,0.64
2026-04-16,1.16,0.66,0.61
2026-04-17,3.84,0.66,0.6
2026-04-18,2.75,0.65,0.6
2026-04-19,9.56,0.66,0.59
2026-04-20,7.57,0.69,0.6
2026-04-21,1.63,0.65,0.6
2026-04-22,0.58,0.63,0.59
2026-04-23,0.26,0.61,0.58
2026-04-24,1.62,0.61,0.57
2026-04-25,0.75,0.6,0.57
2026-04-26,2.27,0.6,0.56
2026-04-27,0.46,0.59,0.56
2026-04-28,3.87,0.6,0.55
2026-04-29,4.76,0.62,0.56
2026-04-30,0.64,0.58,0.55
2026-05-01,0.17,0.57,0.55
2026-05-02,8.34,0.61,0.55
2026-05-03,6.39,0.63,0.56
2026-05-04,2.12,0.61,0.56
2026-05-05,3.67,0.61,0.56
2026-05-06,1.15,0.59,0.55
2026-05-07,0.74,0.57,0.55
2026-05-08,1.38,0.56,0.54
2026-05-09,1.09,0.56,0.53
2026-05-10,0.27,0.54,0.53
2026-05-11,1.17,0.53,0.52
2026-05-12,2.13,0.55,0.52
2026-05-13,1.5,0.54,0.52
2026-05-14,2.16,0.54,0.52
2026-05-15,18.99,0.65,0.53
2026-05-16,3.16,0.61,0.55
2026-05-17,9.37,0.62,0.55
2026-05-18,11.15,0.66,0.56
2026-05-19,0.48,0.59,0.56
2026-05-20,6.75,0.62,0.55
2026-05-21,0.87,0.58,0.55
2026-05-22,15.31,0.65,0.55
2026-05-23,7.83,0.66,0.57
2026-05-24,0.51,0.6,0.56
2026-05-25,8.94,0.62,0.56
2026-05-26,2.69,0.62,0.56
2026-05-27,0.0,0.58,0.55
2026-05-28,3.5,0.58,0.54
2026-05-29,1.62,0.57,0.54
2026-05-30,6.14,0.59,0.54
2026-05-31,12.54,0.66,0.55
2026-06-01,5.75,0.63,0.56
2026-06-02,14.47,0.69,0.58
2026-06-03,6.39,0.66,0.58
2026-06-04,11.23,0.68,0.59
2026-06-05,6.37,0.64,0.58
2026-06-06,72.39,0.82,0.66
2026-06-07,4.09,0.7,0.65
2026-06-08,9.64,0.73,0.65
2026-06-09,11.01,0.71,0.64
2026-06-10,34.85,0.81,0.69
2026-06-11,3.32,0.73,0.68
2026-06-12,6.39,0.73,0.67
2026-06-13,2.93,0.72,0.67
2026-06-14,0.41,0.7,0.66
2026-06-15,4.31,0.71,0.66
2026-06-16,0.45,0.69,0.65
2026-06-17,2.9,0.69,0.64
2026-06-18,3.22,0.69,0.64
2026-06-19,9.38,0.71,0.64
2026-06-20,38.34,0.81,0.67
2026-06-21,59.27,0.85,0.73
2026-06-22,54.78,0.88,0.8
2026-06-23,6.45,0.81,0.79
2026-06-24,8.01,0.8,0.78
2026-06-25,24.25,0.84,0.78
2026-06-26,33.77,0.87,0.81
2026-06-27,49.6,0.9,0.84
2026-06-28,73.55,0.94,0.89
2026-06-29,45.3,0.93,0.94
2026-06-30,4.82,0.89,0.94
2026-07-01,8.74,0.89,0.93
2026-07-02,4.36,0.88,0.92
2026-07-03,4.77,0.88,0.91
2026-07-04,4.47,0.88,0.91
2026-07-05,0.98,0.87,0.91
2026-07-06,0.81,0.87,0.9
2026-07-07,0.88,0.86,0.9
2026-07-08,1.21,0.86,0.89
2026-07-09,0.82,0.85,0.88
2026-07-10,3.82,0.86,0.88
2026-07-11,7.54,0.86,0.88
2026-07-12,2.39,0.85,0.88
2026-07-13,3.37,0.85,0.87
2026-07-14,11.67,0.86,0.87
2026-07-15,1.17,0.85,0.87
2026-07-16,3.07,0.85,0.87
2026-07-17,0.95,0.84,0.86
2026-07-18,1.22,0.84,0.86
2026-07-19,0.25,0.83,0.85
2026-07-20,0.15,0.83,0.84
2026-07-21,0.12,0.82,0.83
2026-07-22,0.38,0.82,0.83
2026-07-23,14.01,0.84,0.83
2026-07-24,3.12,0.83,0.84
2026-07-25,0.44,0.82,0.83
2026-07-26,2.35,0.82,0.83
2026-07-27,5.7,0.83,0.83
2026-07-28,2.93,0.82,0.82
2026-07-29,6.95,0.83,0.82
2026-07-30,3.65,0.82,0.82
2026-07-31,3.27,0.82,0.82
2026-08-01,2.51,0.56,0.56
2026-08-02,15.77,0.65,0.58
2026-08-03,5.5,0.62,0.58
2026-08-04,0.52,0.59,0.58
2026-08-05,2.57,0.57,0.57
2026-08-06,7.77,0.62,0.58
2026-08-07,4.23,0.62,0.58
2026-08-08,0.63,0.59,0.58
2026-08-09,3.37,0.6,0.58
2026-08-10,0.76,0.58,0.57
2026-08-11,2.88,0.57,0.57
2026-08-12,5.67,0.61,0.57
2026-08-13,7.94,0.62,0.57
2026-08-14,3.97,0.61,0.58
2026-08-15,1.27,0.6,0.58
2026-08-16,0.86,0.58,0.57
2026-08-17,1.16,0.57,0.57
2026-08-18,9.07,0.59,0.57
2026-08-19,4.42,0.63,0.58
2026-08-20,1.82,0.6,0.58
2026-08-21,4.94,0.59,0.58
2026-08-22,4.2,0.61,0.58
2026-08-23,11.83,0.65,0.6
2026-08-24,7.29,0.63,0.59
2026-08-25,6.79,0.63,0.6
2026-08-26,11.39,0.66,0.6
2026-08-27,4.11,0.64,0.6
2026-08-28,6.23,0.64,0.6
2026-08-29,19.4,0.7,0.62
2026-08-30,1.16,0.64,0.62
